experiment,workload,seed,method,budget,search_cost_units,search_cost_modeled_s,search_evaluations,unique_candidates,fidelity_counts,search_wall_s,peak_rss_mb,cfg_p,cfg_opt_iters,cfg_warm_start,cfg_shots,cfg_mitigation,cfg_compile_level,cfg_placement,quality_loss,delay_s,deadline_miss,infeasible,energy_j,money,cost_scalar,realized_fail,utility,utility_p10,utility_cvar10,utility_min,service_violation,cfg_n_qubits,cfg_layers,cfg_reupload,cfg_train_iters,cfg_lr
clearaccept_confirmatory,qaoa,100,sequential,30.0,42.00000000000002,94.77194192267736,84,40,"{""1"": 60, ""2"": 24}",4.99508300004527,168.5,3.0,20.0,1.0,2048,0,2,qpu_B,0.004361618741778248,1.5217145418112028,0.4,0.075,7.048,0.002048,1.6664025418112032,0.0,-1.430539684827449,-2.4614541758140462,-5.115257824792176,-7.214012628494109,0.45,,,,,
clearaccept_confirmatory,qaoa,100,capo_joint_only,30.0,30.0,112.70593753449319,30,10,"{""2"": 30}",0.1844977909931913,168.5,3.0,20.0,1.0,2048,1,2,remote_sim,0.0014354208131869234,0.258613774593224,0.025,0.05,1.268432,5.073728000000001e-08,0.266226903457224,0.0,-0.3270574341528774,-0.04061274559414343,-3.0420419245299306,-5.065001309558729,0.075,,,,,
clearaccept_confirmatory,qaoa,100,random,30.0,42.0,212.43385516806555,42,10,"{""2"": 42}",0.24982108396943659,168.5,3.0,20.0,1.0,2048,1,2,local_sim,0.0014354208131869234,0.4949120000000001,0.1,0.05,3.9592960000000006,0.0,0.518667776,0.0,-0.5096642209974608,-2.043500051701024,-3.571951714121619,-5.0996977738783285,0.15,,,,,
clearaccept_confirmatory,qaoa,100,capo_mf_no_rescore,30.0,32.16,52.94642569488501,54,21,"{""0"": 18, ""1"": 6, ""2"": 30}",0.32869175006635487,176.03125,1.0,20.0,1.0,512,1,0,classical,0.023639989815488822,0.00502038536069449,0.0,0.5,0.04016308288555592,0.0,0.005261363858007826,0.0,-2.524230433631991,-5.07362438741783,-5.078193753280582,-5.091733073960543,0.5,,,,,
clearaccept_confirmatory,qaoa,100,joint_mf,30.0,44.16,116.21250900894397,66,23,"{""0"": 18, ""1"": 6, ""2"": 42}",0.24568187491968274,176.03125,3.0,40.0,1.0,512,1,1,remote_sim,0.044618711309081696,0.108613774593224,0.0,0.475,1.268432,5.073728000000001e-08,0.11622690345722397,0.0,-2.4347924962210086,-5.098061703254262,-5.277587313791523,-5.345729088941684,0.475,,,,,
clearaccept_confirmatory,qaoa,100,capo_chance,30.0,42.49999999999994,14.269357246198968,214,34,"{""0"": 175, ""2"": 39}",0.07175741600804031,176.03125,3.0,80.0,1.0,2048,1,0,local_sim,0.0014354208131869234,0.304912,0.025,0.05,2.439296,0.0,0.319547776,0.0,-0.3373097983222942,-0.05074763801625849,-3.05079006708159,-5.072444488553318,0.075,,,,,
clearaccept_confirmatory,qaoa,100,device_aware_sequential,30.0,42.0,291.0851030433775,42,19,"{""2"": 42}",0.2200927089434117,176.03125,2.0,20.0,0.0,128,0,1,classical,0.023639989815488822,0.004955891432473436,0.0,0.5,0.03964713145978749,0.0,0.005193774221232161,0.0,-2.524223571835074,-5.073610075947828,-5.078194436643615,-5.091710913115201,0.5,,,,,
clearaccept_confirmatory,qaoa,100,fixed_design_scheduler,30.0,42.0,244.16462998905044,42,9,"{""2"": 42}",0.2003022920107469,176.03125,1.0,40.0,0.0,128,1,2,classical,0.023639989815488822,0.0050227133760927245,0.0,0.5,0.040181707008741796,0.0,0.005263803618145176,0.0,-2.5242318344979444,-5.073643789905354,-5.078210288845504,-5.091721580622149,0.5,,,,,
clearaccept_confirmatory,qaoa,100,classical_only,30.0,0.0,0.0,0,0,{},6.124959327280521e-06,176.03125,1.0,40.0,0.0,512,0,1,classical,0.023639989815488822,0.004979676567018032,0.0,0.5,0.03983741253614426,0.0,0.005218701042234898,0.0,-2.5242268045680825,-5.073630388464602,-5.078195701036799,-5.0917470109084615,0.5,,,,,
clearaccept_confirmatory,qaoa,101,sequential,30.0,42.00000000000002,94.19560690907086,84,42,"{""1"": 60, ""2"": 24}",0.4147830419242382,176.03125,3.0,20.0,1.0,2048,0,1,qpu_B,0.0,0.5948771352646515,0.225,0.0,7.048,0.002048,0.7395651352646514,0.0,-0.6316960047536687,-2.1815183918058323,-2.1967382191789557,-2.211115263462727,0.225,,,,,
clearaccept_confirmatory,qaoa,101,capo_joint_only,30.0,30.0,317.9270811294461,30,10,"{""2"": 30}",0.14449887489899993,176.03125,3.0,80.0,1.0,128,0,0,classical,0.041964086260090995,0.004783729193150066,0.0,0.0,0.03826983354520053,0.0,0.005013348194421269,0.0,-0.04250236679679109,-0.18317452995587644,-0.27693667718973647,-0.42099343507539483,0.0,,,,,
clearaccept_confirmatory,qaoa,101,random,30.0,42.0,110.18050661462456,42,10,"{""2"": 42}",0.08370583294890821,176.03125,1.0,80.0,1.0,2048,0,0,classical,0.041964086260090995,0.0047885516250971705,0.0,0.0,0.038308413000777364,0.0,0.005018402103101835,0.0,-0.042502593740245495,-0.18317314403008095,-0.27692837386125807,-0.42102189579587834,0.0,,,,,
clearaccept_confirmatory,qaoa,101,capo_mf_no_rescore,30.0,32.16,165.281598730465,54,25,"{""0"": 18, ""1"": 6, ""2"": 30}",0.08335574995726347,176.03125,1.0,80.0,1.0,2048,1,0,local_sim,0.0,0.108304,0.025,0.0,0.866432,0.0,0.11350259199999999,0.0,-0.06219766816013681,-0.0174654350451699,-0.5176507418074805,-2.0173047809132183,0.025,,,,,
clearaccept_confirmatory,qaoa,101,joint_mf,30.0,44.16,734.7561566347606,66,24,"{""0"": 18, ""1"": 6, ""2"": 42}",0.3307770830579102,176.03125,2.0,80.0,1.0,128,0,1,classical,0.041964086260090995,0.004816578366444446,0.0,0.0,0.03853262693155557,0.0,0.00504777412803378,0.0,-0.0425070673882657,-0.1831694006447126,-0.27694293247987795,-0.42103883964162675,0.0,,,,,
clearaccept_confirmatory,qaoa,101,capo_chance,30.0,43.79999999999997,5.257514599659464,132,18,"{""0"": 90, ""2"": 42}",0.07156283303629607,176.03125,2.0,80.0,0.0,512,1,2,classical,0.041964086260090995,0.004821500071557239,0.0,0.0,0.03857200057245791,0.0,0.005052932074991986,0.0,-0.04250734274378996,-0.1831748728789681,-0.2769492337418389,-0.4210500570433932,0.0,,,,,
clearaccept_confirmatory,qaoa,101,device_aware_sequential,30.0,42.0,167.30849154945136,42,20,"{""2"": 42}",0.12017029197886586,176.03125,3.0,40.0,1.0,2048,1,0,classical,0.041964086260090995,0.004780182061949745,0.0,0.0,0.03824145649559796,0.0,0.005009630800923333,0.0,-0.04250301738349088,-0.18317106198542604,-0.2769419236106548,-0.4210116771643634,0.0,,,,,
clearaccept_confirmatory,qaoa,101,fixed_design_scheduler,30.0,42.0,116.16813283796606,42,10,"{""2"": 42}",0.1567611249629408,176.03125,1.0,40.0,0.0,128,0,0,classical,0.041964086260090995,0.004795162036316469,0.0,0.0,0.038361296290531754,0.0,0.00502532981405966,0.0,-0.04250414455089131,-0.18319897268678048,-0.276937677840032,-0.4210205976456623,0.0,,,,,
clearaccept_confirmatory,qaoa,101,classical_only,30.0,0.0,0.0,0,0,{},6.00004568696022e-06,176.03125,1.0,40.0,0.0,512,0,1,classical,0.041964086260090995,0.004780744595336728,0.0,0.0,0.03824595676269382,0.0,0.0050102203359128905,0.0,-0.04250198600998632,-0.18318644312407115,-0.27693146175398203,-0.42103048397378695,0.0,,,,,
clearaccept_confirmatory,qaoa,102,sequential,30.0,42.00000000000002,179.83061802180703,84,38,"{""1"": 60, ""2"": 24}",0.6994040829595178,176.03125,2.0,20.0,0.0,128,1,1,classical,0.023323747159642645,0.005082969146315008,0.0,0.075,0.04066375317052007,0.0,0.005326951665338129,0.0,-0.3988997194234335,-0.12251573155998735,-3.8440829439327,-5.213473001844969,0.075,,,,,
clearaccept_confirmatory,qaoa,102,capo_joint_only,30.0,30.0,223.40847400447382,30,10,"{""2"": 30}",0.3969299580203369,176.03125,3.0,40.0,1.0,512,1,0,classical,0.023323747159642645,0.004872047196840867,0.0,0.075,0.03897637757472694,0.0,0.005105905462289229,0.0,-0.3988752093533024,-0.12249440936247934,-3.8440768500952966,-5.213465961666105,0.075,,,,,
clearaccept_confirmatory,qaoa,102,random,30.0,42.0,290.83694988359474,42,10,"{""2"": 42}",0.28060175001155585,176.03125,2.0,40.0,1.0,512,1,0,qpu_B,0.013477022708876107,0.623303748797907,0.175,0.025,6.536,0.001536,0.739319748797907,0.0,-0.6443793970835154,-2.166915910149566,-3.0064145073044433,-5.45456595642606,0.2,,,,,
clearaccept_confirmatory,qaoa,102,capo_mf_no_rescore,30.0,32.16,492.6673984280155,54,23,"{""0"": 18, ""1"": 6, ""2"": 30}",0.2959884579759091,176.03125,3.0,80.0,0.0,512,0,2,classical,0.023323747159642645,0.005130531848408282,0.0,0.075,0.041044254787266254,0.0,0.0053767973771318795,0.0,-0.39890377179871667,-0.1224860286207356,-3.844077095311724,-5.213450154434935,0.075,,,,,
clearaccept_confirmatory,qaoa,102,joint_mf,30.0,44.16,99.09877576281515,66,26,"{""0"": 18, ""1"": 6, ""2"": 42}",0.20401054108515382,176.03125,1.0,40.0,1.0,512,0,1,local_sim,0.004765778643154204,0.148304,0.0,0.025,1.186432,0.0,0.155422592,0.0,-0.14657879879030225,-0.026948685870782,-1.3109264416784403,-5.041994885997446,0.025,,,,,
clearaccept_confirmatory,qaoa,102,capo_chance,30.0,44.99999999999994,6.660800726376085,192,29,"{""0"": 150, ""2"": 42}",0.0508688329719007,176.03125,2.0,20.0,1.0,2048,1,1,remote_sim,0.0,0.07659460480990403,0.0,0.0,1.262288,5.049152000000001e-08,0.08417085738590405,0.0,-0.012640190552236835,-0.015694677232960842,-0.017444171739375597,-0.01865074757651582,0.0,,,,,
clearaccept_confirmatory,qaoa,102,device_aware_sequential,30.0,42.0,220.69892135109205,42,21,"{""2"": 42}",0.22711504099424928,176.03125,1.0,80.0,0.0,512,0,1,classical,0.023323747159642645,0.004884895824943669,0.0,0.075,0.03907916659954935,0.0,0.005119370824540966,0.0,-0.3988767025002221,-0.12249083135729365,-3.8440681885212777,-5.2134591253057705,0.075,,,,,
clearaccept_confirmatory,qaoa,102,fixed_design_scheduler,30.0,42.0,191.4443988673897,42,10,"{""2"": 42}",0.17589091695845127,176.03125,1.0,40.0,0.0,2048,1,1,classical,0.023323747159642645,0.004905192734440789,0.0,0.075,0.03924154187552631,0.0,0.005140641985693946,0.0,-0.39888004619642076,-0.12246057766419781,-3.8440605114544906,-5.213429827407284,0.075,,,,,
clearaccept_confirmatory,qaoa,102,classical_only,30.0,0.0,0.0,0,0,{},4.916917532682419e-06,176.03125,1.0,40.0,0.0,512,0,1,classical,0.023323747159642645,0.00490776046353858,0.0,0.075,0.03926208370830864,0.0,0.005143332965788431,0.0,-0.398879239691641,-0.12248889463855533,-3.844069898312102,-5.213455900061545,0.075,,,,,
clearaccept_confirmatory,qaoa,103,sequential,30.0,42.00000000000002,63.40219358653722,84,40,"{""1"": 60, ""2"": 24}",0.5596508339513093,176.03125,1.0,20.0,1.0,2048,1,0,remote_sim,0.0,0.04712753941874047,0.0,0.0,1.2561440000000001,5.024576000000001e-08,0.05466691570674047,0.0,-0.010594294112550553,-0.012403444971733646,-0.013154309727593821,-0.013946424676641464,0.0,,,,,
clearaccept_confirmatory,qaoa,103,capo_joint_only,30.0,30.0,153.62310445320193,30,10,"{""2"": 30}",0.2151517920428887,176.03125,1.0,40.0,0.0,512,1,0,classical,0.04434033708672068,0.0048365671100327745,0.0,0.0,0.038692536880262196,0.0,0.005068722331314348,0.0,-0.044887823027999575,-0.08574288688642653,-0.28757391649942454,-0.4053328849041188,0.0,,,,,
clearaccept_confirmatory,qaoa,103,random,30.0,42.0,57.83605536428252,42,10,"{""2"": 42}",0.17931316699832678,176.03125,1.0,40.0,1.0,2048,1,2,classical,0.04434033708672068,0.004849895718507469,0.0,0.0,0.03879916574805975,0.0,0.005082690712995827,0.0,-0.04488807559695447,-0.08575866812536449,-0.2875602028614225,-0.4053222723712515,0.0,,,,,
clearaccept_confirmatory,qaoa,103,capo_mf_no_rescore,30.0,32.16,192.5873373955758,54,26,"{""0"": 18, ""1"": 6, ""2"": 30}",0.2834552089916542,176.03125,1.0,40.0,0.0,512,1,2,classical,0.04434033708672068,0.004833218714338727,0.0,0.0,0.03866574971470982,0.0,0.005065213212626986,0.0,-0.044886983456277854,-0.08575342524848996,-0.28755578695803136,-0.40532766200957965,0.0,,,,,
clearaccept_confirmatory,qaoa,103,joint_mf,30.0,44.16,629.5746677887034,66,24,"{""0"": 18, ""1"": 6, ""2"": 42}",0.27016587497200817,176.03125,2.0,80.0,1.0,2048,1,1,remote_sim,0.0,0.08715211541874049,0.0,0.0,1.262288,5.049152000000001e-08,0.09472836799474046,0.0,-0.013240723371995522,-0.016590769979187056,-0.01749488952625217,-0.01844157644787249,0.0,,,,,
clearaccept_confirmatory,qaoa,103,capo_chance,30.0,44.099999999999966,10.851240028287972,147,21,"{""0"": 105, ""2"": 42}",0.06061179202515632,176.03125,2.0,80.0,0.0,128,0,0,classical,0.04434033708672068,0.004875344282481819,0.0,0.0,0.039002754259854555,0.0,0.005109360808040947,0.0,-0.04489194584082077,-0.08576253333715322,-0.2875774083269024,-0.405335694141615,0.0,,,,,
clearaccept_confirmatory,qaoa,103,device_aware_sequential,30.0,42.0,432.2579597659746,42,19,"{""2"": 42}",0.40653195802588016,176.03125,2.0,20.0,0.0,128,1,1,qpu_A,0.3193877655900606,4.506884309916132,0.85,0.375,107.68000000000002,0.02304,6.304964309916132,0.075,-5.991156283141189,-9.483232233177135,-11.135811393793505,-11.909465360681176,0.925,,,,,
clearaccept_confirmatory,qaoa,103,fixed_design_scheduler,30.0,42.0,229.5952224782137,42,8,"{""2"": 42}",0.2615492499899119,176.03125,1.0,40.0,0.0,2048,1,1,classical,0.04434033708672068,0.004805062999366783,0.0,0.0,0.03844050399493426,0.0,0.0050357060233363875,0.0,-0.0448832816540455,-0.08574693753913756,-0.2875565062414975,-0.40531707046503446,0.0,,,,,
clearaccept_confirmatory,qaoa,103,classical_only,30.0,0.0,0.0,0,0,{},4.292000085115433e-06,176.03125,1.0,40.0,0.0,512,0,1,classical,0.04434033708672068,0.004814312836970203,0.0,0.0,0.03851450269576162,0.0,0.005045399853144772,0.0,-0.044884269925988776,-0.08574288229490296,-0.2875578838441478,-0.4053205039452302,0.0,,,,,
clearaccept_confirmatory,qaoa,104,sequential,30.0,42.00000000000002,125.41765900798661,84,39,"{""1"": 60, ""2"": 24}",0.5323732080869377,176.03125,2.0,20.0,0.0,128,0,2,classical,0.15790907738553153,0.004774780856678262,0.0,0.0,0.0381982468534261,0.0,0.005003970337798818,0.0,-0.15844542213763552,-0.5040539474350503,-0.5532269210527814,-0.6349497208535902,0.0,,,,,
clearaccept_confirmatory,qaoa,104,capo_joint_only,30.0,30.0,403.4076290343561,30,10,"{""2"": 30}",0.31262195808812976,176.03125,3.0,20.0,1.0,2048,1,1,remote_sim,0.0,0.08732893180203945,0.0,0.0,1.268432,5.073728000000001e-08,0.09494206066603944,0.0,-0.013151189393930247,-0.016956667114978938,-0.018341135877080174,-0.01906003921510544,0.0,,,,,
clearaccept_confirmatory,qaoa,104,random,30.0,42.0,244.4928538578848,42,10,"{""2"": 42}",0.20208020799327642,176.03125,1.0,40.0,1.0,512,1,0,remote_sim,0.043896909198337844,0.04727977980203944,0.0,0.0,1.2561440000000001,5.024576000000001e-08,0.05481915609003944,0.0,-0.054389620811287696,-0.21727186746300756,-0.2430777998653639,-0.31779986697705764,0.0,,,,,
clearaccept_confirmatory,qaoa,104,capo_mf_no_rescore,30.0,32.16,77.1439606276825,54,23,"{""0"": 18, ""1"": 6, ""2"": 30}",0.11651845904998481,176.03125,2.0,80.0,1.0,2048,0,1,remote_sim,0.0,0.08730435580203945,0.0,0.0,1.262288,5.049152000000001e-08,0.09488060837803944,0.0,-0.013112726999771557,-0.016917043292568698,-0.01830166398255463,-0.019020330220927816,0.0,,,,,
clearaccept_confirmatory,qaoa,104,joint_mf,30.0,44.16,39.036573397854646,66,25,"{""0"": 18, ""1"": 6, ""2"": 42}",0.14310912496875972,176.03125,2.0,40.0,1.0,2048,0,0,remote_sim,0.0,0.04730435580203944,0.0,0.0,1.262288,5.049152000000001e-08,0.05488060837803945,0.0,-0.010531174007108537,-0.012961963801432884,-0.014077043986551538,-0.014761996090257423,0.0,,,,,
clearaccept_confirmatory,qaoa,104,capo_chance,30.0,44.19999999999997,3.262234078610142,152,22,"{""0"": 110, ""2"": 42}",0.0694777499884367,176.03125,1.0,20.0,1.0,2048,0,0,local_sim,0.0,0.108304,0.0,0.0,0.866432,0.0,0.11350259199999999,0.0,-0.01218840488293439,-0.017469910644131698,-0.017786236219448255,-0.017981847246196545,0.0,,,,,
clearaccept_confirmatory,qaoa,104,device_aware_sequential,30.0,42.0,830.068284076886,42,21,"{""2"": 42}",0.321137374965474,176.03125,1.0,40.0,0.0,2048,0,1,qpu_B,0.0,10.167081708347748,0.975,0.875,281.92,0.08191999999999999,15.954601708347747,0.05,-12.765441305226307,-13.880613958228876,-13.944249368970812,-13.974437015874468,1.0,,,,,
clearaccept_confirmatory,qaoa,104,fixed_design_scheduler,30.0,42.0,681.466980333307,42,10,"{""2"": 42}",0.17572699999436736,176.03125,1.0,40.0,0.0,2048,1,0,classical,0.15790907738553153,0.004829900979530066,0.0,0.0,0.03863920783624053,0.0,0.005061736226547509,0.0,-0.15845248083380664,-0.5040577576128407,-0.5532344240492026,-0.6349446640450964,0.0,,,,,
clearaccept_confirmatory,qaoa,104,classical_only,30.0,0.0,0.0,0,0,{},4.875008016824722e-06,176.03125,1.0,40.0,0.0,512,0,1,classical,0.15790907738553153,0.004822010261705145,0.0,0.0,0.03857608209364116,0.0,0.005053466754266993,0.0,-0.15845112838745715,-0.5040608297851541,-0.5532324863052478,-0.6349378569149489,0.0,,,,,
clearaccept_confirmatory,qaoa,105,sequential,30.0,42.00000000000002,85.5650243081596,84,42,"{""1"": 60, ""2"": 24}",0.3756717500509694,176.03125,2.0,80.0,1.0,512,1,2,remote_sim,0.00217586542019942,0.26258154657489385,0.025,0.0,1.262288,5.049152000000001e-08,0.27015779915089383,0.0,-0.07903843333037278,-0.041691019900857496,-0.5441687024442124,-2.0155394562010445,0.025,,,,,
clearaccept_confirmatory,qaoa,105,capo_joint_only,30.0,30.0,283.2192768189351,30,10,"{""2"": 30}",0.14280983293429017,176.03125,2.0,20.0,0.0,512,1,2,classical,0.022613209622772322,0.004829218669328839,0.0,0.0,0.03863374935463071,0.0,0.005061021165456623,0.0,-0.02319979618217121,-0.0753896846882357,-0.08908708969706479,-0.12925036590789424,0.0,,,,,
clearaccept_confirmatory,qaoa,105,random,30.0,42.0,328.2438298686012,42,10,"{""2"": 42}",0.25117970805149525,176.03125,1.0,40.0,1.0,2048,1,1,local_sim,0.0,0.148304,0.0,0.0,1.186432,0.0,0.155422592,0.0,-0.017995999622682564,-0.023182849165944566,-0.024378980642303,-0.024668937900056743,0.0,,,,,
clearaccept_confirmatory,qaoa,105,capo_mf_no_rescore,30.0,32.16,364.32524190087724,54,26,"{""0"": 18, ""1"": 6, ""2"": 30}",0.21193350001703948,176.03125,2.0,20.0,1.0,128,0,0,qpu_B,0.05328144472826729,0.24558618460661022,0.025,0.0,5.128,0.000128,0.28275418460661017,0.0,-0.1582431926322037,-0.19742645638401932,-0.847537874911409,-2.0466999988350936,0.025,,,,,
clearaccept_confirmatory,qaoa,105,joint_mf,30.0,44.16,292.38202325010275,66,26,"{""0"": 18, ""1"": 6, ""2"": 42}",0.16784829192329198,176.03125,3.0,20.0,1.0,2048,0,0,classical,0.022613209622772322,0.004842056863708422,0.0,0.0,0.03873645490966737,0.0,0.005074475593166426,0.0,-0.023201323988960892,-0.07538846711661605,-0.0891025684953008,-0.12928992548001544,0.0,,,,,
clearaccept_confirmatory,qaoa,105,capo_chance,30.0,43.79999999999997,6.618781532330493,132,18,"{""0"": 90, ""2"": 42}",0.043118540896102786,176.03125,2.0,20.0,1.0,512,0,0,remote_sim,0.00217586542019942,0.07258154657489387,0.0,0.0,1.262288,5.049152000000001e-08,0.08015779915089385,0.0,-0.015102818321271961,-0.019484206582558474,-0.03511922949987792,-0.040164073525948904,0.0,,,,,
clearaccept_confirmatory,qaoa,105,device_aware_sequential,30.0,42.0,567.4629276787778,42,22,"{""2"": 42}",0.4311485410435125,176.03125,2.0,40.0,0.0,512,1,1,classical,0.022613209622772322,0.004812634899280965,0.0,0.0,0.03850107919424772,0.0,0.005043641374446452,0.0,-0.02319745078564306,-0.0753995638361358,-0.08909500969131634,-0.12928428704025455,0.0,,,,,
clearaccept_confirmatory,qaoa,105,fixed_design_scheduler,30.0,42.0,394.8116211210042,42,10,"{""2"": 42}",0.26328745810315013,176.03125,1.0,40.0,0.0,2048,0,2,classical,0.022613209622772322,0.004846593801630661,0.0,0.0,0.03877275041304529,0.0,0.005079230304108932,0.0,-0.023202235619377395,-0.07538326272738319,-0.08909697968873129,-0.12926749526169626,0.0,,,,,
clearaccept_confirmatory,qaoa,105,classical_only,30.0,0.0,0.0,0,0,{},5.166046321392059e-06,176.03125,1.0,40.0,0.0,512,0,1,classical,0.022613209622772322,0.004848082870012149,0.0,0.0,0.038784662960097194,0.0,0.005080790847772732,0.0,-0.023201660151642572,-0.07538572522012181,-0.08909092214560474,-0.12925376725886012,0.0,,,,,
clearaccept_confirmatory,qaoa,106,sequential,30.0,42.00000000000002,190.01804546616546,84,39,"{""1"": 60, ""2"": 24}",0.5338342079194263,176.03125,1.0,80.0,0.0,2048,0,1,classical,0.07768008840982257,0.004867375115281902,0.0,0.0,0.03893900092225522,0.0,0.005101009120815433,0.0,-0.07823041668783773,-0.17297782781914928,-0.2364779806035891,-0.288931473898507,0.0,,,,,
clearaccept_confirmatory,qaoa,106,capo_joint_only,30.0,30.0,299.02428766206185,30,10,"{""2"": 30}",0.4165766249643639,176.03125,1.0,80.0,1.0,2048,1,0,remote_sim,0.0027508381952149876,0.0920989822313365,0.0,0.0,1.2561440000000001,5.024576000000001e-08,0.09963835851933649,0.0,-0.016230942052031495,-0.01725477229454798,-0.047317815876030074,-0.12998844074375063,0.0,,,,,
clearaccept_confirmatory,qaoa,106,random,30.0,42.0,469.1314750213198,42,10,"{""2"": 42}",0.37247541605029255,176.03125,1.0,40.0,0.0,128,1,1,classical,0.07768008840982257,0.004809078527614474,0.0,0.0,0.038472628220915794,0.0,0.0050399142969399695,0.0,-0.07822422367350793,-0.17297711881495523,-0.23648239972395646,-0.28894439374425035,0.0,,,,,
clearaccept_confirmatory,qaoa,106,capo_mf_no_rescore,30.0,32.16,110.30561768992854,54,26,"{""0"": 18, ""1"": 6, ""2"": 30}",0.20132883405312896,176.078125,3.0,40.0,1.0,128,0,2,classical,0.07768008840982257,0.004814437823370099,0.0,0.0,0.03851550258696079,0.0,0.005045530838891863,0.0,-0.07822399458007168,-0.17301992454388304,-0.23646715861659137,-0.2889181680194655,0.0,,,,,
clearaccept_confirmatory,qaoa,106,joint_mf,30.0,44.16,249.74275441560488,66,25,"{""0"": 18, ""1"": 6, ""2"": 42}",0.3426704159937799,176.078125,2.0,80.0,1.0,2048,0,2,remote_sim,0.0,0.2821235582313365,0.05,0.0,1.262288,5.049152000000001e-08,0.2896998108073364,0.0,-0.12586027003289385,-0.03927029817789896,-1.034291080066434,-2.0272243644186108,0.05,,,,,
clearaccept_confirmatory,qaoa,106,capo_chance,30.0,42.09999999999994,5.458166020752948,194,31,"{""0"": 155, ""2"": 39}",0.04696874995715916,176.078125,1.0,20.0,1.0,2048,0,1,remote_sim,0.0027508381952149876,0.13209898223133648,0.0,0.0,1.2561440000000001,5.024576000000001e-08,0.1396383585193365,0.0,-0.018829193319925892,-0.021574203063679423,-0.05162971624992644,-0.13452332307916062,0.0,,,,,
clearaccept_confirmatory,qaoa,106,device_aware_sequential,30.0,42.0,386.1647811675397,42,20,"{""2"": 42}",0.2359336249064654,176.078125,1.0,40.0,0.0,128,1,1,classical,0.07768008840982257,0.004840464040171355,0.0,0.0,0.03872371232137084,0.0,0.0050728063140995806,0.0,-0.07822750773981912,-0.17298320157366998,-0.23648624475338273,-0.2889473111399027,0.0,,,,,
clearaccept_confirmatory,qaoa,106,fixed_design_scheduler,30.0,42.0,212.40519768984805,42,10,"{""2"": 42}",0.26635104103479534,176.078125,1.0,40.0,0.0,512,1,0,classical,0.07768008840982257,0.004905187655822374,0.0,0.0,0.03924150124657899,0.0,0.005140636663301848,0.0,-0.07823433172173175,-0.17301768250977184,-0.23648741973735413,-0.2889375554216292,0.0,,,,,
clearaccept_confirmatory,qaoa,106,classical_only,30.0,0.0,0.0,0,0,{},5.042064003646374e-06,176.078125,1.0,40.0,0.0,512,0,1,classical,0.07768008840982257,0.0048426251305500045,0.0,0.0,0.038741001044400036,0.0,0.005075071136816404,0.0,-0.07822749050970954,-0.17303132954007217,-0.23646484871660942,-0.2889211472598,0.0,,,,,
clearaccept_confirmatory,qaoa,107,sequential,30.0,42.00000000000002,162.20489941074482,84,42,"{""1"": 60, ""2"": 24}",0.5013160409871489,176.078125,2.0,20.0,0.0,512,1,0,classical,0.01110618036497837,0.004835104613448493,0.0,0.0,0.038680836907587945,0.0,0.005067189634894021,0.0,-0.011604744629615473,-0.04237728099216798,-0.044808251161850554,-0.044967783750911004,0.0,,,,,
clearaccept_confirmatory,qaoa,107,capo_joint_only,30.0,30.0,167.8329081214094,30,10,"{""2"": 30}",0.18072587507776916,176.078125,2.0,40.0,1.0,2048,0,0,remote_sim,0.0,0.0416188808082211,0.0,0.0,1.262288,5.049152000000001e-08,0.0491951333842211,0.0,-0.009863979433888486,-0.011554278096718447,-0.013100440724331142,-0.01420979572885657,0.0,,,,,
clearaccept_confirmatory,qaoa,107,random,30.0,42.0,212.2902404595275,42,10,"{""2"": 42}",0.13844833301845938,176.078125,2.0,80.0,1.0,128,1,0,classical,0.01110618036497837,0.0048343076632590964,0.0,0.0,0.03867446130607277,0.0,0.005066354431095534,0.0,-0.011604329954395292,-0.04237655644029435,-0.04482076906914825,-0.044944757358417145,0.0,,,,,
clearaccept_confirmatory,qaoa,107,capo_mf_no_rescore,30.0,32.16,114.49222781844269,54,23,"{""0"": 18, ""1"": 6, ""2"": 30}",0.21515704202465713,176.078125,3.0,40.0,1.0,512,1,0,remote_sim,0.004718885099817078,0.06676444118404719,0.0,0.0,1.268432,5.073728000000001e-08,0.0743775700480472,0.025,-0.0173090153728323,-0.016253575639837495,-0.07526799348778171,-0.16002275823347445,0.025,,,,,
clearaccept_confirmatory,qaoa,107,joint_mf,30.0,44.16,84.19743109950197,66,25,"{""0"": 18, ""1"": 6, ""2"": 42}",0.17121195897925645,176.078125,1.0,20.0,1.0,2048,0,1,remote_sim,0.00011649920150155024,0.0815943048082211,0.0,0.0,1.2561440000000001,5.024576000000001e-08,0.0891336810962211,0.0,-0.012143366667001927,-0.015840170416784934,-0.017173158409180857,-0.018466163607375574,0.0,,,,,
clearaccept_confirmatory,qaoa,107,capo_chance,30.0,44.799999999999955,4.8635157134603455,182,28,"{""0"": 140, ""2"": 42}",0.06050287501420826,176.078125,2.0,80.0,0.0,512,1,0,classical,0.01110618036497837,0.0048901874833973125,0.0,0.0,0.0391214998671785,0.0,0.0051249164826003835,0.0,-0.011610158754467758,-0.0424004405610796,-0.044841176310357445,-0.04499172402691888,0.0,,,,,
clearaccept_confirmatory,qaoa,107,device_aware_sequential,30.0,42.0,1460.2395676475442,42,21,"{""2"": 42}",0.7635311670601368,176.078125,2.0,80.0,0.0,128,1,0,qpu_B,0.04253568791137648,6.280912820339495,0.95,1.0,430.7200000000001,0.030720000000000004,10.401232820339494,0.1,-11.404962416389367,-11.801131095842674,-11.87545026667923,-11.943114276264474,1.0,,,,,
clearaccept_confirmatory,qaoa,107,fixed_design_scheduler,30.0,42.0,136.46306887292013,42,9,"{""2"": 42}",0.21987612498924136,176.078125,1.0,40.0,0.0,128,0,2,classical,0.01110618036497837,0.004843791655730456,0.0,0.0,0.03875033324584365,0.0,0.005076293655205518,0.0,-0.011605328652870145,-0.042392279869350374,-0.04482682595558034,-0.04495959079669622,0.0,,,,,
clearaccept_confirmatory,qaoa,107,classical_only,30.0,0.0,0.0,0,0,{},5.041016265749931e-06,176.078125,1.0,40.0,0.0,512,0,1,classical,0.01110618036497837,0.004818291839910671,0.0,0.0,0.03854633471928537,0.0,0.0050495698482263835,0.0,-0.011602661906627915,-0.04237439255636088,-0.04481968892037378,-0.04494947808289553,0.0,,,,,
clearaccept_confirmatory,qaoa,108,sequential,30.0,42.00000000000002,95.4395823171675,84,38,"{""1"": 60, ""2"": 24}",0.45499787491280586,176.140625,3.0,20.0,1.0,2048,1,1,remote_sim,0.0,0.10592831545697327,0.0,0.0,1.268432,5.073728000000001e-08,0.11354144432097328,0.0,-0.013771964067476144,-0.018856651542430124,-0.019909583086846837,-0.021363881380038925,0.0,,,,,
clearaccept_confirmatory,qaoa,108,capo_joint_only,30.0,30.0,33.587622122229895,30,10,"{""2"": 30}",0.10540487500838935,176.15625,3.0,20.0,1.0,128,1,0,classical,0.0801025644859711,0.004871677185292356,0.0,0.05,0.038973417482338846,0.0,0.0051055176901863885,0.0,-0.330621924516425,-0.22988134749701114,-2.8521092721837418,-5.5410771878920135,0.05,,,,,
clearaccept_confirmatory,qaoa,108,random,30.0,42.0,209.75000037984265,42,10,"{""2"": 42}",0.2628205419750884,176.15625,1.0,20.0,0.0,512,0,2,classical,0.0801025644859711,0.004929452741635032,0.0,0.05,0.039435621933080256,0.0,0.0051660664732335135,0.0,-0.3306306399724863,-0.22988195695662686,-2.852116898600523,-5.541094091218349,0.05,,,,,
clearaccept_confirmatory,qaoa,108,capo_mf_no_rescore,30.0,32.16,311.3081396344358,54,25,"{""0"": 18, ""1"": 6, ""2"": 30}",0.17836504196748137,176.15625,2.0,40.0,1.0,512,0,1,remote_sim,0.002801414856758619,0.10590373945697329,0.0,0.0,1.262288,5.049152000000001e-08,0.11347999203297329,0.0,-0.016535058973757507,-0.01892831507805604,-0.04739942303045373,-0.12899655944267388,0.0,,,,,
clearaccept_confirmatory,qaoa,108,joint_mf,30.0,44.16,42.12892557731624,66,23,"{""0"": 18, ""1"": 6, ""2"": 42}",0.12017766595818102,176.15625,2.0,40.0,1.0,2048,1,1,classical,0.0801025644859711,0.0049095098074758425,0.0,0.05,0.03927607845980674,0.0,0.005145166278234683,0.0,-0.33062701366988045,-0.22987843368394695,-2.852114509986414,-5.541090877226674,0.05,,,,,
clearaccept_confirmatory,qaoa,108,capo_chance,30.0,42.79999999999993,6.294933285046402,229,38,"{""0"": 190, ""2"": 39}",0.056952415965497494,176.15625,2.0,40.0,1.0,512,0,0,local_sim,0.002801414856758619,0.20660800000000004,0.0,0.0,1.6528640000000003,0.0,0.21652518400000004,0.0,-0.02485532644062068,-0.03099203389538251,-0.060270380270305575,-0.1405136486489802,0.0,,,,,
clearaccept_confirmatory,qaoa,108,device_aware_sequential,30.0,42.0,284.7962292397084,42,19,"{""2"": 42}",0.3414351249812171,176.15625,1.0,80.0,0.0,512,1,2,classical,0.0801025644859711,0.004872796169365756,0.0,0.05,0.03898236935492605,0.0,0.005106690385495312,0.0,-0.3306233518105801,-0.2298721378572363,-2.8521161746603734,-5.541073141114396,0.05,,,,,
clearaccept_confirmatory,qaoa,108,fixed_design_scheduler,30.0,42.0,153.6452479742974,42,9,"{""2"": 42}",0.22113391698803753,176.15625,1.0,40.0,0.0,128,0,0,classical,0.0801025644859711,0.004945307606249116,0.0,0.05,0.03956246084999293,0.0,0.005182682371349073,0.0,-0.33063115349634536,-0.2298922293011331,-2.852119392801137,-5.541093258432406,0.05,,,,,
clearaccept_confirmatory,qaoa,108,classical_only,30.0,0.0,0.0,0,0,{},4.417030140757561e-06,176.15625,1.0,40.0,0.0,512,0,1,classical,0.0801025644859711,0.004893098957836628,0.0,0.05,0.039144791662693024,0.0,0.0051279677078127864,0.0,-0.33062527264897945,-0.22988605364713133,-2.8521126282978577,-5.541086056280735,0.05,,,,,
clearaccept_confirmatory,qaoa,109,sequential,30.0,42.00000000000002,126.09238644326149,84,39,"{""1"": 60, ""2"": 24}",0.556851499946788,176.15625,1.0,40.0,0.0,2048,0,1,classical,0.0670304754899911,0.004836942534893751,0.0,0.0,0.03869554027915001,0.0,0.005069115776568651,0.0,-0.0675262665969668,-0.19767310122193785,-0.277540595028863,-0.43249129577652395,0.0,,,,,
clearaccept_confirmatory,qaoa,109,capo_joint_only,30.0,30.0,46.21819023682368,30,10,"{""2"": 30}",0.059767582919448614,176.15625,2.0,40.0,1.0,128,1,1,remote_sim,0.03814954818998647,0.08706270429356613,0.0,0.025,1.262288,5.049152000000001e-08,0.09463895686956614,0.0,-0.1754839619067844,-0.16195656820458573,-1.5554156267191566,-5.499414763175198,0.025,,,,,
clearaccept_confirmatory,qaoa,109,random,30.0,42.0,129.96041073586534,42,10,"{""2"": 42}",0.17133587505668402,176.15625,1.0,80.0,1.0,512,0,0,remote_sim,0.0008167850630339743,0.04703812829356613,0.0,0.0,1.2561440000000001,5.024576000000001e-08,0.05457750458156614,0.0,-0.010930614693920546,-0.014399589312240993,-0.01651671293766139,-0.019749532661258867,0.0,,,,,
clearaccept_confirmatory,qaoa,109,capo_mf_no_rescore,30.0,32.16,395.82806402833546,54,22,"{""0"": 18, ""1"": 6, ""2"": 30}",0.26938412501476705,176.171875,3.0,80.0,1.0,128,1,1,classical,0.0670304754899911,0.004840062581934035,0.0,0.0,0.03872050065547228,0.0,0.0050723855858668685,0.0,-0.0675264614200961,-0.19769938545015084,-0.27755413190125294,-0.4324622290778118,0.0,,,,,
clearaccept_confirmatory,qaoa,109,joint_mf,30.0,44.16,32.92487070930193,66,24,"{""0"": 18, ""1"": 6, ""2"": 42}",0.16354970796965063,176.171875,1.0,40.0,1.0,512,1,2,remote_sim,0.0008167850630339743,0.23703812829356616,0.0,0.0,1.2561440000000001,5.024576000000001e-08,0.24457750458156619,0.0,-0.02129685771428767,-0.03279259429124484,-0.03636633495320658,-0.03815245475848804,0.0,,,,,
clearaccept_confirmatory,qaoa,109,capo_chance,30.0,43.59999999999998,3.316641061483041,122,16,"{""0"": 80, ""2"": 42}",0.06930674996692687,176.171875,2.0,20.0,0.0,2048,1,1,classical,0.0670304754899911,0.00484552099078428,0.0,0.0,0.03876416792627424,0.0,0.005078105998341925,0.0,-0.06752743424828485,-0.19766389012738272,-0.2775642008813468,-0.4324770469836875,0.0,,,,,
clearaccept_confirmatory,qaoa,109,device_aware_sequential,30.0,42.0,309.08810889204017,42,19,"{""2"": 42}",0.5558254580246285,176.171875,3.0,40.0,0.0,128,0,1,remote_sim,0.012076887389598523,1.6339880347486055,0.575,0.025,50.737280000000005,2.0294912e-06,1.9385131893086054,0.1,-1.6829448358091894,-2.492732585774141,-3.805217658114548,-7.385204935590965,0.575,,,,,
clearaccept_confirmatory,qaoa,109,fixed_design_scheduler,30.0,42.0,155.90854873314262,42,9,"{""2"": 42}",0.15661604097113013,176.171875,1.0,40.0,0.0,128,1,1,classical,0.0670304754899911,0.004822275528567843,0.0,0.0,0.038578204228542745,0.0,0.005053744753939099,0.0,-0.06752562453471388,-0.19767184269883833,-0.2775567279008528,-0.4324605184653875,0.0,,,,,
clearaccept_confirmatory,qaoa,109,classical_only,30.0,0.0,0.0,0,0,{},4.124944098293781e-06,176.171875,1.0,40.0,0.0,512,0,1,classical,0.0670304754899911,0.004839650689973496,0.0,0.0,0.03871720551978797,0.0,0.005071953923092223,0.0,-0.06752758009394655,-0.19765954780561876,-0.2775623324483046,-0.432477585840756,0.0,,,,,
clearaccept_confirmatory,qaoa,110,sequential,30.0,42.00000000000002,185.476539398336,84,42,"{""1"": 60, ""2"": 24}",0.772184457979165,176.171875,3.0,20.0,0.0,128,0,2,classical,0.026922662139781776,0.004979593635653146,0.0,0.15,0.039836749085225165,0.0,0.005218614130164496,0.0,-0.7775203436294538,-5.007106487098367,-5.206081982284402,-5.5351828612325535,0.15,,,,,
clearaccept_confirmatory,qaoa,110,capo_joint_only,30.0,30.0,375.1440513600187,30,10,"{""2"": 30}",0.35208495904225856,176.171875,3.0,20.0,1.0,128,0,1,classical,0.026922662139781776,0.004955578202498145,0.0,0.15,0.03964462561998516,0.0,0.005193445956218057,0.0,-0.7775174805651766,-5.007144233875729,-5.206068826050629,-5.535169329068719,0.15,,,,,
clearaccept_confirmatory,qaoa,110,random,30.0,42.0,186.15329881200745,42,10,"{""2"": 42}",0.27084420807659626,176.171875,2.0,40.0,1.0,128,1,1,classical,0.026922662139781776,0.004937114616041072,0.0,0.15,0.039496916928328574,0.0,0.005174096117611043,0.0,-0.7775151071032094,-5.007133540078131,-5.206071040526769,-5.535189800184462,0.15,,,,,
clearaccept_confirmatory,qaoa,110,capo_mf_no_rescore,30.0,32.16,258.130318266206,54,26,"{""0"": 18, ""1"": 6, ""2"": 30}",0.12319154106080532,176.1875,1.0,20.0,1.0,512,0,1,remote_sim,0.0027440968109874444,0.09396839220293395,0.0,0.025,1.2561440000000001,5.024576000000001e-08,0.10150776849093394,0.0,-0.1420049806240839,-0.02309222898646155,-1.2947025367805993,-5.018133272444193,0.025,,,,,
clearaccept_confirmatory,qaoa,110,joint_mf,30.0,44.16,165.7549354019138,66,25,"{""0"": 18, ""1"": 6, ""2"": 42}",0.2698760839411989,176.203125,2.0,20.0,1.0,2048,0,0,remote_sim,0.0,0.053992968202933936,0.0,0.0,1.262288,5.049152000000001e-08,0.06156922077893394,0.0,-0.011415135892824457,-0.013498215525463025,-0.01473691641394271,-0.015774179652775906,0.0,,,,,
clearaccept_confirmatory,qaoa,110,capo_chance,30.0,43.59999999999994,4.932959808917234,269,45,"{""0"": 230, ""2"": 39}",0.07505220896564424,176.203125,3.0,20.0,1.0,512,1,1,remote_sim,0.0019945084099357224,0.09401754420293393,0.0,0.075,1.268432,5.073728000000001e-08,0.10163067306693394,0.0,-0.3913326891453056,-0.049058947379717346,-3.7742444923471488,-5.016810107436733,0.075,,,,,
clearaccept_confirmatory,qaoa,110,device_aware_sequential,30.0,42.0,340.89750267751094,42,22,"{""2"": 42}",0.4193061669357121,176.203125,3.0,40.0,0.0,512,0,2,classical,0.026922662139781776,0.0049889116489794105,0.0,0.15,0.039911293191835284,0.0,0.005228379408130422,0.0,-0.7775212239319493,-5.007120276003738,-5.20607397963013,-5.535174348393796,0.15,,,,,
clearaccept_confirmatory,qaoa,110,fixed_design_scheduler,30.0,42.0,276.81233028859134,42,10,"{""2"": 42}",0.2454928329680115,176.203125,1.0,40.0,0.0,128,1,2,classical,0.026922662139781776,0.00496629677945748,0.0,0.15,0.03973037423565984,0.0,0.005204679024871439,0.0,-0.7775192633821038,-5.007138116599149,-5.206069307453994,-5.535163571196481,0.15,,,,,
clearaccept_confirmatory,qaoa,110,classical_only,30.0,0.0,0.0,0,0,{},4.58303838968277e-06,176.203125,1.0,40.0,0.0,512,0,1,classical,0.026922662139781776,0.005004125239793211,0.0,0.15,0.04003300191834569,0.0,0.005244323251303285,0.0,-0.7775232290097595,-5.007086495621624,-5.206078440321416,-5.5351689353907725,0.15,,,,,
clearaccept_confirmatory,qaoa,111,sequential,30.0,42.00000000000002,89.8663585058862,84,35,"{""1"": 60, ""2"": 24}",0.6085143749369308,176.203125,2.0,20.0,1.0,2048,1,2,remote_sim,0.0,0.23192355727348177,0.075,0.0,1.262288,5.049152000000001e-08,0.23949980984948174,0.0,-0.17187560250616882,-0.03338205530232134,-1.5288527946213937,-2.033830086140073,0.075,,,,,
clearaccept_confirmatory,qaoa,111,capo_joint_only,30.0,30.0,173.54876455839442,30,10,"{""2"": 30}",0.22048483393155038,176.203125,2.0,20.0,1.0,2048,0,1,qpu_B,0.004501134958470379,0.5069998735737102,0.15,0.0,7.048,0.002048,0.6516878735737102,0.0,-0.4804371052192898,-2.164850104833641,-2.187968375884623,-2.2043803869541025,0.15,,,,,
clearaccept_confirmatory,qaoa,111,random,30.0,42.0,55.50964807447878,42,10,"{""2"": 42}",0.22119970805943012,176.203125,2.0,40.0,1.0,2048,1,0,local_sim,0.0,0.20660800000000004,0.025,0.0,1.6528640000000003,0.0,0.21652518400000004,0.0,-0.0726554850310084,-0.032494348012252955,-0.5331213778357556,-2.0331270449063616,0.025,,,,,
clearaccept_confirmatory,qaoa,111,capo_mf_no_rescore,30.0,32.16,75.03697246188096,54,23,"{""0"": 18, ""1"": 6, ""2"": 30}",0.09300316590815783,176.21875,2.0,20.0,1.0,512,1,0,remote_sim,0.013503404875411138,0.04192355727348174,0.0,0.0,1.262288,5.049152000000001e-08,0.04949980984948175,0.0,-0.023664663329599444,-0.012795949371382478,-0.14531913025481866,-0.19126220332415078,0.0,,,,,
clearaccept_confirmatory,qaoa,111,joint_mf,30.0,44.16,506.67781059037105,66,26,"{""0"": 18, ""1"": 6, ""2"": 42}",0.20806916698347777,176.21875,1.0,40.0,0.0,128,1,1,classical,0.16646744597717403,0.005045041645644233,0.0,0.35,0.04036033316515386,0.0,0.005287203644635155,0.0,-1.917020924111449,-5.370184212797176,-5.588152588906284,-5.594151395276575,0.35,,,,,
clearaccept_confirmatory,qaoa,111,capo_chance,30.0,44.69999999999996,6.2059848113422085,177,27,"{""0"": 135, ""2"": 42}",0.06085695803631097,176.21875,1.0,20.0,1.0,2048,1,0,remote_sim,0.0,0.04189898127348174,0.0,0.0,1.2561440000000001,5.024576000000001e-08,0.04943835756148175,0.0,-0.010122866946612406,-0.012371998470947587,-0.012662895541771677,-0.012974100331919876,0.0,,,,,
clearaccept_confirmatory,qaoa,111,device_aware_sequential,30.0,42.0,185.3024345181283,42,20,"{""2"": 42}",0.518544957973063,176.21875,3.0,40.0,0.0,2048,0,2,classical,0.16646744597717403,0.005074416985735297,0.0,0.35,0.04059533588588238,0.0,0.0053179890010505914,0.0,-1.9170244688772122,-5.370156600055457,-5.588148092126759,-5.594137457104553,0.35,,,,,
clearaccept_confirmatory,qaoa,111,fixed_design_scheduler,30.0,42.0,388.19961712751035,42,9,"{""2"": 42}",0.2229253329569474,176.21875,1.0,40.0,0.0,512,1,0,classical,0.16646744597717403,0.005042437886004336,0.0,0.35,0.04033950308803469,0.0,0.005284474904532544,0.0,-1.9170197128872046,-5.370178087414951,-5.588149101071729,-5.594169959345926,0.35,,,,,
clearaccept_confirmatory,qaoa,111,classical_only,30.0,0.0,0.0,0,0,{},4.917033948004246e-06,176.21875,1.0,40.0,0.0,512,0,1,classical,0.16646744597717403,0.005092578227049671,0.0,0.35,0.04074062581639737,0.0,0.005337021981948055,0.0,-1.9170258038433026,-5.3701841482224975,-5.588148372089627,-5.594156610854168,0.35,,,,,
clearaccept_confirmatory,qaoa_channel,100,sequential,30.0,42.00000000000002,95.09001813874899,84,40,"{""1"": 60, ""2"": 24}",5.081930042011663,180.75,3.0,20.0,1.0,512,1,2,qpu_B,0.0,1.470514541811203,0.4,0.0,6.536,0.001536,1.586530541811203,0.0,-1.0189397374489944,-2.3283519961330916,-2.437953707338405,-2.6012754225117267,0.4,,,,,
clearaccept_confirmatory,qaoa_channel,100,capo_joint_only,30.0,30.0,122.44958587808286,30,10,"{""2"": 30}",0.13101366709452122,180.75,3.0,20.0,1.0,512,0,0,classical,0.0,0.005339051742339507,0.0,0.0,0.042712413938716054,0.0,0.005595326225971803,0.0,-0.0006274671223897822,-0.000839755190076533,-0.0008812876550261062,-0.0008935013485646501,0.0,,,,,
clearaccept_confirmatory,qaoa_channel,100,random,30.0,42.0,265.1829091060609,42,10,"{""2"": 42}",0.39694012503605336,180.75,1.0,40.0,1.0,2048,0,2,classical,0.0,0.005441317742224783,0.0,0.0,0.04353054193779826,0.0,0.005702500993851572,0.0,-0.0006360782732210289,-0.0008681735688866948,-0.000879470441353288,-0.0008916894062242088,0.0,,,,,
clearaccept_confirmatory,qaoa_channel,100,capo_mf_no_rescore,30.0,32.16,33.83461502165177,54,26,"{""0"": 18, ""1"": 6, ""2"": 30}",0.08644804207142442,180.75,1.0,20.0,0.0,512,0,1,classical,0.0,0.005319244519341737,0.0,0.0,0.042553956154733896,0.0,0.005574568256270141,0.0,-0.0006279956661359666,-0.0008528563861933207,-0.0008940878449808559,-0.0009132467403868308,0.0,,,,,
clearaccept_confirmatory,qaoa_channel,100,joint_mf,30.0,44.16,115.63772929390939,66,22,"{""0"": 18, ""1"": 6, ""2"": 42}",0.26363333291374147,180.75,3.0,20.0,1.0,128,1,2,classical,0.0,0.00521188038692344,0.0,0.0,0.04169504309538752,0.0,0.005462050645495765,0.0,-0.0006135651003532392,-0.0008320952596321818,-0.0008592228345102311,-0.0008846898256603605,0.0,,,,,
clearaccept_confirmatory,qaoa_channel,100,capo_chance,30.0,44.49999999999997,2.9124358002303894,167,25,"{""0"": 125, ""2"": 42}",0.0779890000121668,180.75,3.0,80.0,1.0,2048,1,2,classical,0.0,0.005258140270598233,0.0,0.0,0.04206512216478586,0.0,0.0055105310035869475,0.0,-0.0006182892663122954,-0.0008371026777912795,-0.0008489357135975795,-0.000858325327237535,0.0,,,,,
clearaccept_confirmatory,qaoa_channel,100,device_aware_sequential,30.0,42.0,371.14321214107764,42,19,"{""2"": 42}",0.312911625020206,180.75,2.0,20.0,0.0,512,1,1,classical,0.0,0.005285724124405533,0.0,0.0,0.042285792995244265,0.0,0.0055394388823769986,0.0,-0.0006222794929324966,-0.0008460444249951975,-0.0008723626414936343,-0.0008961177450484872,0.0,,,,,
clearaccept_confirmatory,qaoa_channel,100,fixed_design_scheduler,30.0,42.0,165.69280544279835,42,9,"{""2"": 42}",0.26881137501914054,180.75,1.0,40.0,0.0,128,1,2,classical,0.0,0.005238535886746831,0.0,0.0,0.04190828709397465,0.0,0.005489985609310679,0.0,-0.0006171703146209669,-0.0008228720409780382,-0.0008814502805064646,-0.000915827951386736,0.0,,,,,
clearaccept_confirmatory,qaoa_channel,100,classical_only,30.0,0.0,0.0,0,0,{},5.29095996171236e-06,180.75,1.0,40.0,0.0,512,0,1,classical,0.0,0.005271234505926259,0.0,0.0,0.04216987604741007,0.0,0.00552425376221072,0.0,-0.000621899240309057,-0.0008362486457438357,-0.0008792995053791654,-0.0009160029041392502,0.0,,,,,
clearaccept_confirmatory,qaoa_channel,101,sequential,30.0,42.00000000000002,94.19560690907086,84,42,"{""1"": 60, ""2"": 24}",0.4294877910288051,180.75,3.0,20.0,1.0,2048,0,1,qpu_B,0.0,0.5948771352646515,0.225,0.0,7.048,0.002048,0.7395651352646514,0.0,-0.6316960047536687,-2.1815183918058323,-2.1967382191789557,-2.211115263462727,0.225,,,,,
clearaccept_confirmatory,qaoa_channel,101,capo_joint_only,30.0,30.0,301.9517934186144,30,10,"{""2"": 30}",0.3023954579839483,180.75,3.0,80.0,1.0,128,0,0,classical,0.009996187238821362,0.005322067474480718,0.0,0.0,0.04257653979584575,0.0,0.005577526713255793,0.0,-0.010595512700557823,-0.01886316199120726,-0.09072978329644667,-0.1184054102989915,0.0,,,,,
clearaccept_confirmatory,qaoa_channel,101,random,30.0,42.0,54.61680455253541,42,9,"{""2"": 42}",0.10957533400505781,180.75,1.0,80.0,1.0,2048,0,0,classical,0.009996187238821362,0.005336015761713497,0.0,0.0,0.04268812609370798,0.0,0.005592144518275745,0.0,-0.010597587876665267,-0.018857461321335388,-0.09071538403940245,-0.11837891070996427,0.0,,,,,
clearaccept_confirmatory,qaoa_channel,101,capo_mf_no_rescore,30.0,32.16,56.46458791973685,54,23,"{""0"": 18, ""1"": 6, ""2"": 30}",0.1131320419954136,180.75,1.0,20.0,1.0,128,1,0,classical,0.009996187238821362,0.0053487131372094154,0.0,0.0,0.042789705097675323,0.0,0.005605451367795468,0.0,-0.010598180042937924,-0.018852060776613798,-0.09072382413373807,-0.1183849569411328,0.0,,,,,
clearaccept_confirmatory,qaoa_channel,101,joint_mf,30.0,44.16,163.08839230275373,66,24,"{""0"": 18, ""1"": 6, ""2"": 42}",0.3332307089585811,180.765625,2.0,20.0,1.0,128,0,2,classical,0.009996187238821362,0.005341823358321562,0.0,0.0,0.0427345868665725,0.0,0.005598230879520998,0.0,-0.010598310628227418,-0.018859240082966043,-0.09071966052687205,-0.11839115619435188,0.0,,,,,
clearaccept_confirmatory,qaoa_channel,101,capo_chance,30.0,43.59999999999997,5.2577002855995465,122,16,"{""0"": 80, ""2"": 42}",0.07605662499554455,180.765625,1.0,20.0,1.0,2048,1,0,classical,0.009996187238821362,0.005294546790537424,0.0,0.0,0.042356374324299395,0.0,0.005548685036483221,0.0,-0.010591660877486756,-0.018867370528487807,-0.09071752469645186,-0.11840231094683364,0.0,,,,,
clearaccept_confirmatory,qaoa_channel,101,device_aware_sequential,30.0,42.0,172.0427184099317,42,20,"{""2"": 42}",0.12737933290190995,180.765625,3.0,40.0,1.0,512,1,0,classical,0.009996187238821362,0.005290156856062822,0.0,0.0,0.042321254848502576,0.0,0.005544084385153837,0.0,-0.01059227468116166,-0.018886324802710287,-0.09072032682493414,-0.11838133369124114,0.0,,,,,
clearaccept_confirmatory,qaoa_channel,101,fixed_design_scheduler,30.0,42.0,353.70831980295793,42,10,"{""2"": 42}",0.161158874980174,180.765625,1.0,40.0,0.0,128,0,2,classical,0.009996187238821362,0.005336833535693586,0.0,0.0,0.04269466828554869,0.0,0.005593001545406878,0.0,-0.010598449614578108,-0.01885750012147304,-0.09072918275095808,-0.11840193952224703,0.0,,,,,
clearaccept_confirmatory,qaoa_channel,101,classical_only,30.0,0.0,0.0,0,0,{},4.458008334040642e-06,180.765625,1.0,40.0,0.0,512,0,1,classical,0.009996187238821362,0.005336442656698637,0.0,0.0,0.042691541253589094,0.0,0.005592591904220171,0.0,-0.010598438692653174,-0.01887891846538226,-0.09071977333056548,-0.11840362069116812,0.0,,,,,
clearaccept_confirmatory,qaoa_channel,102,sequential,30.0,42.00000000000002,139.58571435417966,84,38,"{""1"": 60, ""2"": 24}",0.7282118749571964,180.765625,2.0,20.0,0.0,128,1,1,classical,0.0010582942810910322,0.005350807259674184,0.0,0.0,0.04280645807739347,0.0,0.0056076460081385445,0.0,-0.0016645773654579029,-0.0008508585159704622,-0.011371525798974444,-0.04286582966048422,0.0,,,,,
clearaccept_confirmatory,qaoa_channel,102,capo_joint_only,30.0,30.0,798.2029687110321,30,10,"{""2"": 30}",0.37368091696407646,180.765625,2.0,80.0,0.0,512,1,2,classical,0.0010582942810910322,0.005253203111351468,0.0,0.0,0.04202562489081174,0.0,0.005505356860696338,0.0,-0.0016528105028507892,-0.000853350786678715,-0.011361689815165353,-0.04286642801563042,0.0,,,,,
clearaccept_confirmatory,qaoa_channel,102,random,30.0,42.0,184.2177334963528,42,10,"{""2"": 42}",0.2522615420166403,180.765625,1.0,80.0,1.0,512,1,2,classical,0.0010582942810910322,0.005342984542949125,0.0,0.0,0.042743876343593,0.0,0.005599447801010684,0.0,-0.0016639973522385137,-0.0008680146857485537,-0.011378006911347223,-0.04284357648455556,0.0,,,,,
clearaccept_confirmatory,qaoa_channel,102,capo_mf_no_rescore,30.0,32.16,285.09415561848374,54,25,"{""0"": 18, ""1"": 6, ""2"": 30}",0.3784301249543205,180.765625,1.0,40.0,0.0,128,0,1,classical,0.0010582942810910322,0.005268046515993774,0.0,0.0,0.04214437212795019,0.0,0.005520912748761475,0.0,-0.0016558973049286818,-0.0008329370558644461,-0.011372963418133247,-0.04286479861573934,0.0,,,,,
clearaccept_confirmatory,qaoa_channel,102,joint_mf,30.0,44.16,94.29255268619703,66,26,"{""0"": 18, ""1"": 6, ""2"": 42}",0.20593249995727092,180.8125,3.0,20.0,1.0,128,0,1,remote_sim,0.0010582942810910322,0.07661918080990404,0.0,0.0,1.268432,5.073728000000001e-08,0.08423230967390402,0.0,-0.01373696762058712,-0.016387952064633306,-0.027355636167295985,-0.0558719404526981,0.0,,,,,
clearaccept_confirmatory,qaoa_channel,102,capo_chance,30.0,42.099999999999945,2.419587341342793,194,31,"{""0"": 155, ""2"": 39}",0.07321504200808704,180.8125,3.0,40.0,0.0,512,0,0,classical,0.0010582942810910322,0.005302390374708921,0.0,0.0,0.042419122997671366,0.0,0.005556905112694949,0.0,-0.0016600741648526607,-0.0008676334836611289,-0.011388669415950835,-0.04285227965926817,0.0,,,,,
clearaccept_confirmatory,qaoa_channel,102,device_aware_sequential,30.0,42.0,281.250405532966,42,21,"{""2"": 42}",0.30247662507463247,180.8125,1.0,80.0,0.0,512,0,1,classical,0.0010582942810910322,0.005362301744753495,0.0,0.0,0.04289841395802796,0.0,0.005619692228501663,0.0,-0.0016651463759100153,-0.0008335893624794621,-0.011384296094526921,-0.042852795440943205,0.0,,,,,
clearaccept_confirmatory,qaoa_channel,102,fixed_design_scheduler,30.0,42.0,301.41440478097076,42,10,"{""2"": 42}",0.18146679108031094,180.8125,1.0,40.0,0.0,512,1,1,classical,0.0010582942810910322,0.005348333725123666,0.0,0.0,0.04278666980098933,0.0,0.005605053743929602,0.0,-0.0016642394365923032,-0.0008404315294586105,-0.0113603183550562,-0.04285943652616605,0.0,,,,,
clearaccept_confirmatory,qaoa_channel,102,classical_only,30.0,0.0,0.0,0,0,{},5.915993824601173e-06,180.8125,1.0,40.0,0.0,512,0,1,classical,0.0010582942810910322,0.005315124857588671,0.0,0.0,0.04252099886070937,0.0,0.005570250850752927,0.0,-0.0016607720321199517,-0.0008359347184790341,-0.0113910695840756,-0.042851083813317765,0.0,,,,,
clearaccept_confirmatory,qaoa_channel,103,sequential,30.0,42.00000000000002,64.72718061063611,84,40,"{""1"": 60, ""2"": 24}",0.5963254160014912,180.8125,1.0,20.0,1.0,2048,1,1,classical,0.004782656874227704,0.005315890564816073,0.0,0.0,0.04252712451852858,0.0,0.005571053311927244,0.0,-0.005385716300357104,-0.0008355039603389197,-0.04853272110952606,-0.0645690813812557,0.0,,,,,
clearaccept_confirmatory,qaoa_channel,103,capo_joint_only,30.0,30.0,32.442370030953064,30,10,"{""2"": 30}",0.09758133301511407,180.828125,2.0,20.0,1.0,128,1,2,classical,0.004782656874227704,0.005315719114150852,0.0,0.0,0.042525752913206816,0.0,0.0055708736316300925,0.0,-0.005383615245034038,-0.0008373235235788984,-0.04851933144676059,-0.06455869853826247,0.0,,,,,
clearaccept_confirmatory,qaoa_channel,103,random,30.0,42.0,74.1474208572934,42,10,"{""2"": 42}",0.11145500000566244,180.828125,1.0,40.0,0.0,2048,1,2,classical,0.004782656874227704,0.0052713279583258554,0.0,0.0,0.042170623666606843,0.0,0.005524351700325497,0.0,-0.005379368865403646,-0.0008358732474517357,-0.048514326045287715,-0.06452371475599777,0.0,,,,,
clearaccept_confirmatory,qaoa_channel,103,capo_mf_no_rescore,30.0,32.16,221.4121413750537,54,26,"{""0"": 18, ""1"": 6, ""2"": 30}",0.31153783400077373,180.828125,2.0,40.0,0.0,2048,0,2,classical,0.004782656874227704,0.005280500103253871,0.0,0.0,0.04224400082603097,0.0,0.005533964108210057,0.0,-0.005380776610079616,-0.0008385505160372532,-0.04853078240431208,-0.06458644826186075,0.0,,,,,
clearaccept_confirmatory,qaoa_channel,103,joint_mf,30.0,44.16,656.1921489501045,66,26,"{""0"": 18, ""1"": 6, ""2"": 42}",0.23773470905143768,180.828125,2.0,20.0,1.0,512,1,0,classical,0.004782656874227704,0.005321156160789542,0.0,0.0,0.042569249286316335,0.0,0.005576571656507439,0.0,-0.0053849317899329115,-0.0008215871198062242,-0.048532871995478066,-0.06457089007015299,0.0,,,,,
clearaccept_confirmatory,qaoa_channel,103,capo_chance,30.0,44.99999999999994,7.374090365060977,192,29,"{""0"": 150, ""2"": 42}",0.07210212491918355,180.828125,1.0,80.0,0.0,128,0,1,classical,0.004782656874227704,0.005294129630783573,0.0,0.0,0.04235303704626858,0.0,0.005548247853061185,0.0,-0.005381916853184636,-0.0008344040946342721,-0.04853049838156318,-0.06457927718759239,0.0,,,,,
clearaccept_confirmatory,qaoa_channel,103,device_aware_sequential,30.0,42.0,432.2579597659746,42,19,"{""2"": 42}",0.4303023340180516,180.84375,2.0,20.0,0.0,128,1,1,qpu_A,0.0,4.506912919301613,0.85,0.325,107.68000000000002,0.02304,6.304992919301613,0.075,-5.42177074683949,-9.093166649268966,-9.227608784480951,-9.361445422287387,0.925,,,,,
clearaccept_confirmatory,qaoa_channel,103,fixed_design_scheduler,30.0,42.0,125.67160218138527,42,9,"{""2"": 42}",0.2270047499332577,180.84375,1.0,40.0,0.0,128,1,0,classical,0.004782656874227704,0.005301932658767328,0.0,0.0,0.04241546127013862,0.0,0.005556425426388159,0.0,-0.005382523437592343,-0.0008464303952004063,-0.04853095371447593,-0.06457874735203352,0.0,,,,,
clearaccept_confirmatory,qaoa_channel,103,classical_only,30.0,0.0,0.0,0,0,{},5.958019755780697e-06,180.84375,1.0,40.0,0.0,512,0,1,classical,0.004782656874227704,0.005315249451086856,0.0,0.0,0.04252199560869485,0.0,0.005570381424739025,0.0,-0.005383886929983946,-0.0008508232995302563,-0.04853153957004898,-0.06455074769449601,0.0,,,,,
clearaccept_confirmatory,qaoa_channel,104,sequential,30.0,42.00000000000002,125.21813922136614,84,39,"{""1"": 60, ""2"": 24}",0.5642288329545408,180.84375,2.0,20.0,0.0,128,1,0,classical,0.017368745537487233,0.005301192621118389,0.0,0.0,0.04240954096894711,0.0,0.005555649866932072,0.0,-0.017965407063029452,-0.0008777016265223321,-0.17438471797164487,-0.34799579659872226,0.0,,,,,
clearaccept_confirmatory,qaoa_channel,104,capo_joint_only,30.0,30.0,403.4076290343561,30,10,"{""2"": 30}",0.3335068749729544,180.84375,3.0,20.0,1.0,2048,1,1,remote_sim,0.0,0.08732893180203945,0.0,0.0,1.268432,5.073728000000001e-08,0.09494206066603944,0.0,-0.013151189393930247,-0.016956667114978938,-0.018341135877080174,-0.01906003921510544,0.0,,,,,
clearaccept_confirmatory,qaoa_channel,104,random,30.0,42.0,88.25322330179246,42,10,"{""2"": 42}",0.09004879102576524,180.84375,1.0,40.0,1.0,512,0,0,classical,0.017368745537487233,0.0053397081210277975,0.0,0.0,0.04271766496822238,0.0,0.005596014110837132,0.0,-0.017970122935039152,-0.0008794554830932952,-0.17438868523880635,-0.3480021075346629,0.0,,,,,
clearaccept_confirmatory,qaoa_channel,104,capo_mf_no_rescore,30.0,32.16,513.2576659239262,54,25,"{""0"": 18, ""1"": 6, ""2"": 30}",0.3356119589880109,180.875,3.0,20.0,0.0,2048,1,1,classical,0.017368745537487233,0.005304802078171633,0.0,0.0,0.042438416625373065,0.0,0.0055594325779238715,0.0,-0.017965695397593018,-0.0008830395404894819,-0.17439657766643868,-0.34801605464134727,0.0,,,,,
clearaccept_confirmatory,qaoa_channel,104,joint_mf,30.0,44.16,37.67429513866238,66,25,"{""0"": 18, ""1"": 6, ""2"": 42}",0.15850933408364654,180.90625,1.0,40.0,1.0,512,0,1,classical,0.017368745537487233,0.005313473549904302,0.0,0.0,0.042507788399234414,0.0,0.005568520280299708,0.0,-0.017966801162822444,-0.0008825250361284364,-0.17438776840108033,-0.34797875556238195,0.0,,,,,
clearaccept_confirmatory,qaoa_channel,104,capo_chance,30.0,44.89999999999995,8.358460363762303,187,29,"{""0"": 145, ""2"": 42}",0.05646262504160404,180.90625,3.0,80.0,1.0,2048,1,2,remote_sim,0.0,0.23732893180203946,0.025,0.0,1.268432,5.073728000000001e-08,0.24494206066603944,0.0,-0.07283201311641659,-0.03429854631335972,-0.5316236371848775,-2.019174438590595,0.025,,,,,
clearaccept_confirmatory,qaoa_channel,104,device_aware_sequential,30.0,42.0,830.068284076886,42,21,"{""2"": 42}",0.33685029193293303,180.90625,1.0,40.0,0.0,2048,0,1,qpu_B,0.0,10.16710713524392,0.975,0.875,281.92,0.08191999999999999,15.95462713524392,0.05,-12.765443272437476,-13.88065668636257,-13.944249368970812,-13.974437015874468,1.0,,,,,
clearaccept_confirmatory,qaoa_channel,104,fixed_design_scheduler,30.0,42.0,134.96931227087842,42,8,"{""2"": 42}",0.22930216696113348,180.90625,1.0,40.0,0.0,512,0,0,classical,0.017368745537487233,0.005344046730897389,0.0,0.0,0.042752373847179115,0.0,0.005600560973980464,0.0,-0.017969075497200122,-0.0008565610303363457,-0.17438462436582963,-0.3480152932676429,0.0,,,,,
clearaccept_confirmatory,qaoa_channel,104,classical_only,30.0,0.0,0.0,0,0,{},4.457891918718815e-06,180.90625,1.0,40.0,0.0,512,0,1,classical,0.017368745537487233,0.005314442212693393,0.0,0.0,0.042515537701547146,0.0,0.005569535438902676,0.0,-0.01796701939047146,-0.0008883771453225003,-0.1743972774244333,-0.34803871768636746,0.0,,,,,
clearaccept_confirmatory,qaoa_channel,105,sequential,30.0,42.00000000000002,85.58853944405799,84,42,"{""1"": 60, ""2"": 24}",0.38873554207384586,180.90625,2.0,80.0,1.0,512,0,0,classical,0.0,0.005259010926238261,0.0,0.0,0.04207208740990609,0.0,0.0055114434506976975,0.0,-0.0006388797260253291,-0.0008397973771221869,-0.0008639671746127457,-0.000887863445140436,0.0,,,,,
clearaccept_confirmatory,qaoa_channel,105,capo_joint_only,30.0,30.0,28.177678975293738,30,10,"{""2"": 30}",0.03641841700300574,180.90625,1.0,40.0,0.0,128,1,2,classical,0.0,0.005283010803395882,0.0,0.0,0.04226408642716706,0.0,0.005536595321958884,0.0,-0.0006423340180202262,-0.000840319825458438,-0.0008708056072686051,-0.0008996243082591513,0.0,,,,,
clearaccept_confirmatory,qaoa_channel,105,random,30.0,42.0,156.7054183898582,42,10,"{""2"": 42}",0.10838345799129456,180.90625,3.0,80.0,1.0,2048,1,0,classical,0.0,0.005326005077222362,0.0,0.0,0.0426080406177789,0.0,0.005581653320929036,0.0,-0.000647182178559564,-0.0008444224569953899,-0.0008952939360968091,-0.0009172634637846487,0.0,,,,,
clearaccept_confirmatory,qaoa_channel,105,capo_mf_no_rescore,30.0,32.16,364.14705937261584,54,26,"{""0"": 18, ""1"": 6, ""2"": 30}",0.21960220800247043,180.90625,2.0,40.0,1.0,128,0,1,qpu_B,0.011482992272114339,0.28558618460661017,0.025,0.0,5.128,0.000128,0.32275418460661015,0.0,-0.11937855386217724,-0.10385135427539671,-0.6228336996088106,-2.047837015639082,0.025,,,,,
clearaccept_confirmatory,qaoa_channel,105,joint_mf,30.0,44.16,260.07848115421604,66,26,"{""0"": 18, ""1"": 6, ""2"": 42}",0.22711170895490795,180.921875,1.0,80.0,1.0,512,0,2,classical,0.0,0.005309140964527614,0.0,0.0,0.042473127716220915,0.0,0.00556397973082494,0.0,-0.0006439734929386931,-0.0008394030428455158,-0.000867827753886212,-0.0008837169462183011,0.0,,,,,
clearaccept_confirmatory,qaoa_channel,105,capo_chance,30.0,43.699999999999974,3.9862509487636153,127,17,"{""0"": 85, ""2"": 42}",0.0708505839575082,180.921875,3.0,40.0,1.0,128,0,1,classical,0.0,0.005312172215781175,0.0,0.0,0.0424973777262494,0.0,0.00556715648213867,0.0,-0.00064501607818433,-0.0008379505726933109,-0.0008768081048487852,-0.0008993123451281897,0.0,,,,,
clearaccept_confirmatory,qaoa_channel,105,device_aware_sequential,30.0,42.0,466.51101569172766,42,22,"{""2"": 42}",0.4475812920136377,180.921875,2.0,40.0,0.0,512,1,1,classical,0.0,0.005384832882555202,0.0,0.0,0.04307866306044161,0.0,0.005643304860917851,0.0,-0.0006537752587376857,-0.0008363716293822967,-0.0008928910193557412,-0.0009113721116635512,0.0,,,,,
clearaccept_confirmatory,qaoa_channel,105,fixed_design_scheduler,30.0,42.0,404.95060083986965,42,9,"{""2"": 42}",0.18055320798885077,180.921875,1.0,40.0,0.0,128,0,1,classical,0.0,0.005444317765068263,0.0,0.0,0.0435545421205461,0.0,0.00570564501779154,0.0,-0.0006631498626489198,-0.0008740954411871223,-0.0009904517830159353,-0.0012388668436202211,0.0,,,,,
clearaccept_confirmatory,qaoa_channel,105,classical_only,30.0,0.0,0.0,0,0,{},6.583984941244125e-06,180.921875,1.0,40.0,0.0,512,0,1,classical,0.0,0.005395489381044172,0.0,0.0,0.043163915048353374,0.0,0.005654472871334292,0.0,-0.0006556614467644335,-0.0008580643381655444,-0.0008982781397951467,-0.0009426299072513915,0.0,,,,,
clearaccept_confirmatory,qaoa_channel,106,sequential,30.0,42.00000000000002,357.5538876295318,84,38,"{""1"": 60, ""2"": 24}",0.5594541250029579,180.921875,1.0,80.0,0.0,512,0,2,classical,0.002818196391472709,0.005375150998588651,0.0,0.0,0.04300120798870921,0.0,0.005633158246520906,0.0,-0.003426760690597494,-0.0009033610542047387,-0.028832542291997894,-0.03850514835088428,0.0,,,,,
clearaccept_confirmatory,qaoa_channel,106,capo_joint_only,30.0,30.0,73.64213025967932,30,10,"{""2"": 30}",0.16150450007990003,180.921875,2.0,40.0,1.0,2048,0,2,classical,0.002818196391472709,0.005323083358234726,0.0,0.0,0.04258466686587781,0.0,0.005578591359429993,0.0,-0.0034200184581938096,-0.0008634193592621208,-0.028820731394763464,-0.03846945076244307,0.0,,,,,
clearaccept_confirmatory,qaoa_channel,106,random,30.0,42.0,885.449059311254,42,10,"{""2"": 42}",0.3855382500914857,180.921875,1.0,80.0,0.0,512,0,2,classical,0.002818196391472709,0.005620056952466257,0.0,0.0,0.044960455619730055,0.0,0.005889819686184637,0.0,-0.003453717537424417,-0.0009132655798100634,-0.02890359612014986,-0.03866084542705735,0.0,,,,,
clearaccept_confirmatory,qaoa_channel,106,capo_mf_no_rescore,30.0,32.16,137.48936418276617,54,24,"{""0"": 18, ""1"": 6, ""2"": 30}",0.23765820800326765,180.921875,1.0,80.0,1.0,512,0,2,classical,0.002818196391472709,0.005346369740436785,0.0,0.0,0.04277095792349428,0.0,0.005602995487977751,0.0,-0.0034230365993707804,-0.0009125897320454146,-0.02883251728310645,-0.03847957054690647,0.0,,,,,
clearaccept_confirmatory,qaoa_channel,106,joint_mf,30.0,44.16,119.12721850140323,66,24,"{""0"": 18, ""1"": 6, ""2"": 42}",0.2772571250097826,180.921875,2.0,20.0,1.0,2048,0,0,classical,0.002818196391472709,0.005306937207933515,0.0,0.0,0.04245549766346812,0.0,0.005561670193914324,0.0,-0.0034188080131334958,-0.0009088809549456367,-0.028829272439180476,-0.03848553741750872,0.0,,,,,
clearaccept_confirmatory,qaoa_channel,106,capo_chance,30.0,43.99999999999996,2.0107485527221223,142,20,"{""0"": 100, ""2"": 42}",0.07172220794018358,180.921875,2.0,20.0,0.0,512,1,1,classical,0.002818196391472709,0.005366495024645701,0.0,0.0,0.04293196019716561,0.0,0.005624086785828694,0.0,-0.0034259124168163056,-0.0009281953309434796,-0.028832951308120264,-0.0384808962581698,0.0,,,,,
clearaccept_confirmatory,qaoa_channel,106,device_aware_sequential,30.0,42.0,352.613008968391,42,19,"{""2"": 42}",0.251064500072971,180.921875,1.0,40.0,0.0,512,0,1,classical,0.002818196391472709,0.005365577977499925,0.0,0.0,0.0429246238199994,0.0,0.00562312572041992,0.0,-0.003426332900453158,-0.0008957683393684398,-0.02883405540193585,-0.03848480475681275,0.0,,,,,
clearaccept_confirmatory,qaoa_channel,106,fixed_design_scheduler,30.0,42.0,232.54379091247245,42,10,"{""2"": 42}",0.2303935419768095,180.921875,1.0,40.0,0.0,512,1,0,classical,0.002818196391472709,0.005350468854885548,0.0,0.0,0.04280375083908439,0.0,0.005607291359920054,0.0,-0.0034227496393054633,-0.0009051187564684122,-0.028815981387881117,-0.03840932871347493,0.0,,,,,
clearaccept_confirmatory,qaoa_channel,106,classical_only,30.0,0.0,0.0,0,0,{},5.207955837249756e-06,180.921875,1.0,40.0,0.0,512,0,1,classical,0.002818196391472709,0.005387765122577548,0.0,0.0,0.043102120980620384,0.0,0.00564637784846127,0.0,-0.003427530509782928,-0.0008769148220316438,-0.028830105434873795,-0.03851020736567802,0.0,,,,,
clearaccept_confirmatory,qaoa_channel,107,sequential,30.0,42.00000000000002,248.26298389445765,84,42,"{""1"": 60, ""2"": 24}",0.5216049590380862,180.921875,2.0,20.0,0.0,512,1,0,classical,0.006220757829633269,0.005318307754350826,0.0,0.0,0.04254646203480661,0.0,0.005573586526559666,0.0,-0.006768657797194428,-0.02910549497152667,-0.04836089454354942,-0.05859353409919012,0.0,,,,,
clearaccept_confirmatory,qaoa_channel,107,capo_joint_only,30.0,30.0,167.8329081214094,30,10,"{""2"": 30}",0.18783762503881007,180.921875,2.0,40.0,1.0,2048,0,0,remote_sim,0.0,0.0416188808082211,0.0,0.0,1.262288,5.049152000000001e-08,0.0491951333842211,0.0,-0.009863979433888486,-0.011554278096718447,-0.013100440724331142,-0.01420979572885657,0.0,,,,,
clearaccept_confirmatory,qaoa_channel,107,random,30.0,42.0,312.4805381663341,42,10,"{""2"": 42}",0.138890124973841,180.921875,3.0,20.0,1.0,128,0,2,classical,0.006220757829633269,0.0052965210197726265,0.0,0.0,0.04237216815818101,0.0,0.005550754028721712,0.0,-0.006766892006772408,-0.02910378320803388,-0.04836109285074337,-0.05857127996609532,0.0,,,,,
clearaccept_confirmatory,qaoa_channel,107,capo_mf_no_rescore,30.0,32.16,659.0381494754502,54,25,"{""0"": 18, ""1"": 6, ""2"": 30}",0.2905406249919906,180.9375,2.0,80.0,1.0,128,1,0,classical,0.006220757829633269,0.005391213926486671,0.0,0.0,0.04312971141189337,0.0,0.005649992194958031,0.0,-0.006775554305058382,-0.02911646685489443,-0.04838966419210361,-0.05860840072361726,0.0,,,,,
clearaccept_confirmatory,qaoa_channel,107,joint_mf,30.0,44.16,73.7412621497617,66,23,"{""0"": 18, ""1"": 6, ""2"": 42}",0.1558784170774743,180.9375,2.0,20.0,1.0,128,1,0,classical,0.006220757829633269,0.005338896036846563,0.0,0.0,0.042711168294772506,0.0,0.005595163046615198,0.0,-0.006769957389062714,-0.029112097157387128,-0.048385723622793204,-0.05859998964548458,0.0,,,,,
clearaccept_confirmatory,qaoa_channel,107,capo_chance,30.0,44.99999999999996,3.144446220137521,192,29,"{""0"": 150, ""2"": 42}",0.06564908404834569,180.9375,1.0,80.0,0.0,512,1,1,classical,0.006220757829633269,0.00536295298661571,0.0,0.0,0.04290362389292568,0.0,0.005620374729973264,0.0,-0.006772828153660954,-0.02911608105070297,-0.04838692795701392,-0.058600275271267856,0.0,,,,,
clearaccept_confirmatory,qaoa_channel,107,device_aware_sequential,30.0,42.0,1460.2395676475442,42,21,"{""2"": 42}",0.7974634170532227,180.9375,2.0,80.0,0.0,128,1,0,qpu_B,0.014518900069448818,6.2809692996985405,0.95,1.0,430.7200000000001,0.030720000000000004,10.40128929969854,0.1,-11.376947603846302,-11.797713885331673,-11.866487689670322,-11.927560227516226,1.0,,,,,
clearaccept_confirmatory,qaoa_channel,107,fixed_design_scheduler,30.0,42.0,155.91387609665054,42,9,"{""2"": 42}",0.27045270800590515,180.953125,1.0,40.0,0.0,128,0,2,classical,0.006220757829633269,0.0053219947731122375,0.0,0.0,0.0425759581848979,0.0,0.005577450522221625,0.0,-0.006769791813094295,-0.029106664886372535,-0.04837897797009678,-0.05860891244528844,0.0,,,,,
clearaccept_confirmatory,qaoa_channel,107,classical_only,30.0,0.0,0.0,0,0,{},4.458008334040642e-06,180.953125,1.0,40.0,0.0,512,0,1,classical,0.006220757829633269,0.0053794430423295125,0.0,0.0,0.0430355443386361,0.0,0.005637656308361329,0.0,-0.006775964756008163,-0.029111463945700775,-0.0483826298582554,-0.05860943896535169,0.0,,,,,
clearaccept_confirmatory,qaoa_channel,108,sequential,30.0,42.00000000000002,95.4395823171675,84,38,"{""1"": 60, ""2"": 24}",0.47206154093146324,180.953125,3.0,20.0,1.0,2048,1,1,remote_sim,0.0,0.10592831545697327,0.0,0.0,1.268432,5.073728000000001e-08,0.11354144432097328,0.0,-0.013771964067476144,-0.018856651542430124,-0.019909583086846837,-0.021363881380038925,0.0,,,,,
clearaccept_confirmatory,qaoa_channel,108,capo_joint_only,30.0,30.0,59.182951632044855,30,10,"{""2"": 30}",0.16867399995680898,180.953125,1.0,20.0,1.0,2048,0,1,remote_sim,0.0,0.10587916345697328,0.0,0.0,1.2561440000000001,5.024576000000001e-08,0.11341853974497332,0.0,-0.013695324166521633,-0.018777510093371218,-0.019831058588744278,-0.021284599413798802,0.0,,,,,
clearaccept_confirmatory,qaoa_channel,108,random,30.0,42.0,124.8173356897571,42,10,"{""2"": 42}",0.1438464999664575,180.953125,1.0,80.0,0.0,512,0,2,classical,0.0022130408738776077,0.005316776529070921,0.0,0.0,0.04253421223256737,0.0,0.005571981802466325,0.0,-0.002781085593612693,-0.0008285895059908671,-0.02288528664505971,-0.08890445987239859,0.0,,,,,
clearaccept_confirmatory,qaoa_channel,108,capo_mf_no_rescore,30.0,32.16,308.6992412166204,54,24,"{""0"": 18, ""1"": 6, ""2"": 30}",0.20050516701303422,180.96875,1.0,40.0,1.0,512,0,0,classical,0.0022130408738776077,0.005270259993267246,0.0,0.0,0.042162079946137965,0.0,0.005523232472944073,0.0,-0.0027749695192461564,-0.0007919623943698186,-0.022875124796405175,-0.08887628952417277,0.0,,,,,
clearaccept_confirmatory,qaoa_channel,108,joint_mf,30.0,44.16,50.75954271861218,66,26,"{""0"": 18, ""1"": 6, ""2"": 42}",0.09955266700126231,180.96875,2.0,40.0,1.0,2048,0,2,classical,0.0022130408738776077,0.00528802047483623,0.0,0.0,0.04230416379868984,0.0,0.005541845457628369,0.0,-0.00277700423254823,-0.0008005628381594037,-0.022848216441712657,-0.08889201667298388,0.0,,,,,
clearaccept_confirmatory,qaoa_channel,108,capo_chance,30.0,42.099999999999945,6.892811138310155,194,30,"{""0"": 155, ""2"": 39}",0.048464707913808525,180.96875,2.0,40.0,0.0,128,1,2,classical,0.0022130408738776077,0.005249255380476825,0.0,0.0,0.0419940430438146,0.0,0.005501219638739713,0.0,-0.002773872473553973,-0.0007980346895352231,-0.022863827085391194,-0.08888881923266853,0.0,,,,,
clearaccept_confirmatory,qaoa_channel,108,device_aware_sequential,30.0,42.0,1317.1329222501638,42,19,"{""2"": 42}",0.3809669999172911,180.96875,1.0,80.0,0.0,512,1,2,classical,0.0022130408738776077,0.005305650978698395,0.0,0.0,0.04244520782958716,0.0,0.0055603222256759175,0.0,-0.0027791961586568427,-0.0007865274450411084,-0.02287497452565107,-0.08887555132682275,0.0,,,,,
clearaccept_confirmatory,qaoa_channel,108,fixed_design_scheduler,30.0,42.0,82.05879595039747,42,10,"{""2"": 42}",0.18228875007480383,180.96875,1.0,40.0,0.0,2048,1,1,classical,0.0022130408738776077,0.005243082909146324,0.0,0.0,0.04194466327317059,0.0,0.005494750888785348,0.0,-0.0027734609762777836,-0.0007991329559295616,-0.0228595033732463,-0.08888281461309788,0.0,,,,,
clearaccept_confirmatory,qaoa_channel,108,classical_only,30.0,0.0,0.0,0,0,{},6.041955202817917e-06,180.96875,1.0,40.0,0.0,512,0,1,classical,0.0022130408738776077,0.005258077755570412,0.0,0.0,0.04206462204456329,0.0,0.005510465487837792,0.0,-0.0027751677038386634,-0.0007973652808183324,-0.022869770756285455,-0.08886805664896817,0.0,,,,,
clearaccept_confirmatory,qaoa_channel,109,sequential,30.0,42.00000000000002,181.4307665056239,84,39,"{""1"": 60, ""2"": 24}",0.5242275410564616,180.96875,1.0,40.0,0.0,2048,0,0,classical,0.011657631061864284,0.005294187722029164,0.0,0.0,0.042353501776233315,0.0,0.005548308732686564,0.0,-0.012200660617362719,-0.0121471474253264,-0.11709966250789525,-0.12794708806152322,0.0,,,,,
clearaccept_confirmatory,qaoa_channel,109,capo_joint_only,30.0,30.0,55.80594195298646,30,10,"{""2"": 30}",0.0818572499556467,180.96875,3.0,80.0,1.0,128,0,1,remote_sim,0.0,0.08708728029356613,0.0,0.0,1.268432,5.073728000000001e-08,0.09470040915756613,0.0,-0.012372630851053003,-0.01671014980215558,-0.018262055026778738,-0.01924460469976571,0.0,,,,,
clearaccept_confirmatory,qaoa_channel,109,random,30.0,42.0,118.98544039938037,42,10,"{""2"": 42}",0.08448237495031208,180.96875,2.0,80.0,0.0,128,1,0,classical,0.011657631061864284,0.00528856749588158,0.0,0.0,0.04230853996705264,0.0,0.005542418735683896,0.0,-0.012200827862515213,-0.012162510983850936,-0.11710787888532674,-0.12795464719095773,0.0,,,,,
clearaccept_confirmatory,qaoa_channel,109,capo_mf_no_rescore,30.0,32.16,78.51061303193701,54,23,"{""0"": 18, ""1"": 6, ""2"": 30}",0.18716099997982383,180.96875,3.0,80.0,0.0,128,1,1,classical,0.011657631061864284,0.005332182758138515,0.0,0.0,0.04265746206510812,0.0,0.005588127530529163,0.0,-0.012204657535768928,-0.012147994266265583,-0.11711211515975742,-0.1279795259297002,0.0,,,,,
clearaccept_confirmatory,qaoa_channel,109,joint_mf,30.0,44.16,323.24316500543426,66,24,"{""0"": 18, ""1"": 6, ""2"": 42}",0.12089841603301466,180.96875,1.0,80.0,1.0,128,0,1,classical,0.011657631061864284,0.005323625111486763,0.0,0.0,0.0425890008918941,0.0,0.005579159116838128,0.0,-0.012204292699729924,-0.012166668217159145,-0.11711017446793069,-0.12798003563292415,0.0,,,,,
clearaccept_confirmatory,qaoa_channel,109,capo_chance,30.0,43.99999999999996,6.789806400902381,142,20,"{""0"": 100, ""2"": 42}",0.06555504095740616,180.96875,3.0,80.0,1.0,512,0,0,classical,0.011657631061864284,0.005314375332091004,0.0,0.0,0.04251500265672803,0.0,0.005569465348031372,0.0,-0.012203132531062876,-0.012158969627354682,-0.11712003292663817,-0.12796874429427016,0.0,,,,,
clearaccept_confirmatory,qaoa_channel,109,device_aware_sequential,30.0,42.0,309.08810889204017,42,19,"{""2"": 42}",0.5813910419819877,180.96875,3.0,40.0,0.0,128,0,1,remote_sim,0.002824318496072589,1.634041784750431,0.575,0.025,50.737280000000005,2.0294912e-06,1.9385669393104308,0.1,-1.6736961895544773,-2.4540102785918325,-3.753818022306426,-7.385204935590965,0.575,,,,,
clearaccept_confirmatory,qaoa_channel,109,fixed_design_scheduler,30.0,42.0,238.91213148007552,42,9,"{""2"": 42}",0.18316866690292954,180.96875,1.0,40.0,0.0,2048,0,0,classical,0.011657631061864284,0.005349182611098513,0.0,0.0,0.042793460888788104,0.0,0.005605943376431242,0.0,-0.012207074791616548,-0.01217170533196772,-0.11711518281330587,-0.12795940055573377,0.0,,,,,
clearaccept_confirmatory,qaoa_channel,109,classical_only,30.0,0.0,0.0,0,0,{},4.959059879183769e-06,180.96875,1.0,40.0,0.0,512,0,1,classical,0.011657631061864284,0.0052623744995798916,0.0,0.0,0.04209899599663913,0.0,0.0055149684755597264,0.0,-0.012196155140498066,-0.012108214452778014,-0.11709732266174934,-0.12798203007028508,0.0,,,,,
clearaccept_confirmatory,qaoa_channel,110,sequential,30.0,42.00000000000002,104.71957409872236,84,42,"{""1"": 60, ""2"": 24}",0.7317284169839695,180.96875,3.0,20.0,0.0,128,0,2,classical,0.0005508730678569542,0.005368827987695113,0.0,0.0,0.0429506239015609,0.0,0.005626531731104478,0.0,-0.0011960994949910264,-0.0008970088911675276,-0.006032520151175719,-0.0077552605883134396,0.0,,,,,
clearaccept_confirmatory,qaoa_channel,110,capo_joint_only,30.0,30.0,126.81853030740663,30,10,"{""2"": 30}",0.21976579201873392,180.984375,2.0,20.0,1.0,512,1,0,classical,0.0005508730678569542,0.005254578631138429,0.0,0.0,0.04203662904910743,0.0,0.005506798405433074,0.0,-0.0011812193706164692,-0.0008820932955580492,-0.00601983245808481,-0.007736825600541685,0.0,,,,,
clearaccept_confirmatory,qaoa_channel,110,random,30.0,42.0,145.1697355985623,42,10,"{""2"": 42}",0.17571595893241465,180.984375,1.0,20.0,1.0,2048,1,1,classical,0.0005508730678569542,0.005330765736289322,0.0,0.0,0.04264612589031458,0.0,0.00558664249163121,0.0,-0.001190896691250424,-0.0008804279338346862,-0.006023611229624295,-0.007756514476701658,0.0,,,,,
clearaccept_confirmatory,qaoa_channel,110,capo_mf_no_rescore,30.0,32.16,59.84736384142537,54,22,"{""0"": 18, ""1"": 6, ""2"": 30}",0.13060604210477322,181.0,3.0,20.0,1.0,2048,0,1,classical,0.0005508730678569542,0.005312328095897101,0.0,0.0,0.04249862476717681,0.0,0.005567319844500162,0.0,-0.0011892619984817184,-0.0008909309959868621,-0.006031931413500939,-0.0077570383606647714,0.0,,,,,
clearaccept_confirmatory,qaoa_channel,110,joint_mf,30.0,44.16,162.98500884042102,66,23,"{""0"": 18, ""1"": 6, ""2"": 42}",0.3115197910228744,181.03125,1.0,40.0,1.0,512,0,0,classical,0.0005508730678569542,0.005346099176676944,0.0,0.0,0.04276879341341555,0.0,0.005602711937157437,0.0,-0.001193432949294705,-0.0009110618233194945,-0.006022574232835738,-0.007741888420126631,0.0,,,,,
clearaccept_confirmatory,qaoa_channel,110,capo_chance,30.0,44.099999999999966,4.529963988084147,147,21,"{""0"": 105, ""2"": 42}",0.0628176248865202,181.03125,3.0,80.0,0.0,512,1,1,classical,0.0005508730678569542,0.005346348567400128,0.0,0.0,0.04277078853920102,0.0,0.005602973298635334,0.0,-0.0011934478638999377,-0.0008979638475796303,-0.006033488755445628,-0.007774025401295486,0.0,,,,,
clearaccept_confirmatory,qaoa_channel,110,device_aware_sequential,30.0,42.0,181.66616244227603,42,22,"{""2"": 42}",0.18468583293724805,181.03125,1.0,20.0,0.0,128,1,2,local_sim,0.009418368322500602,2.16608,0.7,0.0,17.32864,0.0,2.27005184,0.0,-1.6695860411685453,-2.3487949379795072,-2.3691634275421594,-2.3921652990259354,0.7,,,,,
clearaccept_confirmatory,qaoa_channel,110,fixed_design_scheduler,30.0,42.0,296.1514650313708,42,9,"{""2"": 42}",0.22281662502791733,181.03125,1.0,40.0,0.0,512,1,2,classical,0.0005508730678569542,0.0053297082195058465,0.0,0.0,0.04263766575604677,0.0,0.0055855342140421265,0.0,-0.0011906388363128548,-0.0008864508448302141,-0.0060284630075022605,-0.0077390035964634285,0.0,,,,,
clearaccept_confirmatory,qaoa_channel,110,classical_only,30.0,0.0,0.0,0,0,{},6.208079867064953e-06,181.03125,1.0,40.0,0.0,512,0,1,classical,0.0005508730678569542,0.005313594316248782,0.0,0.0,0.042508754529990256,0.0,0.005568646843428724,0.0,-0.001188575188028942,-0.0008708530240129692,-0.00602903387200471,-0.0077625470597516314,0.0,,,,,
clearaccept_confirmatory,qaoa_channel,111,sequential,30.0,42.00000000000002,85.97812581851444,84,35,"{""1"": 60, ""2"": 24}",0.626530957990326,181.03125,2.0,20.0,1.0,512,0,2,classical,0.0,0.005295817623846233,0.0,0.0,0.04236654099076986,0.0,0.005550016869790853,0.0,-0.0005805446529987768,-0.0008172275370823079,-0.000846029869048714,-0.0008694073398701862,0.0,,,,,
clearaccept_confirmatory,qaoa_channel,111,capo_joint_only,30.0,30.0,111.61207219447914,30,10,"{""2"": 30}",0.23512204096186906,181.03125,1.0,40.0,0.0,128,0,2,classical,0.0,0.005248395740636624,0.0,0.0,0.041987165925092995,0.0,0.005500318736187183,0.0,-0.0005755438018392518,-0.0008320935942260886,-0.0008487432776512299,-0.0008731145607181173,0.0,,,,,
clearaccept_confirmatory,qaoa_channel,111,random,30.0,42.0,49.097904993486964,42,10,"{""2"": 42}",0.13588625006377697,181.03125,3.0,80.0,1.0,128,1,1,classical,0.0,0.005255453084828332,0.0,0.0,0.04204362467862666,0.0,0.005507714832900092,0.0,-0.0005767716370393618,-0.0008310893441700379,-0.0008573555212191,-0.0008842690576699888,0.0,,,,,
clearaccept_confirmatory,qaoa_channel,111,capo_mf_no_rescore,30.0,32.16,135.6123567268999,54,26,"{""0"": 18, ""1"": 6, ""2"": 30}",0.1069964999333024,181.0625,1.0,40.0,0.0,128,1,2,classical,0.0,0.005279948250972666,0.0,0.0,0.04223958600778133,0.0,0.005533385767019354,0.0,-0.0005790908780798295,-0.0008432110538801395,-0.0008627768466630873,-0.0008739076080752885,0.0,,,,,
clearaccept_confirmatory,qaoa_channel,111,joint_mf,30.0,44.16,581.4212594374978,66,22,"{""0"": 18, ""1"": 6, ""2"": 42}",0.3295840839855373,181.0625,3.0,20.0,1.0,128,1,2,classical,0.0,0.005288557629683055,0.0,0.0,0.04230846103746444,0.0,0.005542408395907842,0.0,-0.0005801380511608241,-0.0008182563643134069,-0.0008515600218339846,-0.0008964153700156282,0.0,,,,,
clearaccept_confirmatory,qaoa_channel,111,capo_chance,30.0,44.49999999999995,4.946003550832367,167,25,"{""0"": 125, ""2"": 42}",0.05700462497770786,181.0625,1.0,80.0,1.0,512,1,0,classical,0.0,0.005323859775671735,0.0,0.0,0.04259087820537388,0.0,0.005579405044903979,0.0,-0.0005839007601981927,-0.0008272885793850682,-0.0008468036568745555,-0.0008760232065387945,0.0,,,,,
clearaccept_confirmatory,qaoa_channel,111,device_aware_sequential,30.0,42.0,346.79189403172137,42,20,"{""2"": 42}",0.5446595420362428,181.0625,3.0,40.0,0.0,2048,0,2,classical,0.0,0.005288176937028766,0.0,0.0,0.042305415496230125,0.0,0.005542009430006147,0.0,-0.0005806493875663368,-0.0008415121102967165,-0.0008623692965696799,-0.0008893447875467195,0.0,,,,,
clearaccept_confirmatory,qaoa_channel,111,fixed_design_scheduler,30.0,42.0,534.9727503791556,42,10,"{""2"": 42}",0.27571370801888406,181.0625,1.0,40.0,0.0,2048,1,0,classical,0.0,0.005310744920279831,0.0,0.0,0.042485959362238646,0.0,0.005565660676453263,0.0,-0.0005834854796285774,-0.0008291354156481367,-0.0008782680443424565,-0.0009598614022950421,0.0,,,,,
clearaccept_confirmatory,qaoa_channel,111,classical_only,30.0,0.0,0.0,0,0,{},5.999929271638393e-06,181.0625,1.0,40.0,0.0,512,0,1,classical,0.0,0.0054371769074350595,0.0,0.0,0.043497415259480476,0.0,0.005698161398991942,0.0,-0.0005969319722573516,-0.0008434146370756675,-0.0008732676660377862,-0.0008958139077420508,0.0,,,,,
clearaccept_confirmatory,qaoa_place,100,sequential,30.0,42.00000000000002,95.09001813874899,84,40,"{""1"": 60, ""2"": 24}",5.0396381670143455,181.09375,3.0,20.0,1.0,512,1,2,qpu_B,0.035485201449208935,1.470514541811203,0.4,0.0,6.536,0.001536,1.586530541811203,0.0,-1.0544249388982032,-2.3312034388663774,-2.437953707338405,-2.6012754225117267,0.4,,,,,
clearaccept_confirmatory,qaoa_place,100,capo_joint_only,30.0,30.0,40.26405596862902,30,10,"{""2"": 30}",0.11661379097495228,181.09375,2.0,20.0,1.0,2048,0,1,remote_sim,0.0,0.108589198593224,0.0,0.0,1.262288,5.049152000000001e-08,0.11616545116922398,0.0,-0.015135196786181854,-0.0217408884654868,-0.023152993815681616,-0.02527528497054768,0.0,,,,,
clearaccept_confirmatory,qaoa_place,100,random,30.0,42.0,292.4693945461742,42,10,"{""2"": 42}",0.16328929201699793,181.09375,1.0,40.0,1.0,2048,1,0,remote_sim,0.0,0.06856462259322399,0.0,0.0,1.2561440000000001,5.024576000000001e-08,0.07610399888122399,0.0,-0.012310414413032766,-0.017932434989602224,-0.019023461521159756,-0.02095664158277976,0.0,,,,,
clearaccept_confirmatory,qaoa_place,100,capo_mf_no_rescore,30.0,32.16,130.58275045953636,54,24,"{""0"": 18, ""1"": 6, ""2"": 30}",0.24340166698675603,181.09375,1.0,80.0,0.0,128,0,0,classical,0.0952268625479869,0.004900911430013366,0.0,0.0,0.03920729144010693,0.0,0.005136155178654007,0.0,-0.09580307240008995,-0.2364402634021064,-0.23653506285114473,-0.236558788343873,0.0,,,,,
clearaccept_confirmatory,qaoa_place,100,joint_mf,30.0,44.16,115.18722694939,66,25,"{""0"": 18, ""1"": 6, ""2"": 42}",0.2640545000322163,181.09375,3.0,40.0,1.0,512,1,1,remote_sim,0.02414947773950069,0.108613774593224,0.0,0.0,1.268432,5.073728000000001e-08,0.11622690345722397,0.0,-0.039323262651428145,-0.1432131565552054,-0.16268190261582138,-0.1681727453710723,0.0,,,,,
clearaccept_confirmatory,qaoa_place,100,capo_chance,30.0,44.69999999999996,7.218766395434006,177,27,"{""0"": 135, ""2"": 42}",0.046388791990466416,181.09375,2.0,80.0,1.0,512,0,1,remote_sim,0.006802642305974274,0.108589198593224,0.0,0.0,1.262288,5.049152000000001e-08,0.11616545116922398,0.0,-0.021937839092156127,-0.02209577093350371,-0.08735953482250894,-0.16583007390069915,0.0,,,,,
clearaccept_confirmatory,qaoa_place,100,device_aware_sequential,30.0,42.0,426.4534503463148,42,19,"{""2"": 42}",0.30805200000759214,181.09375,2.0,20.0,0.0,512,1,1,classical,0.0952268625479869,0.004885677481070161,0.0,0.0,0.03908541984856129,0.0,0.005120190000161529,0.0,-0.09580197122158952,-0.23644825032142433,-0.2365314857556144,-0.23656946730667086,0.0,,,,,
clearaccept_confirmatory,qaoa_place,100,fixed_design_scheduler,30.0,42.0,142.92420026584105,42,9,"{""2"": 42}",0.26583470799960196,181.09375,1.0,40.0,0.0,128,1,2,classical,0.0952268625479869,0.004899161445791833,0.0,0.0,0.039193291566334665,0.0,0.005134321195189841,0.0,-0.09580328237846601,-0.23644196894432024,-0.23653161477134393,-0.23657125094331777,0.0,,,,,
clearaccept_confirmatory,qaoa_place,100,classical_only,30.0,0.0,0.0,0,0,{},5.58304600417614e-06,181.09375,1.0,40.0,0.0,512,0,1,classical,0.0952268625479869,0.0049333227216266096,0.0,0.0,0.039466581773012877,0.0,0.005170122212264686,0.0,-0.09580780863401647,-0.23645791087303653,-0.2365468708425876,-0.23657895656852712,0.0,,,,,
clearaccept_confirmatory,qaoa_place,101,sequential,30.0,42.00000000000002,94.19560690907086,84,42,"{""1"": 60, ""2"": 24}",0.4280816250247881,181.09375,3.0,20.0,1.0,2048,0,1,qpu_B,0.017272137389526813,0.5948771352646515,0.225,0.0,7.048,0.002048,0.7395651352646514,0.0,-0.6489681421431955,-2.1815183918058323,-2.1967382191789557,-2.211115263462727,0.225,,,,,
clearaccept_confirmatory,qaoa_place,101,capo_joint_only,30.0,30.0,62.51544429498248,30,10,"{""2"": 30}",0.0951355000725016,181.09375,3.0,20.0,1.0,512,1,1,classical,0.03371249753033891,0.004967765984474681,0.0,0.0,0.03974212787579745,0.0,0.005206218751729466,0.0,-0.034272311093999044,-0.13002503226455836,-0.1504979373991886,-0.1635905324042722,0.0,,,,,
clearaccept_confirmatory,qaoa_place,101,random,30.0,42.0,129.41953623405817,42,10,"{""2"": 42}",0.18223195802420378,181.09375,3.0,40.0,1.0,512,0,2,remote_sim,0.022122589941272263,0.2561875299270165,0.075,0.0,1.268432,5.073728000000001e-08,0.26380065879101644,0.0,-0.19622592014522647,-0.15392022133321637,-1.5611096529403794,-2.033745776493078,0.075,,,,,
clearaccept_confirmatory,qaoa_place,101,capo_mf_no_rescore,30.0,32.16,113.84221380677037,54,24,"{""0"": 18, ""1"": 6, ""2"": 30}",0.2206572910072282,181.09375,3.0,20.0,1.0,2048,1,0,classical,0.03371249753033891,0.0049709527811501175,0.0,0.0,0.03976762224920094,0.0,0.005209558514645323,0.0,-0.034272037232819026,-0.13003516856714295,-0.15051720992864376,-0.16364069911013102,0.0,,,,,
clearaccept_confirmatory,qaoa_place,101,joint_mf,30.0,44.16,38.11223245433677,66,24,"{""0"": 18, ""1"": 6, ""2"": 42}",0.22979545802809298,181.09375,1.0,80.0,0.0,128,0,0,classical,0.03371249753033891,0.0049483695038361475,0.0,0.0,0.03958695603068918,0.0,0.005185891240020282,0.0,-0.034270350076719545,-0.13000966074787054,-0.15051502845318757,-0.1636159968291418,0.0,,,,,
clearaccept_confirmatory,qaoa_place,101,capo_chance,30.0,43.999999999999964,4.832776443092245,142,20,"{""0"": 100, ""2"": 42}",0.07639133394695818,181.09375,1.0,20.0,1.0,512,1,0,remote_sim,0.004937483180701722,0.06613837792701646,0.0,0.0,1.2561440000000001,5.024576000000001e-08,0.07367775421501646,0.0,-0.016685256913902092,-0.026572804971373737,-0.05419592896985194,-0.12085493823429276,0.0,,,,,
clearaccept_confirmatory,qaoa_place,101,device_aware_sequential,30.0,42.0,194.47667236565016,42,20,"{""2"": 42}",0.11560462508350611,181.09375,1.0,40.0,1.0,2048,1,0,classical,0.03371249753033891,0.004946156099322252,0.0,0.0,0.039569248794578016,0.0,0.00518357159208972,0.0,-0.03426885738944406,-0.13002637000735592,-0.15051770062847314,-0.1636143393260049,0.0,,,,,
clearaccept_confirmatory,qaoa_place,101,fixed_design_scheduler,30.0,42.0,365.5580861653812,42,10,"{""2"": 42}",0.15784683311358094,181.09375,1.0,40.0,0.0,128,0,0,classical,0.03371249753033891,0.004956072822096758,0.0,0.0,0.03964858257677406,0.0,0.005193964317557402,0.0,-0.03427111084216191,-0.1300042316709644,-0.15052242455934903,-0.1636388090822415,0.0,,,,,
clearaccept_confirmatory,qaoa_place,101,classical_only,30.0,0.0,0.0,0,0,{},5.08397351950407e-06,181.09375,1.0,40.0,0.0,512,0,1,classical,0.03371249753033891,0.0049534632853465155,0.0,0.0,0.039627706282772124,0.0,0.005191229523043148,0.0,-0.03426939211750778,-0.13001091094027276,-0.15051801657822472,-0.16363413403776325,0.0,,,,,
clearaccept_confirmatory,qaoa_place,102,sequential,30.0,42.00000000000002,267.9264918207737,84,38,"{""1"": 60, ""2"": 24}",0.7039610829669982,181.09375,2.0,20.0,0.0,128,1,1,classical,0.017134887890292265,0.004943239488056861,0.0,0.0,0.03954591590445489,0.0,0.00518051498348359,0.0,-0.017696249946750987,-0.06457987133730562,-0.08409548910249574,-0.10372204704270015,0.0,,,,,
clearaccept_confirmatory,qaoa_place,102,capo_joint_only,30.0,30.0,167.75683797684553,30,9,"{""2"": 30}",0.26991124998312443,181.09375,2.0,80.0,0.0,512,1,2,classical,0.017134887890292265,0.004918984632240608,0.0,0.0,0.03935187705792487,0.0,0.005155095894588157,0.0,-0.017693296965221234,-0.06457200686665047,-0.08409717707708099,-0.10375083683014465,0.0,,,,,
clearaccept_confirmatory,qaoa_place,102,random,30.0,42.0,161.94184648870714,42,10,"{""2"": 42}",0.3587925829924643,181.09375,1.0,80.0,1.0,2048,1,0,classical,0.017134887890292265,0.004949615118675865,0.0,0.0,0.03959692094940692,0.0,0.005187196644372306,0.0,-0.01769688748996572,-0.06458279542691944,-0.08408977016137698,-0.10371383576333376,0.0,,,,,
clearaccept_confirmatory,qaoa_place,102,capo_mf_no_rescore,30.0,32.16,243.0849433143295,54,22,"{""0"": 18, ""1"": 6, ""2"": 30}",0.28254641697276384,181.09375,2.0,40.0,0.0,128,0,2,classical,0.017134887890292265,0.004970724112354219,0.0,0.0,0.03976579289883375,0.0,0.005209318869747221,0.0,-0.017697929879459794,-0.06458936404989271,-0.08407951493581017,-0.10367363153697545,0.0,,,,,
clearaccept_confirmatory,qaoa_place,102,joint_mf,30.0,44.16,92.32786398260886,66,26,"{""0"": 18, ""1"": 6, ""2"": 42}",0.2138745830161497,181.09375,2.0,40.0,1.0,2048,0,0,classical,0.017134887890292265,0.0049213593592867255,0.0,0.0,0.039370874874293804,0.0,0.005157584608532489,0.0,-0.01769483172938269,-0.06457680966130917,-0.08408856277116707,-0.10372957645241698,0.0,,,,,
clearaccept_confirmatory,qaoa_place,102,capo_chance,30.0,43.89999999999996,3.26846801805927,137,19,"{""0"": 95, ""2"": 42}",0.07944254099857062,181.09375,1.0,20.0,0.0,512,0,2,classical,0.017134887890292265,0.004907270486000925,0.0,0.0,0.0392581638880074,0.0,0.00514281946932897,0.0,-0.017691617904117836,-0.06457195536334756,-0.08408448096680965,-0.10372225075637459,0.0,,,,,
clearaccept_confirmatory,qaoa_place,102,device_aware_sequential,30.0,42.0,462.6348364021165,42,21,"{""2"": 42}",0.32441424997523427,181.09375,1.0,80.0,0.0,512,0,1,classical,0.017134887890292265,0.0049741611001081765,0.0,0.0,0.03979328880086541,0.0,0.005212920832913369,0.0,-0.017697952744045353,-0.06461287524542025,-0.08409987925403246,-0.10369506288188038,0.0,,,,,
clearaccept_confirmatory,qaoa_place,102,fixed_design_scheduler,30.0,42.0,160.77644297282168,42,10,"{""2"": 42}",0.1565472079673782,181.09375,1.0,40.0,0.0,2048,1,0,classical,0.017134887890292265,0.004942437342833728,0.0,0.0,0.03953949874266982,0.0,0.005179674335289747,0.0,-0.017694970604748582,-0.06458547236385759,-0.08407893968993782,-0.10372116060263639,0.0,,,,,
clearaccept_confirmatory,qaoa_place,102,classical_only,30.0,0.0,0.0,0,0,{},5.375011824071407e-06,181.09375,1.0,40.0,0.0,512,0,1,classical,0.017134887890292265,0.004918286154861562,0.0,0.0,0.039346289238892496,0.0,0.005154363890294916,0.0,-0.01769174676511423,-0.06458463649321705,-0.08407689505560104,-0.10366637447530656,0.0,,,,,
clearaccept_confirmatory,qaoa_place,103,sequential,30.0,42.00000000000002,83.15645262023152,84,40,"{""1"": 60, ""2"": 24}",0.5729181669885293,181.09375,1.0,20.0,1.0,2048,1,1,classical,0.15411258474519113,0.004886067443294451,0.0,0.0,0.039088539546355605,0.0,0.005120598680572585,0.0,-0.15466542210770923,-0.45856026227030033,-0.48662072845130083,-0.5028138252950846,0.0,,,,,
clearaccept_confirmatory,qaoa_place,103,capo_joint_only,30.0,30.0,199.74415329591739,30,10,"{""2"": 30}",0.13258304202463478,181.09375,2.0,40.0,0.0,512,1,1,classical,0.15411258474519113,0.0049677190982038155,0.0,0.0,0.039741752785630524,0.0,0.005206169614917599,0.0,-0.154676440253322,-0.45855321294635665,-0.4867019458166383,-0.5028456765203414,0.0,,,,,
clearaccept_confirmatory,qaoa_place,103,random,30.0,42.0,127.1868540713445,42,10,"{""2"": 42}",0.13487470895051956,181.09375,2.0,80.0,1.0,128,1,2,remote_sim,0.26378685185895046,0.23715211541874046,0.025,0.0,1.262288,5.049152000000001e-08,0.24472836799474046,0.0,-0.336807390155575,-0.562884260249055,-1.0796665258198903,-2.4847551388164453,0.025,,,,,
clearaccept_confirmatory,qaoa_place,103,capo_mf_no_rescore,30.0,32.16,186.08023584958508,54,25,"{""0"": 18, ""1"": 6, ""2"": 30}",0.2733008340001106,181.09375,3.0,20.0,1.0,512,1,1,classical,0.15411258474519113,0.004934900935040787,0.0,0.0,0.039479207480326295,0.0,0.0051717761799227446,0.0,-0.15467073980622628,-0.4585527805571494,-0.4866156750835356,-0.5028193803629297,0.0,,,,,
clearaccept_confirmatory,qaoa_place,103,joint_mf,30.0,44.16,616.631915970837,66,24,"{""0"": 18, ""1"": 6, ""2"": 42}",0.18328704196028411,181.09375,1.0,80.0,0.0,2048,0,1,classical,0.15411258474519113,0.004909124720143154,0.0,0.0,0.039272997761145234,0.0,0.005144762706710025,0.0,-0.15466804331459838,-0.4585601139783573,-0.4866339778451392,-0.5028215287440012,0.0,,,,,
clearaccept_confirmatory,qaoa_place,103,capo_chance,30.0,44.19999999999996,10.295381416779568,152,22,"{""0"": 110, ""2"": 42}",0.0576989590190351,181.09375,3.0,40.0,1.0,2048,1,0,local_sim,0.0,0.304912,0.05,0.0,2.439296,0.0,0.319547776,0.0,-0.13451566218865638,-0.047052196409372374,-1.046035830320342,-2.046422204968046,0.05,,,,,
clearaccept_confirmatory,qaoa_place,103,device_aware_sequential,30.0,42.0,432.2579597659746,42,19,"{""2"": 42}",0.4123835420468822,181.09375,2.0,20.0,0.0,128,1,1,qpu_A,0.3017773900780144,4.506898169407578,0.85,0.325,107.68000000000002,0.02304,6.304978169407578,0.075,-5.723546848035509,-9.477907982470752,-9.650956703959396,-9.819484972458332,0.925,,,,,
clearaccept_confirmatory,qaoa_place,103,fixed_design_scheduler,30.0,42.0,156.6867244912371,42,9,"{""2"": 42}",0.22077208303380758,181.09375,1.0,40.0,0.0,512,0,0,classical,0.15411258474519113,0.004929619797621854,0.0,0.0,0.03943695838097483,0.0,0.005166241547907702,0.0,-0.1546704842161581,-0.4585515913859307,-0.4866328619775059,-0.5028064920943422,0.0,,,,,
clearaccept_confirmatory,qaoa_place,103,classical_only,30.0,0.0,0.0,0,0,{},4.749977961182594e-06,181.09375,1.0,40.0,0.0,512,0,1,classical,0.15411258474519113,0.00492301065241918,0.0,0.0,0.03938408521935344,0.0,0.0051593151637353,0.0,-0.15466983944742435,-0.45856725768074896,-0.48662586821952314,-0.5028017325737205,0.0,,,,,
clearaccept_confirmatory,qaoa_place,104,sequential,30.0,42.00000000000002,168.26100295048016,84,39,"{""1"": 60, ""2"": 24}",0.5845533339306712,181.09375,2.0,20.0,0.0,128,0,2,classical,0.09554488160189988,0.0049126042576972395,0.0,0.0,0.039300834061577916,0.0,0.005148409262066707,0.0,-0.0960971972016452,-0.1622973264131775,-0.30099648462120066,-0.4054096094701197,0.0,,,,,
clearaccept_confirmatory,qaoa_place,104,capo_joint_only,30.0,30.0,403.4076290343561,30,10,"{""2"": 30}",0.3227120829978958,181.09375,3.0,20.0,1.0,2048,1,1,remote_sim,0.0,0.08732893180203945,0.0,0.0,1.268432,5.073728000000001e-08,0.09494206066603944,0.0,-0.013151189393930247,-0.016956667114978938,-0.018341135877080174,-0.01906003921510544,0.0,,,,,
clearaccept_confirmatory,qaoa_place,104,random,30.0,42.0,364.4078066737524,42,10,"{""2"": 42}",0.2805635000113398,181.09375,2.0,40.0,0.0,128,1,2,classical,0.09554488160189988,0.0048929951299214736,0.0,0.0,0.03914396103937179,0.0,0.005127858896157704,0.0,-0.09609501038881164,-0.16231270877566883,-0.3009872349636888,-0.40539198028891527,0.0,,,,,
clearaccept_confirmatory,qaoa_place,104,capo_mf_no_rescore,30.0,32.16,70.03246026469638,54,26,"{""0"": 18, ""1"": 6, ""2"": 30}",0.16307845804840326,181.09375,2.0,40.0,0.0,128,0,2,classical,0.09554488160189988,0.004942953120917082,0.0,0.0,0.039543624967336655,0.0,0.005180214870721102,0.0,-0.09610017272523666,-0.16230599616837593,-0.3009872926278408,-0.40537575509529894,0.0,,,,,
clearaccept_confirmatory,qaoa_place,104,joint_mf,30.0,44.16,38.69602571740387,66,25,"{""0"": 18, ""1"": 6, ""2"": 42}",0.15040762501303107,181.09375,2.0,40.0,1.0,2048,0,0,remote_sim,0.0,0.04730435580203944,0.0,0.0,1.262288,5.049152000000001e-08,0.05488060837803945,0.0,-0.010531174007108537,-0.012961963801432884,-0.014077043986551538,-0.014761996090257423,0.0,,,,,
clearaccept_confirmatory,qaoa_place,104,capo_chance,30.0,44.59999999999995,7.682541841009302,172,26,"{""0"": 130, ""2"": 42}",0.041255207965150476,181.09375,1.0,20.0,1.0,2048,0,1,local_sim,0.0,0.148304,0.0,0.0,1.186432,0.0,0.155422592,0.0,-0.01668995787559741,-0.023922086240280204,-0.024355240584734206,-0.024623096783128347,0.0,,,,,
clearaccept_confirmatory,qaoa_place,104,device_aware_sequential,30.0,42.0,830.068284076886,42,21,"{""2"": 42}",0.32785029092337936,181.09375,1.0,40.0,0.0,2048,0,1,qpu_B,0.010994706753276646,10.167097952999963,0.975,0.875,281.92,0.08191999999999999,15.954617952999962,0.05,-12.776437123645524,-13.901384166363412,-14.011084668387694,-14.165220626664308,1.0,,,,,
clearaccept_confirmatory,qaoa_place,104,fixed_design_scheduler,30.0,42.0,173.596651098774,42,10,"{""2"": 42}",0.2220730830449611,181.09375,1.0,40.0,0.0,2048,1,2,classical,0.09554488160189988,0.004953150491928682,0.0,0.0,0.039625203935429454,0.0,0.0051909017155412586,0.0,-0.09610134821518934,-0.16230787106691452,-0.3009914458454421,-0.4053860371985406,0.0,,,,,
clearaccept_confirmatory,qaoa_place,104,classical_only,30.0,0.0,0.0,0,0,{},5.124951712787151e-06,181.09375,1.0,40.0,0.0,512,0,1,classical,0.09554488160189988,0.004902499684249051,0.0,0.0,0.03921999747399241,0.0,0.005137819669093005,0.0,-0.09609608925621158,-0.16230606104076423,-0.30098989906776386,-0.4054151511679894,0.0,,,,,
clearaccept_confirmatory,qaoa_place,105,sequential,30.0,42.00000000000002,92.57695807340825,84,42,"{""1"": 60, ""2"": 24}",0.3864989998983219,181.09375,2.0,80.0,1.0,2048,0,1,local_sim,0.0,0.246608,0.025,0.0,1.972864,0.0,0.258445184,0.0,-0.07992473213770704,-0.03992025104232927,-0.5352882222251001,-2.0188471199999496,0.025,,,,,
clearaccept_confirmatory,qaoa_place,105,capo_joint_only,30.0,30.0,45.07652253737469,30,10,"{""2"": 30}",0.05661716603208333,181.09375,1.0,40.0,1.0,2048,1,1,local_sim,0.0,0.148304,0.0,0.0,1.186432,0.0,0.155422592,0.0,-0.017995999622682564,-0.023182849165944566,-0.024378980642303,-0.024668937900056743,0.0,,,,,
clearaccept_confirmatory,qaoa_place,105,random,30.0,42.0,37.97276033407197,42,10,"{""2"": 42}",0.04749345895834267,181.09375,1.0,80.0,1.0,2048,0,0,remote_sim,0.0,0.07255697057489385,0.0,0.0,1.2561440000000001,5.024576000000001e-08,0.08009634686289387,0.0,-0.012888274077943785,-0.015401348227138621,-0.017587838889877812,-0.01836617532712318,0.0,,,,,
clearaccept_confirmatory,qaoa_place,105,capo_mf_no_rescore,30.0,32.16,364.62410157006565,54,26,"{""0"": 18, ""1"": 6, ""2"": 30}",0.21671475004404783,181.09375,2.0,80.0,1.0,512,0,0,qpu_B,0.11330376979841746,0.2839861846066102,0.025,0.0,5.5120000000000005,0.000512,0.34265818460661024,0.0,-0.2425859788410353,-0.7255921269320293,-1.0660488330491509,-2.069295534966922,0.025,,,,,
clearaccept_confirmatory,qaoa_place,105,joint_mf,30.0,44.16,444.4246897010291,66,24,"{""0"": 18, ""1"": 6, ""2"": 42}",0.2632871250389144,181.09375,1.0,40.0,0.0,512,1,0,classical,0.3402542869023198,0.004967822867911309,0.0,0.0,0.03974258294329047,0.0,0.005206278365571052,0.0,-0.3408572948932306,-0.7005453663131065,-0.7842858036335113,-0.8440409530475419,0.0,,,,,
clearaccept_confirmatory,qaoa_place,105,capo_chance,30.0,44.299999999999955,6.726674308965992,157,22,"{""0"": 115, ""2"": 42}",0.05160012503620237,181.09375,1.0,40.0,1.0,2048,1,2,remote_sim,0.0,0.2625569705748939,0.025,0.0,1.2561440000000001,5.024576000000001e-08,0.2700963468628939,0.0,-0.0768238890870446,-0.037296916072902954,-0.5327573991580972,-2.01550188132992,0.025,,,,,
clearaccept_confirmatory,qaoa_place,105,device_aware_sequential,30.0,42.0,255.26013473582358,42,21,"{""2"": 42}",0.21148595807608217,181.09375,1.0,80.0,1.0,128,1,2,qpu_B,0.5790687225426991,0.4611861846066102,0.125,0.0,5.384,0.000384,0.5126901846066102,0.0,-0.9141797262148572,-2.13679020228734,-2.840849176244755,-2.9281199676693523,0.125,,,,,
clearaccept_confirmatory,qaoa_place,105,fixed_design_scheduler,30.0,42.0,307.71118935963955,42,10,"{""2"": 42}",0.22209870896767825,181.09375,1.0,40.0,0.0,128,0,0,classical,0.3402542869023198,0.004957369877956808,0.0,0.0,0.03965895902365446,0.0,0.005195323632098734,0.0,-0.34085608005305384,-0.7005463094776527,-0.7842896639314503,-0.8440309539196276,0.0,,,,,
clearaccept_confirmatory,qaoa_place,105,classical_only,30.0,0.0,0.0,0,0,{},4.708068445324898e-06,181.09375,1.0,40.0,0.0,512,0,1,classical,0.3402542869023198,0.004932260402711108,0.0,0.0,0.03945808322168887,0.0,0.005169008902041241,0.0,-0.34085299764136234,-0.7005280336509212,-0.7842727422875168,-0.8440296482272028,0.0,,,,,
clearaccept_confirmatory,qaoa_place,106,sequential,30.0,42.00000000000002,250.97289415026597,84,39,"{""1"": 60, ""2"": 24}",0.628971750033088,181.09375,1.0,80.0,0.0,512,0,2,classical,0.11289716818330595,0.004972442373400554,0.0,0.0,0.03977953898720443,0.0,0.005211119607323781,0.0,-0.1134594351007174,-0.2338495964545518,-0.24752279524408144,-0.25888705711552024,0.0,,,,,
clearaccept_confirmatory,qaoa_place,106,capo_joint_only,30.0,30.0,148.68672821718837,30,10,"{""2"": 30}",0.23741733306087554,181.09375,1.0,80.0,1.0,2048,1,0,remote_sim,0.0,0.0920989822313365,0.0,0.0,1.2561440000000001,5.024576000000001e-08,0.09963835851933649,0.0,-0.01348010385681651,-0.01725477229454798,-0.019809433923880203,-0.02279048685912391,0.0,,,,,
clearaccept_confirmatory,qaoa_place,106,random,30.0,42.0,696.8260245379671,42,10,"{""2"": 42}",0.2577479170868173,181.09375,3.0,40.0,1.0,512,0,0,remote_sim,0.05955056044564764,0.0921481342313365,0.0,0.0,1.268432,5.073728000000001e-08,0.09976126309533649,0.0,-0.07310760960962215,-0.23856603080192346,-0.241620518181272,-0.2441549061403436,0.0,,,,,
clearaccept_confirmatory,qaoa_place,106,capo_mf_no_rescore,30.0,32.16,237.33536427882566,54,26,"{""0"": 18, ""1"": 6, ""2"": 30}",0.3139002079842612,181.09375,2.0,40.0,1.0,512,0,1,remote_sim,0.016792449772975244,0.1321235582313365,0.0,0.0,1.262288,5.049152000000001e-08,0.13969981080733648,0.0,-0.032909277551265145,-0.04343296131392071,-0.18859781728522113,-0.19245395552002043,0.0,,,,,
clearaccept_confirmatory,qaoa_place,106,joint_mf,30.0,44.16,179.0068251751326,66,25,"{""0"": 18, ""1"": 6, ""2"": 42}",0.3338129590265453,181.09375,2.0,40.0,1.0,512,0,0,classical,0.11289716818330595,0.0049938801530515775,0.0,0.0,0.03995104122441262,0.0,0.005233586400398053,0.0,-0.1134597806679909,-0.23385719308749206,-0.24753673010849872,-0.25890651766878897,0.0,,,,,
clearaccept_confirmatory,qaoa_place,106,capo_chance,30.0,43.69999999999997,16.743823874741103,127,17,"{""0"": 85, ""2"": 42}",0.04005524993408471,181.09375,1.0,20.0,1.0,2048,0,1,remote_sim,0.0,0.13209898223133648,0.0,0.0,1.2561440000000001,5.024576000000001e-08,0.1396383585193365,0.0,-0.016078355124710904,-0.021574203063679423,-0.02412133429777656,-0.02758804121171567,0.0,,,,,
clearaccept_confirmatory,qaoa_place,106,device_aware_sequential,30.0,42.0,382.91446000445706,42,20,"{""2"": 42}",0.28658587497193366,181.09375,1.0,40.0,0.0,512,0,1,classical,0.11289716818330595,0.004998693257221021,0.0,0.0,0.039989546057768166,0.0,0.00523863053356763,0.0,-0.11346070399270416,-0.23386020088438045,-0.24753970078347992,-0.2589082286007526,0.0,,,,,
clearaccept_confirmatory,qaoa_place,106,fixed_design_scheduler,30.0,42.0,401.05396938686596,42,10,"{""2"": 42}",0.22404695802833885,181.09375,1.0,40.0,0.0,128,0,1,classical,0.11289716818330595,0.0050064686220139265,0.0,0.0,0.04005174897611141,0.0,0.005246779115870595,0.0,-0.11346368282969943,-0.23388192310049197,-0.24754191687388746,-0.2589239240517871,0.0,,,,,
clearaccept_confirmatory,qaoa_place,106,classical_only,30.0,0.0,0.0,0,0,{},4.499917849898338e-06,181.09375,1.0,40.0,0.0,512,0,1,classical,0.11289716818330595,0.004981973994290456,0.0,0.0,0.03985579195432365,0.0,0.005221108746016398,0.0,-0.11346137644247693,-0.23388923294678163,-0.24752863974866263,-0.2588714541792569,0.0,,,,,
clearaccept_confirmatory,qaoa_place,107,sequential,30.0,42.00000000000002,79.70312980748476,84,42,"{""1"": 60, ""2"": 24}",0.4731920830672607,181.09375,2.0,20.0,0.0,512,1,0,classical,0.05690757709365597,0.005020676486310549,0.0,0.0,0.04016541189048439,0.0,0.005261668957653455,0.0,-0.057424928537598216,-0.24312778040022603,-0.3258368781373206,-0.35960378081261685,0.0,,,,,
clearaccept_confirmatory,qaoa_place,107,capo_joint_only,30.0,30.0,167.8329081214094,30,10,"{""2"": 30}",0.18802600004710257,181.09375,2.0,40.0,1.0,2048,0,0,remote_sim,0.0,0.0416188808082211,0.0,0.0,1.262288,5.049152000000001e-08,0.0491951333842211,0.0,-0.009863979433888486,-0.011554278096718447,-0.013100440724331142,-0.01420979572885657,0.0,,,,,
clearaccept_confirmatory,qaoa_place,107,random,30.0,42.0,148.1918764161748,42,10,"{""2"": 42}",0.14767587499227375,181.09375,1.0,20.0,1.0,2048,0,1,remote_sim,0.0,0.0815943048082211,0.0,0.0,1.2561440000000001,5.024576000000001e-08,0.0891336810962211,0.0,-0.012026867465500376,-0.015840170416784934,-0.017173158409180857,-0.018466163607375574,0.0,,,,,
clearaccept_confirmatory,qaoa_place,107,capo_mf_no_rescore,30.0,32.16,117.49659632050557,54,25,"{""0"": 18, ""1"": 6, ""2"": 30}",0.28027066600043327,181.09375,2.0,80.0,1.0,128,1,0,classical,0.05690757709365597,0.00487463062745519,0.0,0.0,0.03899704501964152,0.0,0.005108612897573039,0.0,-0.05740902733334883,-0.2431134536558652,-0.3258318133087177,-0.3596109387016318,0.0,,,,,
clearaccept_confirmatory,qaoa_place,107,joint_mf,30.0,44.16,117.97359060503325,66,24,"{""0"": 18, ""1"": 6, ""2"": 42}",0.1858633749652654,181.09375,2.0,20.0,0.0,128,1,0,classical,0.05690757709365597,0.00482734949036967,0.0,0.0,0.03861879592295736,0.0,0.005059062265907415,0.0,-0.05740418443107108,-0.2431077571342353,-0.3258069314607266,-0.35957420601371604,0.0,,,,,
clearaccept_confirmatory,qaoa_place,107,capo_chance,30.0,44.89999999999995,7.00522588014841,187,28,"{""0"": 145, ""2"": 42}",0.0779325410258025,181.09375,2.0,20.0,1.0,128,1,2,classical,0.05690757709365597,0.008023411850444973,0.0,0.0,0.06418729480355978,0.0,0.008408535619266331,0.0,-0.05773608758987623,-0.24316828951016572,-0.3259701066596544,-0.359595008756315,0.0,,,,,
clearaccept_confirmatory,qaoa_place,107,device_aware_sequential,30.0,42.0,1460.2395676475442,42,21,"{""2"": 42}",0.8083198749227449,181.09375,2.0,80.0,0.0,128,1,0,qpu_B,0.12399399386922352,6.280934695462406,0.95,1.0,430.7200000000001,0.030720000000000004,10.401254695462406,0.1,-11.486421087555021,-11.935527400394326,-12.177392132336463,-12.401474516813082,1.0,,,,,
clearaccept_confirmatory,qaoa_place,107,fixed_design_scheduler,30.0,42.0,200.7791284699344,42,10,"{""2"": 42}",0.15787275007460266,181.09375,1.0,40.0,0.0,128,1,2,classical,0.05690757709365597,0.004909739553113468,0.0,0.0,0.039277916424907744,0.0,0.005145407051662915,0.0,-0.057413694089008684,-0.24312361593158255,-0.3258257262861689,-0.35959592332062496,0.0,,,,,
clearaccept_confirmatory,qaoa_place,107,classical_only,30.0,0.0,0.0,0,0,{},5.292007699608803e-06,181.09375,1.0,40.0,0.0,512,0,1,classical,0.05690757709365597,0.004855838633375242,0.0,0.0,0.03884670906700194,0.0,0.005088918887777254,0.0,-0.0574086338585519,-0.24312242850698243,-0.3258258730783402,-0.35959458266312616,0.0,,,,,
clearaccept_confirmatory,qaoa_place,108,sequential,30.0,42.00000000000002,95.4395823171675,84,38,"{""1"": 60, ""2"": 24}",0.47240812494419515,181.09375,3.0,20.0,1.0,2048,1,1,remote_sim,1.2147413948738096e-05,0.10592831545697327,0.0,0.0,1.268432,5.073728000000001e-08,0.11354144432097328,0.0,-0.013784111481424883,-0.018856651542430124,-0.019909583086846837,-0.021363881380038925,0.0,,,,,
clearaccept_confirmatory,qaoa_place,108,capo_joint_only,30.0,30.0,139.9934451590294,30,10,"{""2"": 30}",0.2509477500570938,181.09375,3.0,20.0,0.0,512,1,0,classical,0.022067090597678606,0.004919229162624106,0.0,0.0,0.039353833300992846,0.0,0.005155352162430063,0.0,-0.022591684204368523,-0.027658333940406593,-0.18851401307108848,-0.46897285144681666,0.0,,,,,
clearaccept_confirmatory,qaoa_place,108,random,30.0,42.0,646.5195197890006,42,10,"{""2"": 42}",0.23538054095115513,181.09375,1.0,80.0,1.0,2048,1,2,classical,0.022067090597678606,0.004913864016998559,0.0,0.0,0.039310912135988474,0.0,0.005149729489814491,0.0,-0.02259102313194154,-0.02765508997700909,-0.18850322310670067,-0.46897396632311805,0.0,,,,,
clearaccept_confirmatory,qaoa_place,108,capo_mf_no_rescore,30.0,32.16,308.69267768050554,54,26,"{""0"": 18, ""1"": 6, ""2"": 30}",0.19237962504848838,181.09375,3.0,40.0,1.0,2048,0,1,classical,0.022067090597678606,0.004934427051921375,0.0,0.0,0.039475416415371,0.0,0.0051712795504136,0.0,-0.022593548682614525,-0.02765331617682109,-0.18849581161061132,-0.4689707267875659,0.0,,,,,
clearaccept_confirmatory,qaoa_place,108,joint_mf,30.0,44.16,12.3678079567355,66,25,"{""0"": 18, ""1"": 6, ""2"": 42}",0.06978762499056756,181.09375,3.0,20.0,0.0,512,0,0,classical,0.022067090597678606,0.004879718471784145,0.0,0.0,0.03903774777427316,0.0,0.005113944958429784,0.0,-0.02258781216062323,-0.027655083907104673,-0.188505427350308,-0.4689829238824153,0.0,,,,,
clearaccept_confirmatory,qaoa_place,108,capo_chance,30.0,44.19999999999996,7.176432664811167,152,22,"{""0"": 110, ""2"": 42}",0.04088720795698464,181.09375,1.0,20.0,1.0,2048,1,1,remote_sim,0.0,0.10587916345697328,0.0,0.0,1.2561440000000001,5.024576000000001e-08,0.11341853974497332,0.0,-0.013695324166521633,-0.018777510093371218,-0.019831058588744278,-0.021284599413798802,0.0,,,,,
clearaccept_confirmatory,qaoa_place,108,device_aware_sequential,30.0,42.0,197.94922862731917,42,19,"{""2"": 42}",0.381618959014304,181.09375,2.0,40.0,0.0,512,1,1,classical,0.022067090597678606,0.004890608935966156,0.0,0.0,0.03912487148772925,0.0,0.005125358164892532,0.0,-0.02258781508439598,-0.027651273455011272,-0.18851416602272314,-0.4689768121250348,0.0,,,,,
clearaccept_confirmatory,qaoa_place,108,fixed_design_scheduler,30.0,42.0,261.06151945982214,42,10,"{""2"": 42}",0.17665879195556045,181.09375,1.0,40.0,0.0,2048,1,0,classical,0.022067090597678606,0.004951046998030506,0.0,0.0,0.03960837598424405,0.0,0.00518869725393597,0.0,-0.022597026864092422,-0.027651872389668077,-0.18850964146909516,-0.4689889437747215,0.0,,,,,
clearaccept_confirmatory,qaoa_place,108,classical_only,30.0,0.0,0.0,0,0,{},5.58304600417614e-06,181.09375,1.0,40.0,0.0,512,0,1,classical,0.022067090597678606,0.004956104152370244,0.0,0.0,0.039648833218961954,0.0,0.005193997151684016,0.0,-0.022595830926295406,-0.027644128498455517,-0.18850866622661355,-0.4689758284688496,0.0,,,,,
clearaccept_confirmatory,qaoa_place,109,sequential,30.0,42.00000000000002,119.87228961300544,84,39,"{""1"": 60, ""2"": 24}",0.5099244590383023,181.09375,1.0,40.0,0.0,2048,0,1,classical,0.038948450489495544,0.004948833360685967,0.0,0.0,0.039590666885487735,0.0,0.005186377361998893,0.0,-0.0394568649917137,-0.10619033394490207,-0.10992441053455727,-0.11359996696862633,0.0,,,,,
clearaccept_confirmatory,qaoa_place,109,capo_joint_only,30.0,30.0,38.577933204853174,30,10,"{""2"": 30}",0.06303291604854167,181.09375,2.0,20.0,1.0,2048,1,1,local_sim,0.0,0.246608,0.0,0.0,1.972864,0.0,0.258445184,0.0,-0.02529191273035103,-0.03632599291619101,-0.038832843928937454,-0.04126556796349975,0.0,,,,,
clearaccept_confirmatory,qaoa_place,109,random,30.0,42.0,71.45762025175709,42,10,"{""2"": 42}",0.2716812500730157,181.09375,2.0,80.0,0.0,512,0,2,classical,0.038948450489495544,0.004963166924426332,0.0,0.0,0.03970533539541066,0.0,0.005201398936798796,0.0,-0.039457565112441494,-0.10617291935741241,-0.10992180224240808,-0.11360541301590814,0.0,,,,,
clearaccept_confirmatory,qaoa_place,109,capo_mf_no_rescore,30.0,32.16,775.5653074180228,54,25,"{""0"": 18, ""1"": 6, ""2"": 30}",0.25323849997948855,181.09375,1.0,40.0,1.0,512,1,2,classical,0.038948450489495544,0.004990119836293161,0.0,0.0,0.03992095869034529,0.0,0.005229645588435233,0.0,-0.03945974176706078,-0.10618734332305971,-0.1099219163287256,-0.11361304873341854,0.0,,,,,
clearaccept_confirmatory,qaoa_place,109,joint_mf,30.0,44.16,16.7172266357392,66,26,"{""0"": 18, ""1"": 6, ""2"": 42}",0.07364108297042549,181.09375,3.0,20.0,1.0,2048,0,2,classical,0.038948450489495544,0.004996677322196774,0.0,0.0,0.039973418577574193,0.0,0.0052365178336622195,0.0,-0.03946051457845605,-0.10617612405975138,-0.10992240255342924,-0.11360916853943097,0.0,,,,,
clearaccept_confirmatory,qaoa_place,109,capo_chance,30.0,44.099999999999966,7.667492336843776,147,21,"{""0"": 105, ""2"": 42}",0.06197858299128711,181.09375,3.0,80.0,1.0,512,1,0,remote_sim,0.00905287943304104,0.04708728029356613,0.0,0.0,1.268432,5.073728000000001e-08,0.05470040915756613,0.0,-0.019243143332437807,-0.059006187935140265,-0.07650421482666984,-0.12679167920374873,0.0,,,,,
clearaccept_confirmatory,qaoa_place,109,device_aware_sequential,30.0,42.0,309.08810889204017,42,19,"{""2"": 42}",0.566155208973214,181.09375,3.0,40.0,0.0,128,0,1,remote_sim,0.052631033745530284,1.6339995347634126,0.575,0.025,50.737280000000005,2.0294912e-06,1.9385246893234125,0.1,-1.7235001384171078,-2.507507356614472,-3.7988861589616523,-7.385204935590965,0.575,,,,,
clearaccept_confirmatory,qaoa_place,109,fixed_design_scheduler,30.0,42.0,298.37369889842535,42,10,"{""2"": 42}",0.22079579206183553,181.09375,1.0,40.0,0.0,512,0,1,classical,0.038948450489495544,0.004974177500116639,0.0,0.0,0.03979342000093311,0.0,0.0052129380201222375,0.0,-0.039458320308101466,-0.1061770510031972,-0.1099234850839784,-0.11360667385245653,0.0,,,,,
clearaccept_confirmatory,qaoa_place,109,classical_only,30.0,0.0,0.0,0,0,{},4.834029823541641e-06,181.09375,1.0,40.0,0.0,512,0,1,classical,0.038948450489495544,0.005848796994541772,0.0,0.0,0.046790375956334174,0.0,0.006129539250279777,0.0,-0.039539395833871685,-0.10630268372122616,-0.11002486257298637,-0.11376043648697506,0.0,,,,,
clearaccept_confirmatory,qaoa_place,110,sequential,30.0,42.00000000000002,172.6037752592763,84,42,"{""1"": 60, ""2"": 24}",0.7926694169873372,181.09375,3.0,20.0,0.0,128,0,2,classical,0.09371756632124953,0.005015166898374446,0.0,0.0,0.040121335186995566,0.0,0.005255894909496419,0.0,-0.09431989267455528,-0.21009309383912203,-0.2153237971949688,-0.2221182689806465,0.0,,,,,
clearaccept_confirmatory,qaoa_place,110,capo_joint_only,30.0,30.0,291.7927258723286,30,10,"{""2"": 30}",0.18121145898476243,181.09375,3.0,20.0,1.0,128,0,0,classical,0.09371756632124953,0.005024749785661697,0.0,0.0,0.04019799828529358,0.0,0.005265937775373459,0.0,-0.09432124550932787,-0.21010455542452375,-0.21530832322159627,-0.22213349117165387,0.0,,,,,
clearaccept_confirmatory,qaoa_place,110,random,30.0,42.0,269.8183852762078,42,10,"{""2"": 42}",0.1937300000572577,181.09375,3.0,20.0,1.0,2048,1,2,remote_sim,0.0,0.24401754420293392,0.025,0.0,1.268432,5.073728000000001e-08,0.25163067306693393,0.0,-0.07515466716565262,-0.03561230301406858,-0.5302139792141585,-2.0124440707434244,0.025,,,,,
clearaccept_confirmatory,qaoa_place,110,capo_mf_no_rescore,30.0,32.16,30.501652272165305,54,25,"{""0"": 18, ""1"": 6, ""2"": 30}",0.07176287495531142,181.09375,1.0,20.0,1.0,512,0,0,remote_sim,0.055909323412228165,0.05396839220293394,0.0,0.0,1.2561440000000001,5.024576000000001e-08,0.06150776849093394,0.0,-0.0672858108439159,-0.1962953308993748,-0.20478467936371517,-0.22345574967107876,0.0,,,,,
clearaccept_confirmatory,qaoa_place,110,joint_mf,30.0,44.16,165.23310254339958,66,23,"{""0"": 18, ""1"": 6, ""2"": 42}",0.2865292920032516,181.09375,1.0,40.0,1.0,2048,0,1,local_sim,0.0,0.148304,0.025,0.0,1.186432,0.0,0.155422592,0.0,-0.06781278002371097,-0.024176147011085447,-0.5208393219769923,-2.0098153671676418,0.025,,,,,
clearaccept_confirmatory,qaoa_place,110,capo_chance,30.0,44.49999999999996,9.178719229798453,167,25,"{""0"": 125, ""2"": 42}",0.04042187496088445,181.09375,1.0,80.0,1.0,2048,0,0,local_sim,0.0,0.108304,0.0,0.0,0.866432,0.0,0.11350259199999999,0.0,-0.013008383642302246,-0.017514300086060863,-0.017837962273045703,-0.017997290724099255,0.0,,,,,
clearaccept_confirmatory,qaoa_place,110,device_aware_sequential,30.0,42.0,344.8114048823914,42,22,"{""2"": 42}",0.4319482089485973,181.09375,3.0,40.0,0.0,512,0,2,classical,0.09371756632124953,0.005089338374091312,0.0,0.0,0.0407147069927305,0.0,0.005333626616047695,0.0,-0.09433004366767817,-0.21009884146894114,-0.21531422757991955,-0.22214771038376974,0.0,,,,,
clearaccept_confirmatory,qaoa_place,110,fixed_design_scheduler,30.0,42.0,283.8533830370275,42,9,"{""2"": 42}",0.22258654201868922,181.09375,1.0,40.0,0.0,512,0,0,classical,0.09371756632124953,0.004973572373273782,0.0,0.0,0.03978857898619026,0.0,0.005212303847190924,0.0,-0.09431478563854086,-0.21010291724028146,-0.21530567965056152,-0.22213151755596738,0.0,,,,,
clearaccept_confirmatory,qaoa_place,110,classical_only,30.0,0.0,0.0,0,0,{},5.166977643966675e-06,181.09375,1.0,40.0,0.0,512,0,1,classical,0.09371756632124953,0.004962593375239521,0.0,0.0,0.03970074700191617,0.0,0.0052007978572510185,0.0,-0.09431374880200098,-0.21010108638561872,-0.21529546007472009,-0.22210261176039758,0.0,,,,,
clearaccept_confirmatory,qaoa_place,111,sequential,30.0,42.00000000000002,87.04168200859111,84,35,"{""1"": 60, ""2"": 24}",0.6018821669276804,181.09375,2.0,20.0,1.0,512,1,2,remote_sim,0.0,0.23192355727348177,0.075,0.0,1.262288,5.049152000000001e-08,0.23949980984948174,0.0,-0.17187560250616882,-0.03338205530232134,-1.5288527946213937,-2.033830086140073,0.075,,,,,
clearaccept_confirmatory,qaoa_place,111,capo_joint_only,30.0,30.0,126.58938789271453,30,10,"{""2"": 30}",0.1341275000013411,181.09375,2.0,40.0,1.0,128,0,0,classical,0.1488063878616143,0.004906531568849459,0.0,0.0,0.039252252550795674,0.0,0.005142045084154233,0.0,-0.149345156626583,-0.3394033575213793,-0.4217569735092025,-0.4799162681394242,0.0,,,,,
clearaccept_confirmatory,qaoa_place,111,random,30.0,42.0,99.56942867295467,42,10,"{""2"": 42}",0.23478887497913092,181.09375,1.0,20.0,1.0,512,0,0,remote_sim,0.08945070718129317,0.04189898127348174,0.0,0.0,1.2561440000000001,5.024576000000001e-08,0.04943835756148175,0.0,-0.09957357412790557,-0.392331158498338,-0.4109302572811664,-0.43051129927594767,0.0,,,,,
clearaccept_confirmatory,qaoa_place,111,capo_mf_no_rescore,30.0,32.16,158.4317605175596,54,24,"{""0"": 18, ""1"": 6, ""2"": 30}",0.2211952080251649,181.09375,3.0,20.0,1.0,512,0,1,classical,0.1488063878616143,0.004882869790890254,0.0,0.0,0.03906295832712203,0.0,0.005117247540852987,0.0,-0.1493427760173816,-0.339373089510263,-0.42175854506014554,-0.47992036444447866,0.0,,,,,
clearaccept_confirmatory,qaoa_place,111,joint_mf,30.0,44.16,251.44941659119783,66,24,"{""0"": 18, ""1"": 6, ""2"": 42}",0.16078795900102705,181.09375,1.0,80.0,0.0,128,0,2,classical,0.1488063878616143,0.004889306830591522,0.0,0.0,0.03911445464473218,0.0,0.005123993558459915,0.0,-0.1493422864320536,-0.3394033075401135,-0.4217532708991711,-0.4799173319916829,0.0,,,,,
clearaccept_confirmatory,qaoa_place,111,capo_chance,30.0,43.39999999999998,8.592677910359633,112,14,"{""0"": 70, ""2"": 42}",0.044321708963252604,181.09375,2.0,20.0,1.0,512,1,1,local_sim,0.0,0.246608,0.075,0.0,1.972864,0.0,0.258445184,0.0,-0.17704166272616217,-0.03939261775717077,-1.5344024072704694,-2.0395405516256293,0.075,,,,,
clearaccept_confirmatory,qaoa_place,111,device_aware_sequential,30.0,42.0,260.3229466465531,42,20,"{""2"": 42}",0.5251867920160294,181.09375,3.0,40.0,0.0,2048,0,2,classical,0.1488063878616143,0.0049995105946436524,0.0,0.0,0.03999608475714922,0.0,0.005239487103186548,0.0,-0.14935550987149576,-0.3394235688414388,-0.42176284084532367,-0.47991777733826113,0.0,,,,,
clearaccept_confirmatory,qaoa_place,111,fixed_design_scheduler,30.0,42.0,162.24119366711682,42,10,"{""2"": 42}",0.17692033294588327,181.09375,1.0,40.0,0.0,128,0,0,classical,0.1488063878616143,0.004992161659174599,0.0,0.0,0.03993729327339679,0.0,0.00523178541881498,0.0,-0.1493542569066913,-0.3393877643308736,-0.4217644856462568,-0.4799165124174436,0.0,,,,,
clearaccept_confirmatory,qaoa_place,111,classical_only,30.0,0.0,0.0,0,0,{},5.999929271638393e-06,181.09375,1.0,40.0,0.0,512,0,1,classical,0.1488063878616143,0.004949937385390513,0.0,0.0,0.0395994990831241,0.0,0.005187534379889257,0.0,-0.14934924132256905,-0.33939049006115224,-0.42176022111171574,-0.47991552100929913,0.0,,,,,
clearaccept_confirmatory,vqc,100,sequential,30.0,42.00000000000002,4.771971153030435,84,59,"{""1"": 60, ""2"": 24}",4.069365208037198,190.234375,,,,2048,0,2,remote_sim,0.15375,0.07854023859322398,0.025,0.0,4.8e-05,1.9200000000000003e-12,0.078540526689224,0.025,-0.20884769449380514,-0.16376105246348363,-0.7637878394872832,-2.5576923416399167,0.025,6.0,1.0,0.0,120.0,0.05
clearaccept_confirmatory,vqc,100,capo_joint_only,30.0,30.0,0.9657873231777325,30,10,"{""2"": 30}",0.6251243340084329,190.234375,,,,2048,0,1,local_sim,0.14406249999999998,0.000768,0.0,0.0,0.006144,0.0,0.000804864,0.0,-0.14415285892955015,-0.15012416475741444,-0.1563540675683778,-0.1626026845244811,0.0,6.0,1.0,0.0,120.0,0.15
clearaccept_confirmatory,vqc,100,random,30.0,42.0,17.79157531238742,42,10,"{""2"": 42}",1.2928848339943215,190.234375,,,,512,1,1,local_sim,0.14812499999999998,0.001536,0.0,0.0,0.012288,0.0,0.001609728,0.0,-0.14830571785910027,-0.16270230339420258,-0.16272045834329457,-0.16273707602113266,0.0,6.0,1.0,1.0,30.0,0.15
clearaccept_confirmatory,vqc,100,capo_mf_no_rescore,30.0,32.16,6.909119972713276,54,24,"{""0"": 18, ""1"": 6, ""2"": 30}",1.477541791042313,190.234375,,,,2048,1,0,local_sim,0.13749999999999996,0.000256,0.0,0.0,0.002048,0.0,0.000268288,0.0,-0.13753011964318335,-0.13754066765140216,-0.13754187351403593,-0.13754286631436222,0.0,4.0,1.0,1.0,60.0,0.05
clearaccept_confirmatory,vqc,100,joint_mf,30.0,44.16,1.0560059185256447,66,26,"{""0"": 18, ""1"": 6, ""2"": 42}",0.5158246669452637,190.234375,,,,2048,0,0,local_sim,0.1265625,0.000512,0.0,0.0,0.004096,0.0,0.000536576,0.0,-0.12662273928636675,-0.13753502320786593,-0.137555189772483,-0.13757049824918086,0.0,4.0,2.0,1.0,60.0,0.15
clearaccept_confirmatory,vqc,100,capo_chance,30.0,43.09999999999998,2.8966289925421376,97,11,"{""0"": 55, ""2"": 42}",1.3828895000042394,190.234375,,,,128,1,2,local_sim,0.12781249999999997,0.001536,0.0,0.0,0.012288,0.0,0.001609728,0.0,-0.12799321785910028,-0.13773520848675538,-0.14086089124383383,-0.15020536904896226,0.0,6.0,2.0,0.0,120.0,0.15
clearaccept_confirmatory,vqc,100,device_aware_sequential,30.0,42.0,8.336453631929668,42,22,"{""2"": 42}",1.3292026669951156,190.234375,,,,512,1,1,remote_sim,0.13718749999999996,0.07854017459322399,0.0,0.0,3.2000000000000005e-05,1.2800000000000002e-12,0.078540366657224,0.025,-0.14329816301972872,-0.14003352464584726,-0.2570472829965652,-0.6045464155664879,0.025,4.0,2.0,1.0,60.0,0.15
clearaccept_confirmatory,vqc,100,fixed_design_scheduler,30.0,42.0,3.7907093842599306,42,10,"{""2"": 42}",0.8023411250906065,190.234375,,,,512,1,0,classical,0.19999999999999996,0.001,0.0,0.0,0.008,0.0,0.001048,0.0,-0.20011765485618502,-0.20015885801328984,-0.200163568414203,-0.20016744654047752,0.0,4.0,2.0,0.0,60.0,0.05
clearaccept_confirmatory,vqc,100,classical_only,30.0,0.0,0.0,0,0,{},4.792003892362118e-06,190.234375,,,,512,0,1,classical,0.19999999999999996,0.001,0.0,0.0,0.008,0.0,0.001048,0.0,-0.20011765485618502,-0.20015885801328984,-0.200163568414203,-0.20016744654047752,0.0,4.0,2.0,0.0,60.0,0.05
clearaccept_confirmatory,vqc,101,sequential,30.0,42.00000000000002,5.646452881627653,84,58,"{""1"": 60, ""2"": 24}",7.365825832937844,190.234375,,,,128,0,0,remote_sim,0.23156250000000003,0.05111495392701646,0.0,0.0,0.000288,1.1520000000000001e-11,0.051116682503016465,0.0,-0.23480174693305936,-0.2529244516837211,-0.26049293873852514,-0.26527776552875115,0.0,6.0,3.0,1.0,120.0,0.05
clearaccept_confirmatory,vqc,101,capo_joint_only,30.0,30.0,2.592822046256678,30,10,"{""2"": 30}",1.1896020830608904,190.234375,,,,512,0,0,local_sim,0.24625000000000002,0.003072,0.0,0.0,0.024576,0.0,0.003219456,0.0,-0.24659598201901994,-0.25050503599087454,-0.26282809234516025,-0.27525677248433084,0.0,6.0,2.0,1.0,60.0,0.15
clearaccept_confirmatory,vqc,101,random,30.0,42.0,6.7540211757550415,42,10,"{""2"": 42}",2.0426456250716,190.234375,,,,512,1,2,remote_sim,0.25687499999999996,0.05111418592701646,0.0,0.0,9.6e-05,3.840000000000001e-12,0.051114762119016464,0.0,-0.26011304491755455,-0.2692289545126173,-0.278964775889199,-0.2900991636070732,0.0,6.0,2.0,0.0,60.0,0.05
clearaccept_confirmatory,vqc,101,capo_mf_no_rescore,30.0,32.16,4.1945331387520435,54,26,"{""0"": 18, ""1"": 6, ""2"": 30}",1.7925116670085117,190.234375,,,,512,0,1,classical,0.30000000000000004,0.001,0.0,0.0,0.008,0.0,0.001048,0.0,-0.30011262435514974,-0.30015991771149797,-0.3001633190749153,-0.3001656648016555,0.0,2.0,2.0,0.0,30.0,0.05
clearaccept_confirmatory,vqc,101,joint_mf,30.0,44.16,2.268429463189651,66,26,"{""0"": 18, ""1"": 6, ""2"": 42}",1.2712013750569895,190.234375,,,,2048,0,1,remote_sim,0.24593750000000006,0.05111418592701646,0.0,0.0,9.6e-05,3.840000000000001e-12,0.051114762119016464,0.0,-0.24917554491755461,-0.25672895451261735,-0.2626097107997286,-0.2650991636070732,0.0,6.0,2.0,0.0,30.0,0.15
clearaccept_confirmatory,vqc,101,capo_chance,30.0,43.19999999999998,6.575321562731669,102,12,"{""0"": 60, ""2"": 42}",1.5751801659353077,190.234375,,,,2048,0,0,remote_sim,0.24593750000000006,0.05111456992701646,0.0,0.0,0.000192,7.680000000000001e-12,0.051115722311016465,0.0,-0.24917614592530696,-0.2545713732490807,-0.25923621224479454,-0.2658223205153222,0.0,6.0,2.0,1.0,60.0,0.15
clearaccept_confirmatory,vqc,101,device_aware_sequential,30.0,42.0,14.267944366443345,42,20,"{""2"": 42}",1.3368601669790223,190.234375,,,,128,1,0,local_sim,0.266875,0.002304,0.0,0.0,0.018432,0.0,0.002414592,0.0,-0.26713448651426497,-0.27536683327867717,-0.28472321331905015,-0.3003816917030143,0.0,6.0,3.0,0.0,30.0,0.05
clearaccept_confirmatory,vqc,101,fixed_design_scheduler,30.0,42.0,1.414339755720327,42,9,"{""2"": 42}",0.9442924170289189,190.234375,,,,512,0,0,remote_sim,0.3015625,0.07611386592701645,0.025,0.0,1.6000000000000003e-05,6.400000000000001e-13,0.07611396195901646,0.025,-0.3575788735915545,-0.31970249705546117,-0.8989309482896405,-2.615584745626431,0.025,4.0,2.0,0.0,60.0,0.05
clearaccept_confirmatory,vqc,101,classical_only,30.0,0.0,0.0,0,0,{},5.95790334045887e-06,190.234375,,,,512,0,1,classical,0.30000000000000004,0.001,0.0,0.0,0.008,0.0,0.001048,0.0,-0.30011262435514974,-0.30015991771149797,-0.3001633190749153,-0.3001656648016555,0.0,4.0,2.0,0.0,60.0,0.05
clearaccept_confirmatory,vqc,102,sequential,30.0,42.00000000000002,12.038445158463471,84,58,"{""1"": 60, ""2"": 24}",3.3987700830912217,190.234375,,,,512,0,2,qpu_B,0.0925,0.09418789955952914,0.0,0.0,5.5120000000000005,0.000512,0.1528598995595291,0.0,-0.15735738781747238,-0.16546694148764318,-0.17421960800980796,-0.18304652884925693,0.0,6.0,1.0,0.0,60.0,0.05
clearaccept_confirmatory,vqc,102,capo_joint_only,30.0,30.0,3.0042984463167524,30,10,"{""2"": 30}",1.4218699589837343,190.234375,,,,128,0,0,classical,0.11250000000000004,0.001,0.0,0.0,0.008,0.0,0.001048,0.0,-0.11261336862220275,-0.11265923174616783,-0.11266282072877246,-0.11266617807845235,0.0,6.0,3.0,0.0,60.0,0.15
clearaccept_confirmatory,vqc,102,random,30.0,42.0,1.7892063719187015,42,10,"{""2"": 42}",0.39839216705877334,190.234375,,,,128,1,0,classical,0.11250000000000004,0.001,0.0,0.0,0.008,0.0,0.001048,0.0,-0.11261336862220275,-0.11265923174616783,-0.11266282072877246,-0.11266617807845235,0.0,4.0,3.0,0.0,120.0,0.05
clearaccept_confirmatory,vqc,102,capo_mf_no_rescore,30.0,32.16,5.746968833092598,54,26,"{""0"": 18, ""1"": 6, ""2"": 30}",1.3868508338928223,190.234375,,,,2048,1,1,classical,0.11250000000000004,0.001,0.0,0.0,0.008,0.0,0.001048,0.0,-0.11261336862220275,-0.11265923174616783,-0.11266282072877246,-0.11266617807845235,0.0,2.0,1.0,1.0,120.0,0.05
clearaccept_confirmatory,vqc,102,joint_mf,30.0,44.16,14.696803578865946,66,26,"{""0"": 18, ""1"": 6, ""2"": 42}",3.1274793340126052,190.234375,,,,512,1,1,remote_sim,0.11843750000000001,0.021545836809904035,0.0,0.0,9.6e-05,3.840000000000001e-12,0.021546413001904033,0.0,-0.11990355205012122,-0.1382797063167935,-0.14227542627490175,-0.15097216399228655,0.0,6.0,2.0,0.0,120.0,0.05
clearaccept_confirmatory,vqc,102,capo_chance,30.0,43.199999999999974,0.9144156507949379,102,12,"{""0"": 60, ""2"": 42}",1.2761705829761922,190.234375,,,,128,1,0,remote_sim,0.09437500000000001,0.021545836809904035,0.0,0.0,9.6e-05,3.840000000000001e-12,0.021546413001904033,0.0,-0.0958410520501212,-0.10245614687053312,-0.10850557682389769,-0.11347771249232853,0.0,6.0,1.0,1.0,60.0,0.05
clearaccept_confirmatory,vqc,102,device_aware_sequential,30.0,42.0,8.70643238708118,42,22,"{""2"": 42}",1.5818301250692457,190.234375,,,,2048,1,2,remote_sim,0.08781250000000003,0.021545836809904035,0.0,0.0,9.6e-05,3.840000000000001e-12,0.021546413001904033,0.0,-0.08927855205012122,-0.08999519704126793,-0.09385240046089788,-0.10078560600681144,0.0,6.0,1.0,1.0,60.0,0.05
clearaccept_confirmatory,vqc,102,fixed_design_scheduler,30.0,42.0,8.141602356924754,42,9,"{""2"": 42}",0.7357686669565737,190.234375,,,,2048,0,0,classical,0.11250000000000004,0.001,0.0,0.0,0.008,0.0,0.001048,0.0,-0.11261336862220275,-0.11265923174616783,-0.11266282072877246,-0.11266617807845235,0.0,4.0,2.0,0.0,60.0,0.05
clearaccept_confirmatory,vqc,102,classical_only,30.0,0.0,0.0,0,0,{},6.166985258460045e-06,190.234375,,,,512,0,1,classical,0.11250000000000004,0.001,0.0,0.0,0.008,0.0,0.001048,0.0,-0.11261336862220275,-0.11265923174616783,-0.11266282072877246,-0.11266617807845235,0.0,4.0,2.0,0.0,60.0,0.05
clearaccept_confirmatory,vqc,103,sequential,30.0,42.00000000000002,4.862380705001949,84,56,"{""1"": 60, ""2"": 24}",2.9621664159931242,190.234375,,,,2048,1,2,local_sim,0.06218749999999999,0.000768,0.0,0.0,0.006144,0.0,0.000804864,0.0,-0.0622744366524141,-0.06261502720182714,-0.06261814671390997,-0.06262241032961312,0.0,6.0,1.0,0.0,30.0,0.05
clearaccept_confirmatory,vqc,103,capo_joint_only,30.0,30.0,11.642590614761614,30,10,"{""2"": 30}",0.6937155839987099,190.234375,,,,2048,0,2,remote_sim,0.07968749999999998,0.03210302741874047,0.0,0.0,1.6000000000000003e-05,6.400000000000001e-13,0.03210312345074047,0.0,-0.08176293421193143,-0.09044744158333284,-0.09082622395534404,-0.09133663484430912,0.0,4.0,2.0,0.0,60.0,0.15
clearaccept_confirmatory,vqc,103,random,30.0,42.0,7.614632886158162,42,10,"{""2"": 42}",0.8037234999937937,190.234375,,,,2048,0,1,classical,0.08750000000000002,0.001,0.0,0.0,0.008,0.0,0.001048,0.0,-0.08761319876616422,-0.08765018018563409,-0.08765617273502788,-0.08765938845001711,0.0,4.0,3.0,0.0,30.0,0.15
clearaccept_confirmatory,vqc,103,capo_mf_no_rescore,30.0,32.16,4.314498040451339,54,26,"{""0"": 18, ""1"": 6, ""2"": 30}",0.7563204590696841,190.234375,,,,512,1,0,classical,0.08750000000000002,0.001,0.0,0.0,0.008,0.0,0.001048,0.0,-0.08761319876616422,-0.08765018018563409,-0.08765617273502788,-0.08765938845001711,0.0,4.0,2.0,0.0,120.0,0.05
clearaccept_confirmatory,vqc,103,joint_mf,30.0,44.16,2.9654383546637044,66,24,"{""0"": 18, ""1"": 6, ""2"": 42}",0.41245929209981114,190.234375,,,,128,0,0,classical,0.08750000000000002,0.001,0.0,0.0,0.008,0.0,0.001048,0.0,-0.08761319876616422,-0.08765018018563409,-0.08765617273502788,-0.08765938845001711,0.0,2.0,1.0,1.0,60.0,0.15
clearaccept_confirmatory,vqc,103,capo_chance,30.0,42.999999999999986,3.983636556173594,92,10,"{""0"": 50, ""2"": 42}",1.5850646659964696,190.234375,,,,2048,1,2,classical,0.08750000000000002,0.001,0.0,0.0,0.008,0.0,0.001048,0.0,-0.08761319876616422,-0.08765018018563409,-0.08765617273502788,-0.08765938845001711,0.0,2.0,2.0,1.0,120.0,0.15
clearaccept_confirmatory,vqc,103,device_aware_sequential,30.0,42.0,5.10389318116196,42,22,"{""2"": 42}",0.90905500005465,190.234375,,,,512,1,2,classical,0.08750000000000002,0.001,0.0,0.0,0.008,0.0,0.001048,0.0,-0.08761319876616422,-0.08765018018563409,-0.08765617273502788,-0.08765938845001711,0.0,6.0,2.0,0.0,30.0,0.05
clearaccept_confirmatory,vqc,103,fixed_design_scheduler,30.0,42.0,5.724823766662743,42,9,"{""2"": 42}",0.7156827079597861,190.234375,,,,512,1,1,remote_sim,0.08249999999999999,0.03210302741874047,0.0,0.0,1.6000000000000003e-05,6.400000000000001e-13,0.03210312345074047,0.0,-0.08457543421193145,-0.09075752555908,-0.09146543489820884,-0.0922335873166984,0.0,4.0,2.0,0.0,60.0,0.05
clearaccept_confirmatory,vqc,103,classical_only,30.0,0.0,0.0,0,0,{},6.00004568696022e-06,190.234375,,,,512,0,1,classical,0.08750000000000002,0.001,0.0,0.0,0.008,0.0,0.001048,0.0,-0.08761319876616422,-0.08765018018563409,-0.08765617273502788,-0.08765938845001711,0.0,4.0,2.0,0.0,60.0,0.05
clearaccept_confirmatory,vqc,104,sequential,30.0,42.00000000000002,11.265172148795221,84,58,"{""1"": 60, ""2"": 24}",4.780225292081013,190.234375,,,,128,1,0,qpu_B,0.20124999999999998,0.08692503482265303,0.0,0.0,5.384,0.000384,0.13842903482265304,0.0,-0.25826580575290636,-0.2813412888863091,-0.29934140809018184,-0.3126844353932256,0.0,6.0,3.0,1.0,60.0,0.05
clearaccept_confirmatory,vqc,104,capo_joint_only,30.0,30.0,6.0909244141664765,30,10,"{""2"": 30}",0.8862869169097394,190.234375,,,,2048,0,2,remote_sim,0.26625,0.03225521980203945,0.0,0.0,4.000000000000001e-06,1.6000000000000003e-13,0.03225524381003945,0.0,-0.26823369188716367,-0.2769895308601014,-0.2785199605234158,-0.2800989670655199,0.0,2.0,2.0,1.0,30.0,0.15
clearaccept_confirmatory,vqc,104,random,30.0,42.0,2.2853724126811343,42,10,"{""2"": 42}",1.5342300420161337,190.234375,,,,128,1,2,remote_sim,0.241875,0.03225597180203944,0.0,0.0,0.000192,7.680000000000001e-12,0.032257124186039446,0.0,-0.24385986879636,-0.2559654155347969,-0.265183428871113,-0.2685295190795414,0.0,6.0,2.0,1.0,60.0,0.05
clearaccept_confirmatory,vqc,104,capo_mf_no_rescore,30.0,32.16,6.0545249125636715,54,26,"{""0"": 18, ""1"": 6, ""2"": 30}",1.5832209580112249,190.234375,,,,128,0,0,remote_sim,0.20656249999999998,0.032256355802039435,0.0,0.0,0.000288,1.1520000000000001e-11,0.03225808437803944,0.0,-0.20854796977126872,-0.2295637194368041,-0.2415464270885327,-0.25092942120015166,0.0,6.0,3.0,1.0,60.0,0.05
clearaccept_confirmatory,vqc,104,joint_mf,30.0,44.16,8.729007742301043,66,26,"{""0"": 18, ""1"": 6, ""2"": 42}",1.190710416994989,190.28125,,,,2048,1,1,remote_sim,0.24562499999999998,0.032255587802039444,0.0,0.0,9.6e-05,3.840000000000001e-12,0.032256163994039445,0.0,-0.24760926782145126,-0.2551924968351056,-0.2620215264094958,-0.2645279354982219,0.0,6.0,2.0,0.0,30.0,0.05
clearaccept_confirmatory,vqc,104,capo_chance,30.0,42.999999999999986,2.994583539728124,92,10,"{""0"": 50, ""2"": 42}",0.48836304200813174,190.28125,,,,128,0,0,classical,0.26249999999999996,0.001,0.0,0.0,0.008,0.0,0.001048,0.0,-0.2626125388248165,-0.26266130438990365,-0.2626642251091321,-0.26266603123842325,0.0,4.0,2.0,1.0,60.0,0.05
clearaccept_confirmatory,vqc,104,device_aware_sequential,30.0,42.0,13.11158229109098,42,22,"{""2"": 42}",1.259649834013544,190.28125,,,,128,0,0,remote_sim,0.2359375,0.03225577980203944,0.0,0.0,0.000144,5.7600000000000005e-12,0.03225664409003944,0.0,-0.23792206830890567,-0.2644123693036263,-0.2743093125657789,-0.2892044863661184,0.0,6.0,3.0,0.0,30.0,0.15
clearaccept_confirmatory,vqc,104,fixed_design_scheduler,30.0,42.0,3.6542631638848264,42,10,"{""2"": 42}",0.9507059589959681,190.28125,,,,2048,1,1,classical,0.26249999999999996,0.001,0.0,0.0,0.008,0.0,0.001048,0.0,-0.2626125388248165,-0.26266130438990365,-0.2626642251091321,-0.26266603123842325,0.0,4.0,2.0,0.0,60.0,0.05
clearaccept_confirmatory,vqc,104,classical_only,30.0,0.0,0.0,0,0,{},5.00003807246685e-06,190.28125,,,,512,0,1,classical,0.26249999999999996,0.001,0.0,0.0,0.008,0.0,0.001048,0.0,-0.2626125388248165,-0.26266130438990365,-0.2626642251091321,-0.26266603123842325,0.0,4.0,2.0,0.0,60.0,0.05
clearaccept_confirmatory,vqc,105,sequential,30.0,42.00000000000002,4.774275296289959,84,56,"{""1"": 60, ""2"": 24}",3.51531933399383,190.296875,,,,512,0,2,remote_sim,0.19812499999999997,0.05753277857489385,0.0,0.0,9.6e-05,3.840000000000001e-12,0.05753335476689385,0.0,-0.20237251947912896,-0.2170113225881549,-0.21849805677335665,-0.22139501151684352,0.0,6.0,2.0,0.0,60.0,0.05
clearaccept_confirmatory,vqc,105,capo_joint_only,30.0,30.0,3.9649525284541647,30,10,"{""2"": 30}",1.0717338749673218,190.296875,,,,128,1,2,classical,0.2125,0.001,0.0,0.0,0.008,0.0,0.001048,0.0,-0.21262134534215313,-0.21265631978345795,-0.21266438518611974,-0.21266634034078688,0.0,2.0,3.0,1.0,120.0,0.15
clearaccept_confirmatory,vqc,105,random,30.0,42.0,10.687806559692183,42,10,"{""2"": 42}",1.7762221250450239,190.296875,,,,2048,1,0,classical,0.2125,0.001,0.0,0.0,0.008,0.0,0.001048,0.0,-0.21262134534215313,-0.21265631978345795,-0.21266438518611974,-0.21266634034078688,0.0,4.0,1.0,1.0,120.0,0.05
clearaccept_confirmatory,vqc,105,capo_mf_no_rescore,30.0,32.16,4.883648908792589,54,26,"{""0"": 18, ""1"": 6, ""2"": 30}",0.9069531250279397,190.296875,,,,512,1,1,classical,0.2125,0.001,0.0,0.0,0.008,0.0,0.001048,0.0,-0.21262134534215313,-0.21265631978345795,-0.21266438518611974,-0.21266634034078688,0.0,6.0,3.0,0.0,60.0,0.15
clearaccept_confirmatory,vqc,105,joint_mf,30.0,44.16,9.089672784470537,66,26,"{""0"": 18, ""1"": 6, ""2"": 42}",1.0120860419701785,190.296875,,,,2048,0,1,local_sim,0.19906249999999998,0.001536,0.0,0.0,0.012288,0.0,0.001609728,0.0,-0.19924888644554722,-0.21262617223115926,-0.21271838079728003,-0.21273629196471933,0.0,6.0,2.0,0.0,30.0,0.15
clearaccept_confirmatory,vqc,105,capo_chance,30.0,42.999999999999986,5.679490148713389,92,10,"{""0"": 50, ""2"": 42}",1.0420907499501482,190.296875,,,,128,1,2,classical,0.2125,0.001,0.0,0.0,0.008,0.0,0.001048,0.0,-0.21262134534215313,-0.21265631978345795,-0.21266438518611974,-0.21266634034078688,0.0,2.0,2.0,0.0,60.0,0.05
clearaccept_confirmatory,vqc,105,device_aware_sequential,30.0,42.0,6.672270206913219,42,22,"{""2"": 42}",5.101627500029281,190.296875,,,,2048,0,0,local_sim,0.2234375,0.004608,0.0,0.0,0.036864,0.0,0.004829184,0.0,-0.2239966593366418,-0.23794558892766576,-0.23822570477990881,-0.238266496290346,0.0,6.0,3.0,1.0,120.0,0.05
clearaccept_confirmatory,vqc,105,fixed_design_scheduler,30.0,42.0,8.389920178198693,42,10,"{""2"": 42}",0.5980253330199048,190.296875,,,,512,1,0,classical,0.2125,0.001,0.0,0.0,0.008,0.0,0.001048,0.0,-0.21262134534215313,-0.21265631978345795,-0.21266438518611974,-0.21266634034078688,0.0,4.0,2.0,0.0,60.0,0.05
clearaccept_confirmatory,vqc,105,classical_only,30.0,0.0,0.0,0,0,{},6.582937203347683e-06,190.296875,,,,512,0,1,classical,0.2125,0.001,0.0,0.0,0.008,0.0,0.001048,0.0,-0.21262134534215313,-0.21265631978345795,-0.21266438518611974,-0.21266634034078688,0.0,4.0,2.0,0.0,60.0,0.05
clearaccept_confirmatory,vqc,106,sequential,30.0,42.00000000000002,6.687963229295469,84,59,"{""1"": 60, ""2"": 24}",2.793496208032593,190.296875,,,,2048,1,0,local_sim,0.15187500000000004,0.001536,0.0,0.0,0.012288,0.0,0.001609728,0.0,-0.15204850084868718,-0.16269304090343178,-0.16586031499676734,-0.17518715946631644,0.0,6.0,1.0,1.0,60.0,0.05
clearaccept_confirmatory,vqc,106,capo_joint_only,30.0,30.0,10.610520510559297,30,10,"{""2"": 30}",1.1373394159600139,190.296875,,,,128,0,1,classical,0.16249999999999998,0.001,0.0,0.0,0.008,0.0,0.001048,0.0,-0.1626129562816973,-0.16265744952114833,-0.1626646106854026,-0.16266793885881475,0.0,2.0,2.0,0.0,60.0,0.05
clearaccept_confirmatory,vqc,106,random,30.0,42.0,8.066630546266927,42,10,"{""2"": 42}",2.7603229999076575,190.296875,,,,512,1,2,remote_sim,0.16249999999999998,0.0770747902313365,0.0,0.0,9.6e-05,3.840000000000001e-12,0.0770753664233365,0.0,-0.16746538811298928,-0.17201851098309842,-0.1772215460761762,-0.1817032278838466,0.0,6.0,2.0,0.0,120.0,0.05
clearaccept_confirmatory,vqc,106,capo_mf_no_rescore,30.0,32.16,12.045483608488013,54,26,"{""0"": 18, ""1"": 6, ""2"": 30}",0.8774869579356164,190.328125,,,,128,0,1,classical,0.16249999999999998,0.001,0.0,0.0,0.008,0.0,0.001048,0.0,-0.1626129562816973,-0.16265744952114833,-0.1626646106854026,-0.16266793885881475,0.0,4.0,1.0,0.0,120.0,0.15
clearaccept_confirmatory,vqc,106,joint_mf,30.0,44.16,2.1025876121969933,66,26,"{""0"": 18, ""1"": 6, ""2"": 42}",1.3902574999956414,190.375,,,,128,0,1,classical,0.16249999999999998,0.001,0.0,0.0,0.008,0.0,0.001048,0.0,-0.1626129562816973,-0.16265744952114833,-0.1626646106854026,-0.16266793885881475,0.0,4.0,2.0,0.0,30.0,0.15
clearaccept_confirmatory,vqc,106,capo_chance,30.0,42.999999999999986,2.2735089626506206,92,10,"{""0"": 50, ""2"": 42}",1.5126792499795556,190.375,,,,512,0,0,classical,0.16249999999999998,0.001,0.0,0.0,0.008,0.0,0.001048,0.0,-0.1626129562816973,-0.16265744952114833,-0.1626646106854026,-0.16266793885881475,0.0,6.0,2.0,0.0,30.0,0.15
clearaccept_confirmatory,vqc,106,device_aware_sequential,30.0,42.0,16.115609198867606,42,22,"{""2"": 42}",2.453402208047919,190.390625,,,,2048,0,2,local_sim,0.16906249999999998,0.001536,0.0,0.0,0.012288,0.0,0.001609728,0.0,-0.16923600084868712,-0.17649132166496503,-0.18763236591851004,-0.1876871594663164,0.0,6.0,2.0,0.0,60.0,0.15
clearaccept_confirmatory,vqc,106,fixed_design_scheduler,30.0,42.0,3.5560013128810084,42,10,"{""2"": 42}",0.5792426659027115,190.390625,,,,128,1,2,classical,0.16249999999999998,0.001,0.0,0.0,0.008,0.0,0.001048,0.0,-0.1626129562816973,-0.16265744952114833,-0.1626646106854026,-0.16266793885881475,0.0,4.0,2.0,0.0,60.0,0.05
clearaccept_confirmatory,vqc,106,classical_only,30.0,0.0,0.0,0,0,{},6.916932761669159e-06,190.390625,,,,512,0,1,classical,0.16249999999999998,0.001,0.0,0.0,0.008,0.0,0.001048,0.0,-0.1626129562816973,-0.16265744952114833,-0.1626646106854026,-0.16266793885881475,0.0,4.0,2.0,0.0,60.0,0.05
clearaccept_confirmatory,vqc,107,sequential,30.0,42.00000000000002,2.693793519816317,84,61,"{""1"": 60, ""2"": 24}",6.2178427500184625,190.390625,,,,2048,0,2,remote_sim,0.18281250000000002,0.0265703048082211,0.0,0.0,0.000144,5.7600000000000005e-12,0.0265711690962211,0.0,-0.18427299935264654,-0.20061704460050936,-0.2053749631041789,-0.21424001266053042,0.0,6.0,3.0,0.0,120.0,0.15
clearaccept_confirmatory,vqc,107,capo_joint_only,30.0,30.0,2.989098290801424,30,10,"{""2"": 30}",1.3719212909927592,190.390625,,,,512,1,0,remote_sim,0.22531249999999997,0.026569856808221097,0.0,0.0,3.2000000000000005e-05,1.2800000000000002e-12,0.026570048872221096,0.0,-0.22677230247613966,-0.23946723361764968,-0.2408392961490466,-0.2424018305014777,0.0,4.0,2.0,1.0,120.0,0.15
clearaccept_confirmatory,vqc,107,random,30.0,42.0,8.49789815203453,42,10,"{""2"": 42}",1.4064061660319567,190.390625,,,,512,0,0,local_sim,0.22625,0.001536,0.0,0.0,0.012288,0.0,0.001609728,0.0,-0.22640825088073102,-0.22648465232345036,-0.23764518393762635,-0.23769450125914782,0.0,6.0,2.0,0.0,60.0,0.05
clearaccept_confirmatory,vqc,107,capo_mf_no_rescore,30.0,32.16,16.30895947628964,54,26,"{""0"": 18, ""1"": 6, ""2"": 30}",0.9404842089861631,190.390625,,,,2048,1,1,local_sim,0.1859375,0.002304,0.0,0.0,0.018432,0.0,0.002414592,0.0,-0.18617487632109653,-0.18783738073531234,-0.18785788783543816,-0.18787419079215129,0.0,6.0,3.0,0.0,30.0,0.05
clearaccept_confirmatory,vqc,107,joint_mf,30.0,44.16,10.855568539609555,66,26,"{""0"": 18, ""1"": 6, ""2"": 42}",1.6809865420218557,190.421875,,,,2048,1,0,remote_sim,0.213125,0.026570496808221093,0.0,0.0,0.000192,7.680000000000001e-12,0.026571649192221096,0.0,-0.21458579801400662,-0.21606863587781375,-0.22198270719450608,-0.22746654071153372,0.0,6.0,2.0,1.0,60.0,0.15
clearaccept_confirmatory,vqc,107,capo_chance,30.0,43.199999999999974,3.285548553433265,102,12,"{""0"": 60, ""2"": 42}",0.7831640000222251,190.421875,,,,128,1,0,local_sim,0.22718750000000001,9.6e-05,0.0,0.0,0.000768,0.0,0.000100608,0.0,-0.22719739068004569,-0.23751288212003846,-0.24063902735142748,-0.2500140351832122,0.0,2.0,3.0,1.0,30.0,0.15
clearaccept_confirmatory,vqc,107,device_aware_sequential,30.0,42.0,18.216573261389076,42,22,"{""2"": 42}",2.1473115839762613,190.4375,,,,512,1,2,local_sim,0.23343750000000002,0.001536,0.0,0.0,0.012288,0.0,0.001609728,0.0,-0.23359575088073106,-0.23774866868554545,-0.25015975405149665,-0.26261463210196906,0.0,6.0,1.0,1.0,120.0,0.15
clearaccept_confirmatory,vqc,107,fixed_design_scheduler,30.0,42.0,5.506731658132789,42,10,"{""2"": 42}",1.2176238750107586,190.4375,,,,128,1,2,local_sim,0.23937500000000003,0.000256,0.0,0.0,0.002048,0.0,0.000268288,0.0,-0.23940137514678855,-0.2500321069035806,-0.2531574033279619,-0.2625191053503282,0.0,4.0,2.0,0.0,60.0,0.05
clearaccept_confirmatory,vqc,107,classical_only,30.0,0.0,0.0,0,0,{},6.041955202817917e-06,190.4375,,,,512,0,1,classical,0.23750000000000004,0.001,0.0,0.0,0.008,0.0,0.001048,0.0,-0.23760302791714266,-0.2376491748216621,-0.237658660440214,-0.23766240919798237,0.0,4.0,2.0,0.0,60.0,0.05
clearaccept_confirmatory,vqc,108,sequential,30.0,42.00000000000002,7.241032136432078,84,57,"{""1"": 60, ""2"": 24}",4.5850977500667796,190.4375,,,,128,1,1,local_sim,0.18187499999999998,0.001536,0.0,0.0,0.012288,0.0,0.001609728,0.0,-0.18203895690482852,-0.2001525186072554,-0.2033334723327317,-0.21274652144500403,0.0,6.0,2.0,0.0,120.0,0.15
clearaccept_confirmatory,vqc,108,capo_joint_only,30.0,30.0,1.8215092133469664,30,10,"{""2"": 30}",0.3867851250106469,190.4375,,,,128,1,0,classical,0.19999999999999996,0.001,0.0,0.0,0.008,0.0,0.001048,0.0,-0.20010674277658103,-0.20014877093947706,-0.20015893255314676,-0.20016698050977558,0.0,4.0,2.0,1.0,30.0,0.05
clearaccept_confirmatory,vqc,108,random,30.0,42.0,12.987669427752833,42,10,"{""2"": 42}",0.6242980839451775,190.4375,,,,2048,1,0,classical,0.19999999999999996,0.001,0.0,0.0,0.008,0.0,0.001048,0.0,-0.20010674277658103,-0.20014877093947706,-0.20015893255314676,-0.20016698050977558,0.0,2.0,1.0,0.0,30.0,0.15
clearaccept_confirmatory,vqc,108,capo_mf_no_rescore,30.0,32.16,6.197325174294373,54,26,"{""0"": 18, ""1"": 6, ""2"": 30}",0.4509157920256257,190.4375,,,,512,1,2,classical,0.19999999999999996,0.001,0.0,0.0,0.008,0.0,0.001048,0.0,-0.20010674277658103,-0.20014877093947706,-0.20015893255314676,-0.20016698050977558,0.0,6.0,3.0,1.0,120.0,0.05
clearaccept_confirmatory,vqc,108,joint_mf,30.0,44.16,3.462703527442187,66,26,"{""0"": 18, ""1"": 6, ""2"": 42}",1.8310720839072019,190.453125,,,,128,0,0,remote_sim,0.179375,0.050854971456973284,0.0,0.0,9.6e-05,3.840000000000001e-12,0.050855547648973286,0.0,-0.18229925025331165,-0.2028180493925955,-0.2124415641540853,-0.21669203782813737,0.0,6.0,2.0,0.0,60.0,0.05
clearaccept_confirmatory,vqc,108,capo_chance,30.0,43.19999999999998,2.2424895579284696,102,12,"{""0"": 60, ""2"": 42}",0.6811740829143673,190.484375,,,,128,1,2,classical,0.19999999999999996,0.001,0.0,0.0,0.008,0.0,0.001048,0.0,-0.20010674277658103,-0.20014877093947706,-0.20015893255314676,-0.20016698050977558,0.0,2.0,1.0,0.0,120.0,0.15
clearaccept_confirmatory,vqc,108,device_aware_sequential,30.0,42.0,7.018483903370762,42,22,"{""2"": 42}",2.225133166066371,190.5,,,,512,1,1,local_sim,0.17906250000000004,0.002304,0.0,0.0,0.018432,0.0,0.002414592,0.0,-0.1793084353572428,-0.18779655867002337,-0.18786264954268156,-0.18788472309452303,0.0,6.0,3.0,0.0,120.0,0.05
clearaccept_confirmatory,vqc,108,fixed_design_scheduler,30.0,42.0,4.480040790938239,42,10,"{""2"": 42}",0.9538463749922812,190.5,,,,2048,1,2,classical,0.19999999999999996,0.001,0.0,0.0,0.008,0.0,0.001048,0.0,-0.20010674277658103,-0.20014877093947706,-0.20015893255314676,-0.20016698050977558,0.0,4.0,2.0,0.0,60.0,0.05
clearaccept_confirmatory,vqc,108,classical_only,30.0,0.0,0.0,0,0,{},5.5409036576747894e-06,190.5,,,,512,0,1,classical,0.19999999999999996,0.001,0.0,0.0,0.008,0.0,0.001048,0.0,-0.20010674277658103,-0.20014877093947706,-0.20015893255314676,-0.20016698050977558,0.0,4.0,2.0,0.0,60.0,0.05
clearaccept_confirmatory,vqc,109,sequential,30.0,42.00000000000002,2.9664916535764165,84,60,"{""1"": 60, ""2"": 24}",3.585518250009045,190.5,,,,2048,1,2,local_sim,0.09718750000000001,0.000768,0.0,0.0,0.006144,0.0,0.000804864,0.0,-0.09726626544547179,-0.10012138459781571,-0.10946665439774077,-0.11259648879764668,0.0,6.0,1.0,0.0,120.0,0.15
clearaccept_confirmatory,vqc,109,capo_joint_only,30.0,30.0,13.455893454162602,30,10,"{""2"": 30}",1.212396625080146,190.5,,,,128,1,0,classical,0.11250000000000004,0.001,0.0,0.0,0.008,0.0,0.001048,0.0,-0.11260255917379144,-0.11264730257297494,-0.11265746790018552,-0.11266733264112888,0.0,4.0,1.0,0.0,30.0,0.05
clearaccept_confirmatory,vqc,109,random,30.0,42.0,5.82286184073801,42,10,"{""2"": 42}",0.6016403749817982,190.5,,,,2048,0,2,classical,0.11250000000000004,0.001,0.0,0.0,0.008,0.0,0.001048,0.0,-0.11260255917379144,-0.11264730257297494,-0.11265746790018552,-0.11266733264112888,0.0,2.0,3.0,0.0,120.0,0.05
clearaccept_confirmatory,vqc,109,capo_mf_no_rescore,30.0,32.16,2.443583078263978,54,26,"{""0"": 18, ""1"": 6, ""2"": 30}",0.44014762493316084,190.5,,,,512,1,1,classical,0.11250000000000004,0.001,0.0,0.0,0.008,0.0,0.001048,0.0,-0.11260255917379144,-0.11264730257297494,-0.11265746790018552,-0.11266733264112888,0.0,6.0,1.0,0.0,60.0,0.15
clearaccept_confirmatory,vqc,109,joint_mf,30.0,44.16,0.7098840563121437,66,25,"{""0"": 18, ""1"": 6, ""2"": 42}",0.8361322500277311,190.5,,,,2048,0,1,classical,0.11250000000000004,0.001,0.0,0.0,0.008,0.0,0.001048,0.0,-0.11260255917379144,-0.11264730257297494,-0.11265746790018552,-0.11266733264112888,0.0,6.0,1.0,0.0,30.0,0.15
clearaccept_confirmatory,vqc,109,capo_chance,30.0,42.999999999999986,3.1774806727675773,92,10,"{""0"": 50, ""2"": 42}",0.7055615000426769,190.5,,,,2048,1,1,classical,0.11250000000000004,0.001,0.0,0.0,0.008,0.0,0.001048,0.0,-0.11260255917379144,-0.11264730257297494,-0.11265746790018552,-0.11266733264112888,0.0,4.0,1.0,1.0,30.0,0.15
clearaccept_confirmatory,vqc,109,device_aware_sequential,30.0,42.0,8.159523961435989,42,21,"{""2"": 42}",1.61094350006897,190.5,,,,512,1,0,classical,0.11250000000000004,0.001,0.0,0.0,0.008,0.0,0.001048,0.0,-0.11260255917379144,-0.11264730257297494,-0.11265746790018552,-0.11266733264112888,0.0,6.0,1.0,1.0,120.0,0.15
clearaccept_confirmatory,vqc,109,fixed_design_scheduler,30.0,42.0,11.450483447470218,42,10,"{""2"": 42}",0.5282600000500679,190.5,,,,512,1,0,classical,0.11250000000000004,0.001,0.0,0.0,0.008,0.0,0.001048,0.0,-0.11260255917379144,-0.11264730257297494,-0.11265746790018552,-0.11266733264112888,0.0,4.0,2.0,0.0,60.0,0.05
clearaccept_confirmatory,vqc,109,classical_only,30.0,0.0,0.0,0,0,{},5.624955520033836e-06,190.5,,,,512,0,1,classical,0.11250000000000004,0.001,0.0,0.0,0.008,0.0,0.001048,0.0,-0.11260255917379144,-0.11264730257297494,-0.11265746790018552,-0.11266733264112888,0.0,4.0,2.0,0.0,60.0,0.05
clearaccept_confirmatory,vqc,110,sequential,30.0,42.00000000000002,3.1045274668238703,84,58,"{""1"": 60, ""2"": 24}",3.4896520000183955,190.5,,,,512,1,0,remote_sim,0.14625,0.03894439220293394,0.0,0.0,0.000144,5.7600000000000005e-12,0.038945256490933944,0.0,-0.14900459615083061,-0.15449361965759792,-0.1555600366500729,-0.156686654426953,0.0,6.0,3.0,0.0,60.0,0.15
clearaccept_confirmatory,vqc,110,capo_joint_only,30.0,30.0,7.013688085620494,30,10,"{""2"": 30}",1.1574161249445751,190.5,,,,128,1,1,classical,0.225,0.001,0.0,0.0,0.008,0.0,0.001048,0.0,-0.22512010990953518,-0.2251617142495758,-0.22516470270971561,-0.2251661738322139,0.0,6.0,1.0,1.0,30.0,0.05
clearaccept_confirmatory,vqc,110,random,30.0,42.0,9.234570835766968,42,10,"{""2"": 42}",2.666881375014782,190.5,,,,2048,0,0,local_sim,0.1790625,0.004608,0.0,0.0,0.036864,0.0,0.004829184,0.0,-0.17961596646313832,-0.18947687781819061,-0.2005821783714214,-0.2007399875178393,0.0,6.0,3.0,1.0,120.0,0.15
clearaccept_confirmatory,vqc,110,capo_mf_no_rescore,30.0,32.16,4.009626339652192,54,25,"{""0"": 18, ""1"": 6, ""2"": 30}",1.0975842920597643,190.5,,,,128,1,2,remote_sim,0.195625,0.03894458420293394,0.0,0.0,0.000192,7.680000000000001e-12,0.038945736586933934,0.0,-0.19837989809193324,-0.21440326233268908,-0.21894959488139235,-0.2271123200041129,0.0,6.0,2.0,1.0,60.0,0.15
clearaccept_confirmatory,vqc,110,joint_mf,30.0,44.16,1.1483986142428368,66,26,"{""0"": 18, ""1"": 6, ""2"": 42}",5.054910541046411,190.578125,,,,2048,1,0,local_sim,0.17906250000000004,0.004608,0.0,0.0,0.036864,0.0,0.004829184,0.0,-0.17961596646313832,-0.18810339444258897,-0.19135539112612107,-0.2007399875178393,0.0,6.0,3.0,1.0,120.0,0.15
clearaccept_confirmatory,vqc,110,capo_chance,30.0,42.999999999999986,4.063291532698198,92,10,"{""0"": 50, ""2"": 42}",2.2362315410282463,190.578125,,,,2048,0,1,remote_sim,0.18125,0.03894496820293394,0.0,0.0,0.000288,1.1520000000000001e-11,0.038946696778933934,0.0,-0.1840055019741385,-0.19261569436864787,-0.2022980591693224,-0.2047162725078112,0.0,6.0,3.0,1.0,120.0,0.05
clearaccept_confirmatory,vqc,110,device_aware_sequential,30.0,42.0,12.965480601245577,42,22,"{""2"": 42}",1.842492958996445,190.578125,,,,512,0,2,qpu_B,0.14437499999999998,0.10901743579520928,0.0,0.0,5.5120000000000005,0.000512,0.16768943579520929,0.0,-0.2108850130218348,-0.22110416365541313,-0.22976479270922873,-0.2409467775117486,0.0,6.0,3.0,0.0,60.0,0.15
clearaccept_confirmatory,vqc,110,fixed_design_scheduler,30.0,42.0,8.706421153427604,42,10,"{""2"": 42}",0.5149960000999272,190.578125,,,,512,1,1,classical,0.225,0.001,0.0,0.0,0.008,0.0,0.001048,0.0,-0.22512010990953518,-0.2251617142495758,-0.22516470270971561,-0.2251661738322139,0.0,4.0,2.0,0.0,60.0,0.05
clearaccept_confirmatory,vqc,110,classical_only,30.0,0.0,0.0,0,0,{},5.958019755780697e-06,190.578125,,,,512,0,1,classical,0.225,0.001,0.0,0.0,0.008,0.0,0.001048,0.0,-0.22512010990953518,-0.2251617142495758,-0.22516470270971561,-0.2251661738322139,0.0,4.0,2.0,0.0,60.0,0.05
clearaccept_confirmatory,vqc,111,sequential,30.0,42.00000000000002,7.040827050354574,84,57,"{""1"": 60, ""2"": 24}",5.113877292023972,190.578125,,,,512,1,1,classical,0.15000000000000002,0.001,0.0,0.0,0.008,0.0,0.001048,0.0,-0.15010965444237886,-0.15015727536209758,-0.15016031023888599,-0.15016423504470464,0.0,6.0,2.0,1.0,120.0,0.05
clearaccept_confirmatory,vqc,111,capo_joint_only,30.0,30.0,10.139404055935673,30,10,"{""2"": 30}",0.7471130420453846,190.578125,,,,2048,0,2,remote_sim,0.10406250000000002,0.026874501273481743,0.0,0.0,2.4e-05,9.600000000000002e-13,0.026874645321481743,0.0,-0.1057198087701803,-0.12608023716554637,-0.1281741791208599,-0.1284757335731878,0.0,4.0,3.0,0.0,30.0,0.05
clearaccept_confirmatory,vqc,111,random,30.0,42.0,7.262186909203704,42,10,"{""2"": 42}",1.5063178329728544,190.578125,,,,128,0,1,remote_sim,0.13125,0.026874469273481742,0.0,0.0,1.6000000000000003e-05,6.400000000000001e-13,0.026874565305481747,0.0,-0.13290725878123816,-0.15082743963713907,-0.15207986859920583,-0.1538371098049623,0.0,4.0,2.0,0.0,120.0,0.15
clearaccept_confirmatory,vqc,111,capo_mf_no_rescore,30.0,32.16,3.082442951405432,54,26,"{""0"": 18, ""1"": 6, ""2"": 30}",0.6176507920026779,190.578125,,,,512,0,0,classical,0.15000000000000002,0.001,0.0,0.0,0.008,0.0,0.001048,0.0,-0.15010965444237886,-0.15015727536209758,-0.15016031023888599,-0.15016423504470464,0.0,2.0,2.0,1.0,60.0,0.15
clearaccept_confirmatory,vqc,111,joint_mf,30.0,44.16,8.123646049268164,66,26,"{""0"": 18, ""1"": 6, ""2"": 42}",3.0527485420461744,190.578125,,,,128,0,2,local_sim,0.109375,0.001536,0.0,0.0,0.012288,0.0,0.001609728,0.0,-0.10954342922349392,-0.12519955702872693,-0.13455587343615727,-0.1376845095578074,0.0,6.0,2.0,0.0,60.0,0.15
clearaccept_confirmatory,vqc,111,capo_chance,30.0,43.09999999999998,4.599460362431156,97,11,"{""0"": 55, ""2"": 42}",2.590478458907455,190.578125,,,,512,0,0,classical,0.15000000000000002,0.001,0.0,0.0,0.008,0.0,0.001048,0.0,-0.15010965444237886,-0.15015727536209758,-0.15016031023888599,-0.15016423504470464,0.0,2.0,3.0,0.0,60.0,0.15
clearaccept_confirmatory,vqc,111,device_aware_sequential,30.0,42.0,9.141251441898662,42,22,"{""2"": 42}",2.150510207982734,190.578125,,,,128,1,0,remote_sim,0.12625,0.026875173273481746,0.0,0.0,0.000192,7.680000000000001e-12,0.026876325657481742,0.0,-0.1279083585379656,-0.13896420044836466,-0.13992543069610347,-0.1409767950037173,0.0,6.0,2.0,1.0,60.0,0.15
clearaccept_confirmatory,vqc,111,fixed_design_scheduler,30.0,42.0,7.549759869230678,42,10,"{""2"": 42}",1.0475692499894649,190.578125,,,,512,0,0,local_sim,0.12437499999999999,0.000256,0.0,0.0,0.002048,0.0,0.000268288,0.0,-0.12440307153724899,-0.13753863586536486,-0.13754028256384399,-0.13754204417144433,0.0,4.0,2.0,0.0,60.0,0.05
clearaccept_confirmatory,vqc,111,classical_only,30.0,0.0,0.0,0,0,{},6.249989382922649e-06,190.578125,,,,512,0,1,classical,0.15000000000000002,0.001,0.0,0.0,0.008,0.0,0.001048,0.0,-0.15010965444237886,-0.15015727536209758,-0.15016031023888599,-0.15016423504470464,0.0,4.0,2.0,0.0,60.0,0.05
clearaccept_confirmatory,vqc_cancer,100,sequential,30.0,42.00000000000002,4.771987956390436,84,60,"{""1"": 60, ""2"": 24}",3.2517887079156935,195.5625,,,,2048,0,2,remote_sim,0.11125,0.07854119859322398,0.025,0.0,0.000288,1.1520000000000001e-11,0.07854292716922398,0.025,-0.1663492018424671,-0.12192884350172872,-0.7351745208729367,-2.5576938348388767,0.025,6.0,3.0,1.0,30.0,0.15
clearaccept_confirmatory,vqc_cancer,100,capo_joint_only,30.0,30.0,0.9657873231777325,30,10,"{""2"": 30}",0.6589055830845609,195.5625,,,,128,1,0,local_sim,0.1240625,1.6e-05,0.0,0.0,0.000128,0.0,1.6768e-05,0.0,-0.12406438247769898,-0.13750137201528592,-0.1375025625093186,-0.13750266113892595,0.0,2.0,1.0,0.0,120.0,0.15
clearaccept_confirmatory,vqc_cancer,100,random,30.0,42.0,17.896157690563523,42,10,"{""2"": 42}",1.3112040830310434,195.5625,,,,512,1,2,remote_sim,0.12562500000000001,0.05354005059322399,0.0,0.0,1.0000000000000002e-06,4.0000000000000006e-14,0.053540056595223984,0.0,-0.1293495097251303,-0.13914186843569284,-0.14212523583427927,-0.1472110209175467,0.0,2.0,1.0,0.0,120.0,0.15
clearaccept_confirmatory,vqc_cancer,100,capo_mf_no_rescore,30.0,32.16,6.890775780713275,54,26,"{""0"": 18, ""1"": 6, ""2"": 30}",1.2261885839980096,195.5625,,,,2048,1,0,local_sim,0.12468749999999999,0.000256,0.0,0.0,0.002048,0.0,0.000268288,0.0,-0.12471761964318337,-0.12504083974023383,-0.12816344263801896,-0.1375270699813535,0.0,4.0,1.0,1.0,60.0,0.05
clearaccept_confirmatory,vqc_cancer,100,joint_mf,30.0,44.16,1.518386003669195,66,26,"{""0"": 18, ""1"": 6, ""2"": 42}",0.9585407919948921,195.5625,,,,512,0,1,remote_sim,0.11468750000000001,0.053540058593223985,0.0,0.0,3e-06,1.2000000000000002e-13,0.05354007659922398,0.0,-0.11841202228636916,-0.1288258438654865,-0.1324889015779711,-0.13471103382679778,0.0,2.0,3.0,0.0,30.0,0.05
clearaccept_confirmatory,vqc_cancer,100,capo_chance,30.0,43.09999999999998,3.0006338896937486,97,11,"{""0"": 55, ""2"": 42}",1.5905098329531029,195.5625,,,,2048,0,1,local_sim,0.12625,1.6e-05,0.0,0.0,0.000128,0.0,1.6768e-05,0.0,-0.12625188247769897,-0.1375012550417734,-0.1375020725354133,-0.1375025785020965,0.0,2.0,1.0,0.0,60.0,0.05
clearaccept_confirmatory,vqc_cancer,100,device_aware_sequential,30.0,42.0,8.193722347791747,42,22,"{""2"": 42}",1.1096920421114191,195.5625,,,,512,1,1,remote_sim,0.12375000000000003,0.07854023859322398,0.0,0.0,4.8e-05,1.9200000000000003e-12,0.078540526689224,0.025,-0.12986076350963954,-0.12829355727042654,-0.25215795444619193,-0.6045465177065419,0.025,4.0,3.0,1.0,30.0,0.15
clearaccept_confirmatory,vqc_cancer,100,fixed_design_scheduler,30.0,42.0,3.987805863048014,42,10,"{""2"": 42}",0.9927588750142604,195.5625,,,,2048,0,1,remote_sim,0.13468750000000002,0.078540110593224,0.0,0.0,1.6000000000000003e-05,6.400000000000001e-13,0.078540206625224,0.025,-0.14079806252981794,-0.1342172133624146,-0.25352011806125774,-0.6045463134264338,0.025,4.0,2.0,0.0,60.0,0.05
clearaccept_confirmatory,vqc_cancer,100,classical_only,30.0,0.0,0.0,0,0,{},6.292015314102173e-06,195.5625,,,,512,0,1,classical,0.15000000000000002,0.001,0.0,0.0,0.008,0.0,0.001048,0.0,-0.15011765485618508,-0.1501588580132899,-0.15016356841420306,-0.1501674465404776,0.0,4.0,2.0,0.0,60.0,0.05
clearaccept_confirmatory,vqc_cancer,101,sequential,30.0,42.00000000000002,5.646439438939653,84,58,"{""1"": 60, ""2"": 24}",3.35481945797801,195.5625,,,,512,0,1,remote_sim,0.04375,0.05111456992701646,0.0,0.0,0.000192,7.680000000000001e-12,0.051115722311016465,0.0,-0.04698864592530695,-0.057203596727675936,-0.06291921953352912,-0.06539197344428523,0.0,6.0,2.0,1.0,30.0,0.05
clearaccept_confirmatory,vqc_cancer,101,capo_joint_only,30.0,30.0,2.592822046256678,30,10,"{""2"": 30}",1.209372292039916,195.5625,,,,512,0,0,local_sim,0.06562499999999999,0.003072,0.0,0.0,0.024576,0.0,0.003219456,0.0,-0.06597098201901999,-0.07536522241301695,-0.0785850101140486,-0.08793664772499572,0.0,6.0,2.0,1.0,60.0,0.15
clearaccept_confirmatory,vqc_cancer,101,random,30.0,42.0,6.78421524693052,42,10,"{""2"": 42}",1.8846405840013176,195.5625,,,,128,1,2,local_sim,0.060625000000000005,0.001536,0.0,0.0,0.012288,0.0,0.001609728,0.0,-0.06079799100951,-0.06274455551911809,-0.06274859822104252,-0.06275230209100333,0.0,6.0,1.0,1.0,120.0,0.05
clearaccept_confirmatory,vqc_cancer,101,capo_mf_no_rescore,30.0,32.16,4.00668771954247,54,26,"{""0"": 18, ""1"": 6, ""2"": 30}",1.5340193340089172,195.5625,,,,2048,1,2,classical,0.0625,0.001,0.0,0.0,0.008,0.0,0.001048,0.0,-0.06261262435514973,-0.06265991771149795,-0.06266331907491526,-0.0626656648016555,0.0,4.0,2.0,0.0,30.0,0.05
clearaccept_confirmatory,vqc_cancer,101,joint_mf,30.0,44.16,2.048293104683281,66,26,"{""0"": 18, ""1"": 6, ""2"": 42}",0.9919860829832032,195.5625,,,,512,1,0,remote_sim,0.05468750000000002,0.051114377927016466,0.0,0.0,0.000144,5.7600000000000005e-12,0.05111524221501647,0.0,-0.05792584542143079,-0.065434710549832,-0.06805314154195745,-0.06919393607824488,0.0,6.0,3.0,0.0,30.0,0.15
clearaccept_confirmatory,vqc_cancer,101,capo_chance,30.0,43.19999999999998,6.460234076992475,102,12,"{""0"": 60, ""2"": 42}",1.375441333046183,195.5625,,,,128,0,1,classical,0.0625,0.001,0.0,0.0,0.008,0.0,0.001048,0.0,-0.06261262435514973,-0.06265991771149795,-0.06266331907491526,-0.0626656648016555,0.0,4.0,3.0,1.0,120.0,0.05
clearaccept_confirmatory,vqc_cancer,101,device_aware_sequential,30.0,42.0,14.282274252616904,42,20,"{""2"": 42}",4.073692708974704,195.5625,,,,128,1,2,remote_sim,0.05500000000000003,0.051114377927016466,0.0,0.0,0.000144,5.7600000000000005e-12,0.05111524221501647,0.0,-0.05823834542143078,-0.0689474522394555,-0.07204291223017854,-0.07832201009756079,0.0,6.0,3.0,0.0,120.0,0.15
clearaccept_confirmatory,vqc_cancer,101,fixed_design_scheduler,30.0,42.0,1.161180467994556,42,9,"{""2"": 42}",0.8116855419939384,195.5625,,,,128,0,2,local_sim,0.063125,0.000256,0.0,0.0,0.002048,0.0,0.000268288,0.0,-0.06315383183491832,-0.07503910219322969,-0.08128894864732303,-0.08753740715807044,0.0,4.0,2.0,0.0,60.0,0.05
clearaccept_confirmatory,vqc_cancer,101,classical_only,30.0,0.0,0.0,0,0,{},6.917049176990986e-06,195.5625,,,,512,0,1,classical,0.0625,0.001,0.0,0.0,0.008,0.0,0.001048,0.0,-0.06261262435514973,-0.06265991771149795,-0.06266331907491526,-0.0626656648016555,0.0,4.0,2.0,0.0,60.0,0.05
clearaccept_confirmatory,vqc_cancer,102,sequential,30.0,42.00000000000002,2.104095124964484,84,58,"{""1"": 60, ""2"": 24}",3.096778374980204,195.5625,,,,512,0,1,local_sim,0.05031250000000005,0.000384,0.0,0.0,0.003072,0.0,0.000402432,0.0,-0.05035603355092588,-0.05006157310389117,-0.053185428941726266,-0.06255315443621319,0.0,4.0,3.0,0.0,120.0,0.15
clearaccept_confirmatory,vqc_cancer,102,capo_joint_only,30.0,30.0,3.0042984463167524,30,10,"{""2"": 30}",1.4598430410260335,195.5625,,,,512,1,2,local_sim,0.050000000000000044,0.000384,0.0,0.0,0.003072,0.0,0.000402432,0.0,-0.050043533550925876,-0.050061144990528474,-0.050062523159848646,-0.050063812382125726,0.0,4.0,3.0,0.0,30.0,0.15
clearaccept_confirmatory,vqc_cancer,102,random,30.0,42.0,1.7871606759187018,42,10,"{""2"": 42}",0.542640500003472,195.5625,,,,512,1,2,local_sim,0.05031250000000005,0.000512,0.0,0.0,0.004096,0.0,0.000536576,0.0,-0.050370544734567826,-0.05008209747185488,-0.053205571922301687,-0.0625708725816176,0.0,4.0,2.0,1.0,60.0,0.05
clearaccept_confirmatory,vqc_cancer,102,capo_mf_no_rescore,30.0,32.16,5.746968833092598,54,26,"{""0"": 18, ""1"": 6, ""2"": 30}",1.376820083009079,195.5625,,,,2048,1,1,classical,0.0625,0.001,0.0,0.0,0.008,0.0,0.001048,0.0,-0.0626133686222027,-0.06265923174616779,-0.06266282072877241,-0.0626661780784523,0.0,2.0,1.0,1.0,120.0,0.05
clearaccept_confirmatory,vqc_cancer,102,joint_mf,30.0,44.16,14.226040931620526,66,25,"{""0"": 18, ""1"": 6, ""2"": 42}",1.7410684580681846,195.5625,,,,512,1,1,local_sim,0.039374999999999986,0.000768,0.0,0.0,0.006144,0.0,0.000804864,0.0,-0.03946206710185165,-0.0500709978831969,-0.05009292795876183,-0.05012220413257374,0.0,4.0,3.0,1.0,30.0,0.15
clearaccept_confirmatory,vqc_cancer,102,capo_chance,30.0,43.199999999999974,1.0120555162347686,102,12,"{""0"": 60, ""2"": 42}",1.5060241249157116,195.5625,,,,128,0,1,local_sim,0.04875000000000003,0.000768,0.0,0.0,0.006144,0.0,0.000804864,0.0,-0.04883706710185169,-0.0501222899810569,-0.056370648907510174,-0.07510630887242635,0.0,4.0,3.0,1.0,60.0,0.05
clearaccept_confirmatory,vqc_cancer,102,device_aware_sequential,30.0,42.0,8.894629639933887,42,22,"{""2"": 42}",1.155507417046465,195.5625,,,,128,0,2,local_sim,0.05562500000000002,0.000768,0.0,0.0,0.006144,0.0,0.000804864,0.0,-0.05571206710185169,-0.06258919228413161,-0.06259577730705829,-0.0626063088724264,0.0,4.0,3.0,1.0,30.0,0.05
clearaccept_confirmatory,vqc_cancer,102,fixed_design_scheduler,30.0,42.0,8.119860891697718,42,9,"{""2"": 42}",0.9581486670067534,195.5625,,,,512,0,1,local_sim,0.050625000000000045,0.000256,0.0,0.0,0.002048,0.0,0.000268288,0.0,-0.05065402236728393,-0.05004135620221768,-0.05628656840760555,-0.0625354362908088,0.0,4.0,2.0,0.0,60.0,0.05
clearaccept_confirmatory,vqc_cancer,102,classical_only,30.0,0.0,0.0,0,0,{},6.124959327280521e-06,195.5625,,,,512,0,1,classical,0.0625,0.001,0.0,0.0,0.008,0.0,0.001048,0.0,-0.0626133686222027,-0.06265923174616779,-0.06266282072877241,-0.0626661780784523,0.0,4.0,2.0,0.0,60.0,0.05
clearaccept_confirmatory,vqc_cancer,103,sequential,30.0,42.00000000000002,11.097667761491453,84,56,"{""1"": 60, ""2"": 24}",2.877898750011809,195.5625,,,,2048,0,0,local_sim,0.05656250000000003,0.000768,0.0,0.0,0.006144,0.0,0.000804864,0.0,-0.05664943665241412,-0.0626105199110549,-0.06883669544012042,-0.07506604669639234,0.0,4.0,3.0,1.0,30.0,0.15
clearaccept_confirmatory,vqc_cancer,103,capo_joint_only,30.0,30.0,11.642590614761614,30,10,"{""2"": 30}",0.7279605829389766,195.5625,,,,512,0,0,local_sim,0.057187500000000016,0.000128,0.0,0.0,0.001024,0.0,0.000134144,0.0,-0.057201989442069036,-0.06252039083103819,-0.07189065332752576,-0.07501639936220086,0.0,4.0,1.0,0.0,120.0,0.15
clearaccept_confirmatory,vqc_cancer,103,random,30.0,42.0,7.708182688620825,42,10,"{""2"": 42}",0.9143592920154333,195.5625,,,,2048,0,0,remote_sim,0.05656250000000003,0.03210315541874047,0.0,0.0,4.8e-05,1.9200000000000003e-12,0.03210344351474047,0.0,-0.05863813462137353,-0.06563271635830979,-0.0708190692755756,-0.07617491335595582,0.0,4.0,3.0,1.0,30.0,0.15
clearaccept_confirmatory,vqc_cancer,103,capo_mf_no_rescore,30.0,32.16,4.271011605421305,54,26,"{""0"": 18, ""1"": 6, ""2"": 30}",1.4342251670314,195.5625,,,,128,0,0,local_sim,0.07468749999999998,0.000256,0.0,0.0,0.002048,0.0,0.000268288,0.0,-0.07471647888413802,-0.08753196600321071,-0.0937800428403583,-0.10002727205602681,0.0,4.0,2.0,0.0,30.0,0.15
clearaccept_confirmatory,vqc_cancer,103,joint_mf,30.0,44.16,3.1158273385959814,66,26,"{""0"": 18, ""1"": 6, ""2"": 42}",0.7995917910011485,195.5625,,,,512,0,1,local_sim,0.05562500000000002,0.000256,0.0,0.0,0.002048,0.0,0.000268288,0.0,-0.055653978884138054,-0.06253799220223931,-0.06566165315438804,-0.07502605447563607,0.0,4.0,1.0,1.0,30.0,0.15
clearaccept_confirmatory,vqc_cancer,103,capo_chance,30.0,42.999999999999986,3.976430558136249,92,10,"{""0"": 50, ""2"": 42}",1.5809022500179708,195.5625,,,,128,1,1,local_sim,0.057500000000000016,0.000128,0.0,0.0,0.001024,0.0,0.000134144,0.0,-0.057514489442069036,-0.06252039083103819,-0.07189065332752576,-0.07501639936220086,0.0,4.0,1.0,0.0,30.0,0.05
clearaccept_confirmatory,vqc_cancer,103,device_aware_sequential,30.0,42.0,5.183628127453277,42,22,"{""2"": 42}",1.0122763749677688,195.5625,,,,128,0,2,remote_sim,0.0640625,0.03210299541874047,0.0,0.0,8.000000000000001e-06,3.2000000000000005e-13,0.03210304343474047,0.0,-0.06613788410957093,-0.0771552623825979,-0.08648863234028298,-0.09042853476937927,0.0,4.0,1.0,0.0,120.0,0.05
clearaccept_confirmatory,vqc_cancer,103,fixed_design_scheduler,30.0,42.0,5.821454427250657,42,9,"{""2"": 42}",1.0322452919790521,195.5625,,,,128,0,2,local_sim,0.07843749999999998,0.000256,0.0,0.0,0.002048,0.0,0.000268288,0.0,-0.07846647888413802,-0.08753292346249848,-0.09065815600786849,-0.10002605447563609,0.0,4.0,2.0,0.0,60.0,0.05
clearaccept_confirmatory,vqc_cancer,103,classical_only,30.0,0.0,0.0,0,0,{},6.6659413278102875e-06,195.5625,,,,512,0,1,classical,0.09999999999999998,0.001,0.0,0.0,0.008,0.0,0.001048,0.0,-0.10011319876616417,-0.10015018018563404,-0.10015617273502783,-0.10015938845001707,0.0,4.0,2.0,0.0,60.0,0.05
clearaccept_confirmatory,vqc_cancer,104,sequential,30.0,42.00000000000002,13.484457075494113,84,57,"{""1"": 60, ""2"": 24}",3.1386111659230664,195.5625,,,,2048,0,1,local_sim,0.03593749999999999,0.000128,0.0,0.0,0.001024,0.0,0.000134144,0.0,-0.03595190496957651,-0.037520902934905995,-0.04064328890432775,-0.050009970039443886,0.0,4.0,1.0,0.0,120.0,0.05
clearaccept_confirmatory,vqc_cancer,104,capo_joint_only,30.0,30.0,6.0909244141664765,30,10,"{""2"": 30}",0.9108841670677066,195.5625,,,,128,0,0,local_sim,0.027812500000000018,0.000384,0.0,0.0,0.003072,0.0,0.000402432,0.0,-0.027855714908729578,-0.037535960691503924,-0.04067901916759116,-0.05005559037749227,0.0,4.0,3.0,0.0,30.0,0.15
clearaccept_confirmatory,vqc_cancer,104,random,30.0,42.0,2.627684911543902,42,10,"{""2"": 42}",2.640980290947482,195.5625,,,,128,1,2,remote_sim,0.03749999999999998,0.03225597180203944,0.0,0.0,0.000192,7.680000000000001e-12,0.032257124186039446,0.0,-0.03948486879635995,-0.04152802666796681,-0.0424394694910184,-0.043529519079541425,0.0,6.0,2.0,1.0,60.0,0.05
clearaccept_confirmatory,vqc_cancer,104,capo_mf_no_rescore,30.0,32.16,5.8021125331545145,54,26,"{""0"": 18, ""1"": 6, ""2"": 30}",0.8925320410635322,195.5625,,,,128,1,0,remote_sim,0.03624999999999999,0.032255267802039446,0.0,0.0,1.6000000000000003e-05,6.400000000000001e-13,0.032255363834039444,0.0,-0.03823376700902731,-0.05078123075071537,-0.05161706164336245,-0.052199796835936604,0.0,4.0,1.0,1.0,30.0,0.15
clearaccept_confirmatory,vqc_cancer,104,joint_mf,30.0,44.16,8.074815704211504,66,26,"{""0"": 18, ""1"": 6, ""2"": 42}",0.7091866249684244,195.5625,,,,2048,0,2,classical,0.050000000000000044,0.001,0.0,0.0,0.008,0.0,0.001048,0.0,-0.05011253882481662,-0.05016130438990376,-0.050164225109132196,-0.050166031238423336,0.0,4.0,2.0,1.0,60.0,0.05
clearaccept_confirmatory,vqc_cancer,104,capo_chance,30.0,42.999999999999986,3.1620027988894552,92,10,"{""0"": 50, ""2"": 42}",0.632687917095609,195.5625,,,,2048,0,2,remote_sim,0.03749999999999998,0.032255267802039446,0.0,0.0,1.6000000000000003e-05,6.400000000000001e-13,0.032255363834039444,0.0,-0.03948376700902728,-0.04152688983826169,-0.0424383453264233,-0.0435284085826392,0.0,4.0,2.0,0.0,60.0,0.15
clearaccept_confirmatory,vqc_cancer,104,device_aware_sequential,30.0,42.0,10.052564494505754,42,22,"{""2"": 42}",1.0848589580273256,195.5625,,,,128,0,2,local_sim,0.037812500000000006,0.000256,0.0,0.0,0.002048,0.0,0.000268288,0.0,-0.037841309939153044,-0.050032048149884045,-0.05003388594965483,-0.05003498634838924,0.0,4.0,1.0,1.0,60.0,0.05
clearaccept_confirmatory,vqc_cancer,104,fixed_design_scheduler,30.0,42.0,3.669447685056218,42,10,"{""2"": 42}",1.0856110829627141,195.5625,,,,2048,1,1,local_sim,0.03749999999999998,0.000256,0.0,0.0,0.002048,0.0,0.000268288,0.0,-0.037528809939153016,-0.037541293923815326,-0.037542041627937804,-0.03754250399703634,0.0,4.0,2.0,0.0,60.0,0.05
clearaccept_confirmatory,vqc_cancer,104,classical_only,30.0,0.0,0.0,0,0,{},7.208087481558323e-06,195.5625,,,,512,0,1,classical,0.050000000000000044,0.001,0.0,0.0,0.008,0.0,0.001048,0.0,-0.05011253882481662,-0.05016130438990376,-0.050164225109132196,-0.050166031238423336,0.0,4.0,2.0,0.0,60.0,0.05
clearaccept_confirmatory,vqc_cancer,105,sequential,30.0,42.00000000000002,4.774315624353961,84,56,"{""1"": 60, ""2"": 24}",4.400829416001216,195.5625,,,,512,0,2,remote_sim,0.05031250000000005,0.057533546574893846,0.0,0.0,0.000288,1.1520000000000001e-11,0.05753527515089385,0.0,-0.0545612281923518,-0.05735914180514011,-0.061268791774630016,-0.06854682880317252,0.0,6.0,3.0,1.0,60.0,0.15
clearaccept_confirmatory,vqc_cancer,105,capo_joint_only,30.0,30.0,3.9649525284541647,30,10,"{""2"": 30}",1.0811277499888092,195.5625,,,,128,1,2,classical,0.0625,0.001,0.0,0.0,0.008,0.0,0.001048,0.0,-0.06262134534215316,-0.06265631978345794,-0.06266438518611976,-0.06266634034078689,0.0,2.0,3.0,1.0,120.0,0.15
clearaccept_confirmatory,vqc_cancer,105,random,30.0,42.0,10.592079013233157,42,10,"{""2"": 42}",1.7501766249770299,195.5625,,,,512,1,0,remote_sim,0.051562500000000046,0.05753277857489385,0.0,0.0,9.6e-05,3.840000000000001e-12,0.05753335476689385,0.0,-0.055810019479129024,-0.06434350492467143,-0.06756056095547822,-0.06854558918313536,0.0,6.0,2.0,0.0,120.0,0.15
clearaccept_confirmatory,vqc_cancer,105,capo_mf_no_rescore,30.0,32.16,4.883648908792589,54,26,"{""0"": 18, ""1"": 6, ""2"": 30}",0.9671491669723764,195.5625,,,,512,1,1,classical,0.0625,0.001,0.0,0.0,0.008,0.0,0.001048,0.0,-0.06262134534215316,-0.06265631978345794,-0.06266438518611976,-0.06266634034078689,0.0,2.0,1.0,0.0,30.0,0.05
clearaccept_confirmatory,vqc_cancer,105,joint_mf,30.0,44.16,9.569133143912604,66,26,"{""0"": 18, ""1"": 6, ""2"": 42}",2.6072226249380037,195.5625,,,,512,0,0,classical,0.0625,0.001,0.0,0.0,0.008,0.0,0.001048,0.0,-0.06262134534215316,-0.06265631978345794,-0.06266438518611976,-0.06266634034078689,0.0,6.0,2.0,0.0,120.0,0.05
clearaccept_confirmatory,vqc_cancer,105,capo_chance,30.0,42.999999999999986,5.679490148713389,92,10,"{""0"": 50, ""2"": 42}",1.0729334169300273,195.5625,,,,128,1,2,classical,0.0625,0.001,0.0,0.0,0.008,0.0,0.001048,0.0,-0.06262134534215316,-0.06265631978345794,-0.06266438518611976,-0.06266634034078689,0.0,2.0,2.0,0.0,60.0,0.05
clearaccept_confirmatory,vqc_cancer,105,device_aware_sequential,30.0,42.0,6.663250390655796,42,22,"{""2"": 42}",5.16060554201249,195.5625,,,,2048,0,0,local_sim,0.050000000000000044,0.004608,0.0,0.0,0.036864,0.0,0.004829184,0.0,-0.05055915933664181,-0.050720321562174174,-0.05075748693763984,-0.050766496290345964,0.0,6.0,3.0,1.0,120.0,0.05
clearaccept_confirmatory,vqc_cancer,105,fixed_design_scheduler,30.0,42.0,8.389920178198693,42,10,"{""2"": 42}",0.6001662500202656,195.5625,,,,512,1,0,classical,0.0625,0.001,0.0,0.0,0.008,0.0,0.001048,0.0,-0.06262134534215316,-0.06265631978345794,-0.06266438518611976,-0.06266634034078689,0.0,4.0,2.0,0.0,60.0,0.05
clearaccept_confirmatory,vqc_cancer,105,classical_only,30.0,0.0,0.0,0,0,{},4.915986210107803e-06,195.5625,,,,512,0,1,classical,0.0625,0.001,0.0,0.0,0.008,0.0,0.001048,0.0,-0.06262134534215316,-0.06265631978345794,-0.06266438518611976,-0.06266634034078689,0.0,4.0,2.0,0.0,60.0,0.05
clearaccept_confirmatory,vqc_cancer,106,sequential,30.0,42.00000000000002,6.710499421295469,84,59,"{""1"": 60, ""2"": 24}",3.147413249942474,195.5625,,,,2048,1,0,local_sim,0.05218750000000003,0.003072,0.0,0.0,0.024576,0.0,0.003219456,0.0,-0.05253450169737432,-0.06284705320638498,-0.06292501258028128,-0.06298119690812647,0.0,6.0,2.0,1.0,60.0,0.05
clearaccept_confirmatory,vqc_cancer,106,capo_joint_only,30.0,30.0,10.610520510559297,30,10,"{""2"": 30}",1.1412633750587702,195.5625,,,,128,0,1,classical,0.0625,0.001,0.0,0.0,0.008,0.0,0.001048,0.0,-0.06261295628169736,-0.06265744952114838,-0.06266461068540266,-0.0626679388588148,0.0,2.0,2.0,0.0,60.0,0.05
clearaccept_confirmatory,vqc_cancer,106,random,30.0,42.0,8.131373827490188,42,10,"{""2"": 42}",3.2994505000533536,195.5625,,,,128,0,0,local_sim,0.05843750000000001,0.003072,0.0,0.0,0.024576,0.0,0.003219456,0.0,-0.0587845016973743,-0.07537323079534888,-0.07849848275304497,-0.08782872195790702,0.0,6.0,2.0,1.0,60.0,0.05
clearaccept_confirmatory,vqc_cancer,106,capo_mf_no_rescore,30.0,32.16,11.957751841254534,54,26,"{""0"": 18, ""1"": 6, ""2"": 30}",0.8169397910824046,195.5625,,,,128,0,2,classical,0.0625,0.001,0.0,0.0,0.008,0.0,0.001048,0.0,-0.06261295628169736,-0.06265744952114838,-0.06266461068540266,-0.0626679388588148,0.0,2.0,3.0,0.0,30.0,0.15
clearaccept_confirmatory,vqc_cancer,106,joint_mf,30.0,44.16,3.1493046881874167,66,24,"{""0"": 18, ""1"": 6, ""2"": 42}",2.585459291934967,195.5625,,,,2048,0,1,remote_sim,0.05093750000000004,0.0770747902313365,0.0,0.0,9.6e-05,3.840000000000001e-12,0.0770753664233365,0.0,-0.05590288811298934,-0.06098648057188533,-0.06646584245855616,-0.06880047735093613,0.0,6.0,2.0,0.0,60.0,0.05
clearaccept_confirmatory,vqc_cancer,106,capo_chance,30.0,42.999999999999986,2.2735089626506206,92,10,"{""0"": 50, ""2"": 42}",1.4825380839174613,195.5625,,,,128,1,1,local_sim,0.0653125,0.002304,0.0,0.0,0.018432,0.0,0.002414592,0.0,-0.06557275127303072,-0.08772874799620478,-0.09090267087982457,-0.10016855438565209,0.0,6.0,3.0,0.0,60.0,0.15
clearaccept_confirmatory,vqc_cancer,106,device_aware_sequential,30.0,42.0,16.12689073755561,42,22,"{""2"": 42}",4.2883456669515,195.5625,,,,2048,0,2,local_sim,0.03749999999999998,0.003072,0.0,0.0,0.024576,0.0,0.003219456,0.0,-0.03784700169737426,-0.03798368492896778,-0.03800568402555689,-0.03801590817427902,0.0,6.0,2.0,1.0,120.0,0.15
clearaccept_confirmatory,vqc_cancer,106,fixed_design_scheduler,30.0,42.0,3.5560013128810084,42,10,"{""2"": 42}",0.5947140840580687,195.5625,,,,128,1,2,classical,0.0625,0.001,0.0,0.0,0.008,0.0,0.001048,0.0,-0.06261295628169736,-0.06265744952114838,-0.06266461068540266,-0.0626679388588148,0.0,4.0,2.0,0.0,60.0,0.05
clearaccept_confirmatory,vqc_cancer,106,classical_only,30.0,0.0,0.0,0,0,{},6.458023563027382e-06,195.5625,,,,512,0,1,classical,0.0625,0.001,0.0,0.0,0.008,0.0,0.001048,0.0,-0.06261295628169736,-0.06265744952114838,-0.06266461068540266,-0.0626679388588148,0.0,4.0,2.0,0.0,60.0,0.05
clearaccept_confirmatory,vqc_cancer,107,sequential,30.0,42.00000000000002,2.671250606472316,84,62,"{""1"": 60, ""2"": 24}",3.6459569579456,195.5625,,,,128,0,1,local_sim,0.07781249999999999,0.000768,0.0,0.0,0.006144,0.0,0.000804864,0.0,-0.0778916254403655,-0.08760966199522066,-0.09384207834718847,-0.10007438785788651,0.0,6.0,1.0,0.0,60.0,0.05
clearaccept_confirmatory,vqc_cancer,107,capo_joint_only,30.0,30.0,2.989098290801424,30,10,"{""2"": 30}",1.3375401669181883,195.5625,,,,512,0,2,classical,0.07499999999999996,0.001,0.0,0.0,0.008,0.0,0.001048,0.0,-0.07510302791714255,-0.07514917482166203,-0.07515866044021391,-0.0751624091979823,0.0,6.0,3.0,0.0,60.0,0.05
clearaccept_confirmatory,vqc_cancer,107,random,30.0,42.0,8.597686832735205,42,10,"{""2"": 42}",1.3508798750117421,195.5625,,,,2048,1,0,classical,0.07499999999999996,0.001,0.0,0.0,0.008,0.0,0.001048,0.0,-0.07510302791714255,-0.07514917482166203,-0.07515866044021391,-0.0751624091979823,0.0,6.0,1.0,1.0,30.0,0.05
clearaccept_confirmatory,vqc_cancer,107,capo_mf_no_rescore,30.0,32.16,16.408434794243433,54,26,"{""0"": 18, ""1"": 6, ""2"": 30}",1.0342562919249758,195.5625,,,,2048,0,1,local_sim,0.08375,0.001536,0.0,0.0,0.012288,0.0,0.001609728,0.0,-0.08390825088073102,-0.08772492049020826,-0.08774121741981915,-0.08774946052810088,0.0,6.0,2.0,0.0,30.0,0.15
clearaccept_confirmatory,vqc_cancer,107,joint_mf,30.0,44.16,10.429052172539421,66,25,"{""0"": 18, ""1"": 6, ""2"": 42}",0.9575324170291424,195.5625,,,,2048,1,1,classical,0.07499999999999996,0.001,0.0,0.0,0.008,0.0,0.001048,0.0,-0.07510302791714255,-0.07514917482166203,-0.07515866044021391,-0.0751624091979823,0.0,6.0,1.0,1.0,120.0,0.15
clearaccept_confirmatory,vqc_cancer,107,capo_chance,30.0,43.199999999999974,3.308988744593406,102,12,"{""0"": 60, ""2"": 42}",0.7314611249603331,195.5625,,,,2048,1,0,classical,0.07499999999999996,0.001,0.0,0.0,0.008,0.0,0.001048,0.0,-0.07510302791714255,-0.07514917482166203,-0.07515866044021391,-0.0751624091979823,0.0,2.0,2.0,1.0,30.0,0.15
clearaccept_confirmatory,vqc_cancer,107,device_aware_sequential,30.0,42.0,18.216573261389076,42,22,"{""2"": 42}",1.3887158749857917,195.5625,,,,2048,0,2,classical,0.07499999999999996,0.001,0.0,0.0,0.008,0.0,0.001048,0.0,-0.07510302791714255,-0.07514917482166203,-0.07515866044021391,-0.0751624091979823,0.0,6.0,1.0,1.0,60.0,0.05
clearaccept_confirmatory,vqc_cancer,107,fixed_design_scheduler,30.0,42.0,5.622881027114885,42,10,"{""2"": 42}",1.1395192079944536,195.5625,,,,128,1,2,local_sim,0.11375000000000002,0.000256,0.0,0.0,0.002048,0.0,0.000268288,0.0,-0.11377637514678854,-0.12502320621253435,-0.12503405171288962,-0.1250414301171732,0.0,4.0,2.0,0.0,60.0,0.05
clearaccept_confirmatory,vqc_cancer,107,classical_only,30.0,0.0,0.0,0,0,{},6.749993190169334e-06,195.5625,,,,512,0,1,classical,0.07499999999999996,0.001,0.0,0.0,0.008,0.0,0.001048,0.0,-0.07510302791714255,-0.07514917482166203,-0.07515866044021391,-0.0751624091979823,0.0,4.0,2.0,0.0,60.0,0.05
clearaccept_confirmatory,vqc_cancer,108,sequential,30.0,42.00000000000002,6.28300610599449,84,57,"{""1"": 60, ""2"": 24}",2.8000204999698326,195.5625,,,,2048,1,1,classical,0.0625,0.001,0.0,0.0,0.008,0.0,0.001048,0.0,-0.06260674277658107,-0.06264877093947713,-0.06265893255314685,-0.06266698050977564,0.0,4.0,1.0,1.0,60.0,0.05
clearaccept_confirmatory,vqc_cancer,108,capo_joint_only,30.0,30.0,1.8215092133469664,30,10,"{""2"": 30}",0.3907347919885069,195.5625,,,,512,0,2,remote_sim,0.038437500000000006,0.05085461945697327,0.0,0.0,8.000000000000001e-06,3.2000000000000005e-13,0.05085466747297329,0.0,-0.04136120139985429,-0.054247041870677894,-0.060079048174877574,-0.06464635315799401,0.0,4.0,1.0,0.0,60.0,0.15
clearaccept_confirmatory,vqc_cancer,108,random,30.0,42.0,12.987669427752833,42,10,"{""2"": 42}",0.6299736249493435,195.5625,,,,2048,1,0,classical,0.0625,0.001,0.0,0.0,0.008,0.0,0.001048,0.0,-0.06260674277658107,-0.06264877093947713,-0.06265893255314685,-0.06266698050977564,0.0,2.0,1.0,0.0,30.0,0.15
clearaccept_confirmatory,vqc_cancer,108,capo_mf_no_rescore,30.0,32.16,6.197325174294373,54,25,"{""0"": 18, ""1"": 6, ""2"": 30}",0.40961641690228134,195.5625,,,,512,1,1,local_sim,0.05500000000000003,0.000768,0.0,0.0,0.006144,0.0,0.000804864,0.0,-0.05508197845241429,-0.06261109332334984,-0.06261979605958934,-0.06262824103150769,0.0,4.0,3.0,1.0,30.0,0.05
clearaccept_confirmatory,vqc_cancer,108,joint_mf,30.0,44.16,3.287071397414422,66,26,"{""0"": 18, ""1"": 6, ""2"": 42}",1.595745083061047,195.5625,,,,128,0,0,remote_sim,0.037812500000000006,0.05085461945697327,0.0,0.0,8.000000000000001e-06,3.2000000000000005e-13,0.05085466747297329,0.0,-0.04073620139985429,-0.05481801346397801,-0.062023759713862286,-0.06464635315799401,0.0,4.0,1.0,0.0,60.0,0.05
clearaccept_confirmatory,vqc_cancer,108,capo_chance,30.0,43.19999999999998,2.23937070992847,102,12,"{""0"": 60, ""2"": 42}",0.7439609169960022,195.5625,,,,512,1,0,local_sim,0.038125000000000006,0.000256,0.0,0.0,0.002048,0.0,0.000268288,0.0,-0.03815232615080476,-0.05003288379633559,-0.053157405244957455,-0.0625156874842907,0.0,4.0,1.0,1.0,30.0,0.05
clearaccept_confirmatory,vqc_cancer,108,device_aware_sequential,30.0,42.0,7.012849855370762,42,22,"{""2"": 42}",1.3144136250484735,195.5625,,,,512,1,1,local_sim,0.037812499999999985,0.001536,0.0,0.0,0.012288,0.0,0.001609728,0.0,-0.03797645690482851,-0.03773040619948551,-0.040846056600771126,-0.050136567783592954,0.0,6.0,2.0,0.0,60.0,0.15
clearaccept_confirmatory,vqc_cancer,108,fixed_design_scheduler,30.0,42.0,4.678691424097628,42,10,"{""2"": 42}",1.0077809590147808,195.5625,,,,2048,1,2,classical,0.0625,0.001,0.0,0.0,0.008,0.0,0.001048,0.0,-0.06260674277658107,-0.06264877093947713,-0.06265893255314685,-0.06266698050977564,0.0,4.0,2.0,0.0,60.0,0.05
clearaccept_confirmatory,vqc_cancer,108,classical_only,30.0,0.0,0.0,0,0,{},7.125083357095718e-06,195.5625,,,,512,0,1,classical,0.0625,0.001,0.0,0.0,0.008,0.0,0.001048,0.0,-0.06260674277658107,-0.06264877093947713,-0.06265893255314685,-0.06266698050977564,0.0,4.0,2.0,0.0,60.0,0.05
clearaccept_confirmatory,vqc_cancer,109,sequential,30.0,42.00000000000002,3.000295941576417,84,60,"{""1"": 60, ""2"": 24}",3.311710999929346,195.5625,,,,2048,1,2,local_sim,0.050000000000000044,0.003072,0.0,0.0,0.024576,0.0,0.003219456,0.0,-0.05031506178188723,-0.0504525135041789,-0.0504837413893698,-0.050514045873547825,0.0,6.0,2.0,1.0,60.0,0.15
clearaccept_confirmatory,vqc_cancer,109,capo_joint_only,30.0,30.0,13.455893454162602,30,10,"{""2"": 30}",1.2223959160037339,195.5625,,,,128,1,0,classical,0.08750000000000002,0.001,0.0,0.0,0.008,0.0,0.001048,0.0,-0.08760255917379142,-0.08764730257297491,-0.0876574679001855,-0.08766733264112886,0.0,4.0,1.0,0.0,30.0,0.05
clearaccept_confirmatory,vqc_cancer,109,random,30.0,42.0,5.82286184073801,42,10,"{""2"": 42}",0.6040254579856992,195.5625,,,,2048,0,2,classical,0.08750000000000002,0.001,0.0,0.0,0.008,0.0,0.001048,0.0,-0.08760255917379142,-0.08764730257297491,-0.0876574679001855,-0.08766733264112886,0.0,2.0,3.0,0.0,120.0,0.05
clearaccept_confirmatory,vqc_cancer,109,capo_mf_no_rescore,30.0,32.16,2.443583078263978,54,26,"{""0"": 18, ""1"": 6, ""2"": 30}",0.454850583919324,195.5625,,,,2048,1,2,remote_sim,0.07468749999999995,0.03201374429356613,0.0,0.0,4.8e-05,1.9200000000000003e-12,0.032014032389566134,0.0,-0.07644252346112171,-0.07808355923891327,-0.07956265344050865,-0.08108787720818048,0.0,6.0,1.0,0.0,30.0,0.05
clearaccept_confirmatory,vqc_cancer,109,joint_mf,30.0,44.16,0.7098840563121437,66,25,"{""0"": 18, ""1"": 6, ""2"": 42}",0.8193736659595743,195.5625,,,,128,0,2,classical,0.08750000000000002,0.001,0.0,0.0,0.008,0.0,0.001048,0.0,-0.08760255917379142,-0.08764730257297491,-0.0876574679001855,-0.08766733264112886,0.0,6.0,1.0,0.0,120.0,0.05
clearaccept_confirmatory,vqc_cancer,109,capo_chance,30.0,42.999999999999986,3.1797275847675777,92,10,"{""0"": 50, ""2"": 42}",1.09828787506558,195.5625,,,,512,1,0,local_sim,0.07124999999999998,0.001536,0.0,0.0,0.012288,0.0,0.001609728,0.0,-0.07140753089094358,-0.0764732865209965,-0.08767237121364405,-0.08775702293677391,0.0,6.0,2.0,0.0,120.0,0.05
clearaccept_confirmatory,vqc_cancer,109,device_aware_sequential,30.0,42.0,8.159523961435989,42,21,"{""2"": 42}",1.2357056670589373,195.5625,,,,512,1,0,classical,0.08750000000000002,0.001,0.0,0.0,0.008,0.0,0.001048,0.0,-0.08760255917379142,-0.08764730257297491,-0.0876574679001855,-0.08766733264112886,0.0,6.0,2.0,0.0,60.0,0.15
clearaccept_confirmatory,vqc_cancer,109,fixed_design_scheduler,30.0,42.0,11.450483447470218,42,10,"{""2"": 42}",0.5127747909864411,195.5625,,,,512,1,0,classical,0.08750000000000002,0.001,0.0,0.0,0.008,0.0,0.001048,0.0,-0.08760255917379142,-0.08764730257297491,-0.0876574679001855,-0.08766733264112886,0.0,4.0,2.0,0.0,60.0,0.05
clearaccept_confirmatory,vqc_cancer,109,classical_only,30.0,0.0,0.0,0,0,{},4.417030140757561e-06,195.5625,,,,512,0,1,classical,0.08750000000000002,0.001,0.0,0.0,0.008,0.0,0.001048,0.0,-0.08760255917379142,-0.08764730257297491,-0.0876574679001855,-0.08766733264112886,0.0,4.0,2.0,0.0,60.0,0.05
clearaccept_confirmatory,vqc_cancer,110,sequential,30.0,42.00000000000002,2.4870033218767102,84,58,"{""1"": 60, ""2"": 24}",3.4645067079691216,195.5625,,,,128,0,2,local_sim,0.050000000000000044,0.000768,0.0,0.0,0.006144,0.0,0.000804864,0.0,-0.05009224441052309,-0.05012419654367428,-0.050126491681061675,-0.05012762150314035,0.0,6.0,1.0,0.0,120.0,0.15
clearaccept_confirmatory,vqc_cancer,110,capo_joint_only,30.0,30.0,7.013688085620494,30,10,"{""2"": 30}",1.1454689999809489,195.5625,,,,128,1,1,classical,0.050000000000000044,0.001,0.0,0.0,0.008,0.0,0.001048,0.0,-0.05012010990953526,-0.05016171424957588,-0.05016470270971571,-0.050166173832213994,0.0,6.0,1.0,1.0,30.0,0.05
clearaccept_confirmatory,vqc_cancer,110,random,30.0,42.0,9.213007187766971,42,10,"{""2"": 42}",2.1886864580446854,195.5625,,,,2048,1,1,classical,0.050000000000000044,0.001,0.0,0.0,0.008,0.0,0.001048,0.0,-0.05012010990953526,-0.05016171424957588,-0.05016470270971571,-0.050166173832213994,0.0,4.0,3.0,1.0,60.0,0.05
clearaccept_confirmatory,vqc_cancer,110,capo_mf_no_rescore,30.0,32.16,3.9577211332157396,54,26,"{""0"": 18, ""1"": 6, ""2"": 30}",1.027775292051956,195.5625,,,,512,0,0,classical,0.050000000000000044,0.001,0.0,0.0,0.008,0.0,0.001048,0.0,-0.05012010990953526,-0.05016171424957588,-0.05016470270971571,-0.050166173832213994,0.0,4.0,1.0,1.0,30.0,0.05
clearaccept_confirmatory,vqc_cancer,110,joint_mf,30.0,44.16,1.0662605662428333,66,25,"{""0"": 18, ""1"": 6, ""2"": 42}",1.0429597080219537,195.5625,,,,2048,0,2,classical,0.050000000000000044,0.001,0.0,0.0,0.008,0.0,0.001048,0.0,-0.05012010990953526,-0.05016171424957588,-0.05016470270971571,-0.050166173832213994,0.0,6.0,3.0,0.0,30.0,0.05
clearaccept_confirmatory,vqc_cancer,110,capo_chance,30.0,42.999999999999986,3.818445588472287,92,10,"{""0"": 50, ""2"": 42}",1.3522654169937596,195.5625,,,,128,0,1,classical,0.050000000000000044,0.001,0.0,0.0,0.008,0.0,0.001048,0.0,-0.05012010990953526,-0.05016171424957588,-0.05016470270971571,-0.050166173832213994,0.0,4.0,1.0,1.0,120.0,0.05
clearaccept_confirmatory,vqc_cancer,110,device_aware_sequential,30.0,42.0,12.982308516149331,42,22,"{""2"": 42}",1.4096404169686139,195.5625,,,,512,1,1,classical,0.050000000000000044,0.001,0.0,0.0,0.008,0.0,0.001048,0.0,-0.05012010990953526,-0.05016171424957588,-0.05016470270971571,-0.050166173832213994,0.0,6.0,3.0,1.0,30.0,0.05
clearaccept_confirmatory,vqc_cancer,110,fixed_design_scheduler,30.0,42.0,8.706421153427604,42,10,"{""2"": 42}",0.5096497090999037,195.5625,,,,512,1,1,classical,0.050000000000000044,0.001,0.0,0.0,0.008,0.0,0.001048,0.0,-0.05012010990953526,-0.05016171424957588,-0.05016470270971571,-0.050166173832213994,0.0,4.0,2.0,0.0,60.0,0.05
clearaccept_confirmatory,vqc_cancer,110,classical_only,30.0,0.0,0.0,0,0,{},5.458015948534012e-06,195.5625,,,,512,0,1,classical,0.050000000000000044,0.001,0.0,0.0,0.008,0.0,0.001048,0.0,-0.05012010990953526,-0.05016171424957588,-0.05016470270971571,-0.050166173832213994,0.0,4.0,2.0,0.0,60.0,0.05
clearaccept_confirmatory,vqc_cancer,111,sequential,30.0,42.00000000000002,7.040827050354574,84,57,"{""1"": 60, ""2"": 24}",5.10584795800969,195.5625,,,,512,1,1,classical,0.03749999999999998,0.001,0.0,0.0,0.008,0.0,0.001048,0.0,-0.03760965444237883,-0.037657275362097536,-0.03766031023888596,-0.037664235044704585,0.0,6.0,2.0,1.0,120.0,0.05
clearaccept_confirmatory,vqc_cancer,111,capo_joint_only,30.0,30.0,10.139404055935673,30,10,"{""2"": 30}",0.707708292058669,195.5625,,,,128,0,1,classical,0.03749999999999998,0.001,0.0,0.0,0.008,0.0,0.001048,0.0,-0.03760965444237883,-0.037657275362097536,-0.03766031023888596,-0.037664235044704585,0.0,4.0,3.0,0.0,30.0,0.05
clearaccept_confirmatory,vqc_cancer,111,random,30.0,42.0,7.124288689282532,42,10,"{""2"": 42}",1.4133768330793828,195.5625,,,,128,1,0,classical,0.03749999999999998,0.001,0.0,0.0,0.008,0.0,0.001048,0.0,-0.03760965444237883,-0.037657275362097536,-0.03766031023888596,-0.037664235044704585,0.0,2.0,3.0,0.0,30.0,0.15
clearaccept_confirmatory,vqc_cancer,111,capo_mf_no_rescore,30.0,32.16,3.082442951405432,54,25,"{""0"": 18, ""1"": 6, ""2"": 30}",0.620929625001736,195.5625,,,,512,0,0,classical,0.03749999999999998,0.001,0.0,0.0,0.008,0.0,0.001048,0.0,-0.03760965444237883,-0.037657275362097536,-0.03766031023888596,-0.037664235044704585,0.0,2.0,2.0,1.0,60.0,0.15
clearaccept_confirmatory,vqc_cancer,111,joint_mf,30.0,44.16,8.156511329268174,66,26,"{""0"": 18, ""1"": 6, ""2"": 42}",3.823848000029102,195.5625,,,,2048,0,0,local_sim,0.05093750000000004,0.001536,0.0,0.0,0.012288,0.0,0.001609728,0.0,-0.051105929223493954,-0.05024687729508457,-0.059536520218417356,-0.06265428513056269,0.0,6.0,1.0,1.0,120.0,0.05
clearaccept_confirmatory,vqc_cancer,111,capo_chance,30.0,43.09999999999998,4.077806555325484,97,11,"{""0"": 55, ""2"": 42}",2.269253792008385,195.5625,,,,512,0,0,classical,0.03749999999999998,0.001,0.0,0.0,0.008,0.0,0.001048,0.0,-0.03760965444237883,-0.037657275362097536,-0.03766031023888596,-0.037664235044704585,0.0,2.0,3.0,0.0,60.0,0.15
clearaccept_confirmatory,vqc_cancer,111,device_aware_sequential,30.0,42.0,9.124339215882658,42,22,"{""2"": 42}",1.0622102500637993,195.5625,,,,128,1,2,local_sim,0.05156250000000003,0.000768,0.0,0.0,0.006144,0.0,0.000804864,0.0,-0.05164671461174699,-0.06255224102520471,-0.06258109051733385,-0.06259224872765264,0.0,6.0,1.0,0.0,30.0,0.15
clearaccept_confirmatory,vqc_cancer,111,fixed_design_scheduler,30.0,42.0,7.552878717230678,42,10,"{""2"": 42}",1.0116989579983056,195.5625,,,,128,0,2,classical,0.03749999999999998,0.001,0.0,0.0,0.008,0.0,0.001048,0.0,-0.03760965444237883,-0.037657275362097536,-0.03766031023888596,-0.037664235044704585,0.0,4.0,2.0,0.0,60.0,0.05
clearaccept_confirmatory,vqc_cancer,111,classical_only,30.0,0.0,0.0,0,0,{},4.542060196399689e-06,195.5625,,,,512,0,1,classical,0.03749999999999998,0.001,0.0,0.0,0.008,0.0,0.001048,0.0,-0.03760965444237883,-0.037657275362097536,-0.03766031023888596,-0.037664235044704585,0.0,4.0,2.0,0.0,60.0,0.05
