experiment,workload,seed,method,cfg_placement,quality_loss,delay_s,deadline_miss,infeasible,energy_j,money,cost_scalar,realized_fail,utility,utility_p10
revision_queue_envelope,vqc_cancer,0,random,remote_sim,0.031875000000000014,0.044050734481625324,0.0,0.0,2.3999999999999997e-05,9.6e-13,0.04405087852962534,0.0,-0.03485322568111262,-0.053063476730063966
revision_queue_envelope,vqc_cancer,0,sequential,local_sim,0.03437499999999999,0.0005120000000000001,0.0,0.0,0.004096000000000001,0.0,0.0005365760000000001,0.0,-0.03443503554503747,-0.03757678282104458
revision_queue_envelope,vqc_cancer,0,joint_bo,classical,0.03749999999999998,0.0010000000000000002,0.0,0.0,0.008000000000000002,0.0,0.001048,0.0,-0.037605692019570224,-0.03765535513200927
revision_queue_envelope,vqc_cancer,0,joint_mf,local_sim,0.029375000000000012,0.00025600000000000004,0.0,0.0,0.0020480000000000003,0.0,0.00026828800000000004,0.0,-0.02940501777251876,-0.03753547190791349
revision_queue_envelope,vqc_cancer,0,accuracy_only,classical,0.03749999999999998,0.0010000000000000002,0.0,0.0,0.008000000000000002,0.0,0.001048,0.0,-0.037605692019570224,-0.03765535513200927
revision_queue_envelope,vqc_cancer,0,hand_designed,qpu_A,0.04437500000000001,154.20775877174407,0.75,0.0,5.5120000000000005,0.0015359999999999998,154.31763077174406,0.0,-11.56050877540822,-49.53101536554942
revision_queue_envelope,vqc_cancer,0,always_simulator,local_sim,0.042500000000000024,0.00025600000000000004,0.0,0.0,0.0020480000000000003,0.0,0.00026828800000000004,0.0,-0.04253001777251877,-0.05003839141052235
revision_queue_envelope,vqc_cancer,0,classical_only,classical,0.03749999999999998,0.0010000000000000002,0.0,0.0,0.008000000000000002,0.0,0.001048,0.0,-0.037605692019570224,-0.03765535513200927
revision_queue_envelope,vqc_cancer,0,oracle_placement,classical,0.03749999999999998,0.0010000000000000002,0.0,0.0,0.008000000000000002,0.0,0.001048,0.0,-0.037605692019570224,-0.03765535513200927
revision_queue_envelope,vqc_cancer,1,random,classical,0.07499999999999996,0.0010000000000000002,0.0,0.0,0.008000000000000002,0.0,0.001048,0.0,-0.07511390136394348,-0.07515407687121417
revision_queue_envelope,vqc_cancer,1,sequential,remote_sim,0.041875,0.022680716382128114,0.0,0.0,2.3999999999999997e-05,9.6e-13,0.022680860430128118,0.0,-0.04330996791561707,-0.0513890948140148
revision_queue_envelope,vqc_cancer,1,joint_bo,remote_sim,0.05562500000000002,0.022680684382128117,0.0,0.0,1.6000000000000003e-05,6.400000000000002e-13,0.02268078041412812,0.0,-0.05705991800061104,-0.07592158914906898
revision_queue_envelope,vqc_cancer,1,joint_mf,remote_sim,0.045000000000000005,0.022680716382128114,0.0,0.0,2.3999999999999997e-05,9.6e-13,0.022680860430128118,0.0,-0.046434967915617076,-0.05477357406877918
revision_queue_envelope,vqc_cancer,1,accuracy_only,qpu_A,0.039999999999999994,152.04217799340475,0.9,0.1,11.144000000000002,0.018432,153.03064199340477,0.0,-8.37109315096958,-8.831108878384155
revision_queue_envelope,vqc_cancer,1,hand_designed,qpu_A,0.05187500000000004,150.91577799340476,0.7,0.0,5.5120000000000005,0.0015359999999999998,151.02564999340476,0.0,-6.533754136945539,-7.826620580992729
revision_queue_envelope,vqc_cancer,1,always_simulator,local_sim,0.05125000000000004,0.00025600000000000004,0.0,0.0,0.0020480000000000003,0.0,0.00026828800000000004,0.0,-0.051277480048409096,-0.051290384424248166
revision_queue_envelope,vqc_cancer,1,classical_only,classical,0.07499999999999996,0.0010000000000000002,0.0,0.0,0.008000000000000002,0.0,0.001048,0.0,-0.07511390136394348,-0.07515407687121417
revision_queue_envelope,vqc_cancer,1,oracle_placement,remote_sim,0.05562500000000002,0.022680684382128117,0.0,0.0,1.6000000000000003e-05,6.400000000000002e-13,0.02268078041412812,0.0,-0.05705991800061104,-0.07592158914906898
revision_queue_envelope,vqc_cancer,2,random,classical,0.050000000000000044,0.0010000000000000002,0.0,0.0,0.008000000000000002,0.0,0.001048,0.0,-0.050105795073762074,-0.05013979279262532
revision_queue_envelope,vqc_cancer,2,sequential,local_sim,0.050625000000000045,0.0015359999999999998,0.0,0.0,0.012287999999999999,0.0,0.0016097280000000002,0.0,-0.050783411946867675,-0.05024395710320488
revision_queue_envelope,vqc_cancer,2,joint_bo,local_sim,0.050625000000000045,0.002304,0.0,0.0,0.018432,0.0,0.002414592,0.0,-0.05086261792030149,-0.050365935654807306
revision_queue_envelope,vqc_cancer,2,joint_mf,classical,0.050000000000000044,0.0010000000000000002,0.0,0.0,0.008000000000000002,0.0,0.001048,0.0,-0.050105795073762074,-0.05013979279262532
revision_queue_envelope,vqc_cancer,2,accuracy_only,local_sim,0.050000000000000044,0.0007679999999999999,0.0,0.0,0.006143999999999999,0.0,0.0008048640000000001,0.0,-0.05007920597343386,-0.05011289743248592
revision_queue_envelope,vqc_cancer,2,hand_designed,qpu_A,0.06624999999999999,243.5147664735251,0.8,0.0,5.5120000000000005,0.0015359999999999998,243.6246384735251,0.0,-10.9504181490524,-34.2024676309263
revision_queue_envelope,vqc_cancer,2,always_simulator,local_sim,0.06937499999999998,0.00025600000000000004,0.0,0.0,0.0020480000000000003,0.0,0.00026828800000000004,0.0,-0.06940390535870695,-0.07503882004146183
revision_queue_envelope,vqc_cancer,2,classical_only,classical,0.050000000000000044,0.0010000000000000002,0.0,0.0,0.008000000000000002,0.0,0.001048,0.0,-0.050105795073762074,-0.05013979279262532
revision_queue_envelope,vqc_cancer,2,oracle_placement,classical,0.050000000000000044,0.0010000000000000002,0.0,0.0,0.008000000000000002,0.0,0.001048,0.0,-0.050105795073762074,-0.05013979279262532
revision_queue_envelope,vqc_cancer,3,random,classical,0.0625,0.0010000000000000002,0.0,0.0,0.008000000000000002,0.0,0.001048,0.0,-0.06260661450262543,-0.06264451361048892
revision_queue_envelope,vqc_cancer,3,sequential,qpu_B,0.05125000000000004,284.2410437193464,0.65,0.0,5.384,0.00038399999999999996,284.29254771934643,0.0,-26.12447521725354,-109.58968883145239
revision_queue_envelope,vqc_cancer,3,joint_bo,classical,0.0625,0.0010000000000000002,0.0,0.0,0.008000000000000002,0.0,0.001048,0.0,-0.06260661450262543,-0.06264451361048892
revision_queue_envelope,vqc_cancer,3,joint_mf,local_sim,0.05312500000000003,0.0005120000000000001,0.0,0.0,0.004096000000000001,0.0,0.0005365760000000001,0.0,-0.05318209547699578,-0.0625491564757661
revision_queue_envelope,vqc_cancer,3,accuracy_only,qpu_B,0.06375,194.61899121928872,0.75,0.0,5.128,0.00012800000000000002,194.65615921928875,0.0,-16.768875947719117,-38.807513639802146
revision_queue_envelope,vqc_cancer,3,hand_designed,qpu_A,0.06000000000000001,568.4685852823031,0.75,0.0,5.5120000000000005,0.0015359999999999998,568.5784572823031,0.0,-51.11243354567874,-217.14528183054514
revision_queue_envelope,vqc_cancer,3,always_simulator,local_sim,0.060625000000000005,0.00025600000000000004,0.0,0.0,0.0020480000000000003,0.0,0.00026828800000000004,0.0,-0.06065354773849788,-0.06254042110545184
revision_queue_envelope,vqc_cancer,3,classical_only,classical,0.0625,0.0010000000000000002,0.0,0.0,0.008000000000000002,0.0,0.001048,0.0,-0.06260661450262543,-0.06264451361048892
revision_queue_envelope,vqc_cancer,3,oracle_placement,classical,0.0625,0.0010000000000000002,0.0,0.0,0.008000000000000002,0.0,0.001048,0.0,-0.06260661450262543,-0.06264451361048892
revision_queue_envelope,vqc_cancer,4,random,classical,0.025000000000000022,0.0010000000000000002,0.0,0.0,0.008000000000000002,0.0,0.001048,0.0,-0.025102969554201316,-0.025137956714239705
revision_queue_envelope,vqc_cancer,4,sequential,local_sim,0.026250000000000016,0.0007679999999999999,0.0,0.0,0.006143999999999999,0.0,0.0008048640000000001,0.0,-0.026338416077275474,-0.026370219466208645
revision_queue_envelope,vqc_cancer,4,joint_bo,remote_sim,0.028750000000000008,0.029515734390124844,0.0,0.0,9.599999999999999e-05,3.84e-12,0.029516310582124845,0.0,-0.03065124141700904,-0.04012528007966568
revision_queue_envelope,vqc_cancer,4,joint_mf,classical,0.025000000000000022,0.0010000000000000002,0.0,0.0,0.008000000000000002,0.0,0.001048,0.0,-0.025102969554201316,-0.025137956714239705
revision_queue_envelope,vqc_cancer,4,accuracy_only,classical,0.025000000000000022,0.0010000000000000002,0.0,0.0,0.008000000000000002,0.0,0.001048,0.0,-0.025102969554201316,-0.025137956714239705
revision_queue_envelope,vqc_cancer,4,hand_designed,qpu_A,0.07374999999999995,187.0223880174411,0.75,0.0,5.5120000000000005,0.0015359999999999998,187.1322600174411,0.0,-10.9270587718248,-23.425776045592116
revision_queue_envelope,vqc_cancer,4,always_simulator,local_sim,0.07499999999999996,0.00025600000000000004,0.0,0.0,0.0020480000000000003,0.0,0.00026828800000000004,0.0,-0.0750292214472342,-0.07503985026443155
revision_queue_envelope,vqc_cancer,4,classical_only,classical,0.025000000000000022,0.0010000000000000002,0.0,0.0,0.008000000000000002,0.0,0.001048,0.0,-0.025102969554201316,-0.025137956714239705
revision_queue_envelope,vqc_cancer,4,oracle_placement,classical,0.025000000000000022,0.0010000000000000002,0.0,0.0,0.008000000000000002,0.0,0.001048,0.0,-0.025102969554201316,-0.025137956714239705
revision_queue_envelope,vqc_cancer,5,random,classical,0.07499999999999996,0.0010000000000000002,0.0,0.0,0.008000000000000002,0.0,0.001048,0.0,-0.07511738937558628,-0.07514533921860073
revision_queue_envelope,vqc_cancer,5,sequential,remote_sim,0.0625,0.028571831761038828,0.0,0.0,0.000144,5.7600000000000005e-12,0.028572696049038827,0.0,-0.06416725664504996,-0.06560580381553374
revision_queue_envelope,vqc_cancer,5,joint_bo,classical,0.07499999999999996,0.0010000000000000002,0.0,0.0,0.008000000000000002,0.0,0.001048,0.0,-0.07511738937558628,-0.07514533921860073
revision_queue_envelope,vqc_cancer,5,joint_mf,classical,0.07499999999999996,0.0010000000000000002,0.0,0.0,0.008000000000000002,0.0,0.001048,0.0,-0.07511738937558628,-0.07514533921860073
revision_queue_envelope,vqc_cancer,5,accuracy_only,qpu_B,0.075,150.02124625749164,0.75,0.0,5.384,0.00038399999999999996,150.07275025749163,0.0,-7.705322610689111,-13.564022943599264
revision_queue_envelope,vqc_cancer,5,hand_designed,qpu_A,0.11375000000000002,462.41195961997647,0.75,0.0,5.5120000000000005,0.0015359999999999998,462.52183161997647,0.0,-26.80676650985992,-49.48397441302488
revision_queue_envelope,vqc_cancer,5,always_simulator,local_sim,0.113125,0.00025600000000000004,0.0,0.0,0.0020480000000000003,0.0,0.00026828800000000004,0.0,-0.11315417194047528,-0.1125417715262167
revision_queue_envelope,vqc_cancer,5,classical_only,classical,0.07499999999999996,0.0010000000000000002,0.0,0.0,0.008000000000000002,0.0,0.001048,0.0,-0.07511738937558628,-0.07514533921860073
revision_queue_envelope,vqc_cancer,5,oracle_placement,classical,0.07499999999999996,0.0010000000000000002,0.0,0.0,0.008000000000000002,0.0,0.001048,0.0,-0.07511738937558628,-0.07514533921860073
revision_queue_envelope,vqc_cancer,6,random,classical,0.0625,0.0010000000000000002,0.0,0.0,0.008000000000000002,0.0,0.001048,0.0,-0.0626064420667069,-0.06265842726350494
revision_queue_envelope,vqc_cancer,6,sequential,local_sim,0.07499999999999996,0.0007679999999999999,0.0,0.0,0.006143999999999999,0.0,0.0008048640000000001,0.0,-0.07508227471893526,-0.07510168103921325
revision_queue_envelope,vqc_cancer,6,joint_bo,local_sim,0.06375,0.0030719999999999996,0.0,0.0,0.024575999999999997,0.0,0.0032194560000000003,0.0,-0.06407909887574123,-0.0642412616525457
revision_queue_envelope,vqc_cancer,6,joint_mf,classical,0.0625,0.0010000000000000002,0.0,0.0,0.008000000000000002,0.0,0.001048,0.0,-0.0626064420667069,-0.06265842726350494
revision_queue_envelope,vqc_cancer,6,accuracy_only,classical,0.0625,0.0010000000000000002,0.0,0.0,0.008000000000000002,0.0,0.001048,0.0,-0.0626064420667069,-0.06265842726350494
revision_queue_envelope,vqc_cancer,6,hand_designed,qpu_A,0.07499999999999997,477.2041710200165,0.95,0.0,5.5120000000000005,0.0015359999999999998,477.31404302001664,0.0,-25.93622928296032,-71.5110329236266
revision_queue_envelope,vqc_cancer,6,always_simulator,local_sim,0.07499999999999997,0.00025600000000000004,0.0,0.0,0.0020480000000000003,0.0,0.00026828800000000004,0.0,-0.0750284928500827,-0.08751595048255348
revision_queue_envelope,vqc_cancer,6,classical_only,classical,0.0625,0.0010000000000000002,0.0,0.0,0.008000000000000002,0.0,0.001048,0.0,-0.0626064420667069,-0.06265842726350494
revision_queue_envelope,vqc_cancer,6,oracle_placement,classical,0.0625,0.0010000000000000002,0.0,0.0,0.008000000000000002,0.0,0.001048,0.0,-0.0626064420667069,-0.06265842726350494
revision_queue_envelope,vqc_cancer,7,random,local_sim,0.07499999999999996,0.00025600000000000004,0.0,0.0,0.0020480000000000003,0.0,0.00026828800000000004,0.0,-0.07502600363467712,-0.07503509415640298
revision_queue_envelope,vqc_cancer,7,sequential,classical,0.07499999999999996,0.0010000000000000002,0.0,0.0,0.008000000000000002,0.0,0.001048,0.0,-0.07510815632690733,-0.07514512297159787
revision_queue_envelope,vqc_cancer,7,joint_bo,classical,0.07499999999999996,0.0010000000000000002,0.0,0.0,0.008000000000000002,0.0,0.001048,0.0,-0.07510815632690733,-0.07514512297159787
revision_queue_envelope,vqc_cancer,7,joint_mf,local_sim,0.07374999999999995,0.00038399999999999996,0.0,0.0,0.0030719999999999996,0.0,0.00040243200000000004,0.0,-0.07378900545201572,-0.07505190228321534
revision_queue_envelope,vqc_cancer,7,accuracy_only,classical,0.07499999999999996,0.0010000000000000002,0.0,0.0,0.008000000000000002,0.0,0.001048,0.0,-0.07510815632690733,-0.07514512297159787
revision_queue_envelope,vqc_cancer,7,hand_designed,qpu_A,0.07062499999999997,583.6226223470037,0.65,0.0,5.5120000000000005,0.0015359999999999998,583.7324943470037,0.0,-44.5731035038909,-83.08029528240903
revision_queue_envelope,vqc_cancer,7,always_simulator,local_sim,0.07499999999999996,0.00025600000000000004,0.0,0.0,0.0020480000000000003,0.0,0.00026828800000000004,0.0,-0.07502600363467712,-0.07503509415640298
revision_queue_envelope,vqc_cancer,7,classical_only,classical,0.07499999999999996,0.0010000000000000002,0.0,0.0,0.008000000000000002,0.0,0.001048,0.0,-0.07510815632690733,-0.07514512297159787
revision_queue_envelope,vqc_cancer,7,oracle_placement,classical,0.07499999999999996,0.0010000000000000002,0.0,0.0,0.008000000000000002,0.0,0.001048,0.0,-0.07510815632690733,-0.07514512297159787
revision_queue_envelope,vqc_cancer,8,random,local_sim,0.023125000000000007,0.0015359999999999998,0.0,0.0,0.012287999999999999,0.0,0.0016097280000000002,0.0,-0.023291688857840588,-0.02521307941605569
revision_queue_envelope,vqc_cancer,8,sequential,remote_sim,0.014999999999999968,0.048160385171012024,0.0,0.0,9.599999999999999e-05,3.84e-12,0.048160961363012025,0.0,-0.017897995112070086,-0.028987774899146078
revision_queue_envelope,vqc_cancer,8,joint_bo,classical,0.03749999999999998,0.0010000000000000002,0.0,0.0,0.008000000000000002,0.0,0.001048,0.0,-0.03759658830302341,-0.03763488052802752
revision_queue_envelope,vqc_cancer,8,joint_mf,local_sim,0.01124999999999996,0.0030719999999999996,0.0,0.0,0.024575999999999997,0.0,0.0032194560000000003,0.0,-0.01158337771568113,-0.012937552738674625
revision_queue_envelope,vqc_cancer,8,accuracy_only,qpu_A,0.012499999999999956,524.9960508345686,0.9,0.2,11.144000000000002,0.018432,525.9845148345686,0.0,-38.87811285711895,-86.65725593599944
revision_queue_envelope,vqc_cancer,8,hand_designed,qpu_A,0.05062500000000003,370.34202420245254,0.6,0.0,5.5120000000000005,0.0015359999999999998,370.45189620245253,0.0,-26.90176190712169,-93.48602375891517
revision_queue_envelope,vqc_cancer,8,always_simulator,local_sim,0.05062500000000003,0.00025600000000000004,0.0,0.0,0.0020480000000000003,0.0,0.00026828800000000004,0.0,-0.050654483279294206,-0.05128999484885676
revision_queue_envelope,vqc_cancer,8,classical_only,classical,0.03749999999999998,0.0010000000000000002,0.0,0.0,0.008000000000000002,0.0,0.001048,0.0,-0.03759658830302341,-0.03763488052802752
revision_queue_envelope,vqc_cancer,8,oracle_placement,classical,0.03749999999999998,0.0010000000000000002,0.0,0.0,0.008000000000000002,0.0,0.001048,0.0,-0.03759658830302341,-0.03763488052802752
revision_queue_envelope,vqc_cancer,9,random,local_sim,0.048125000000000036,0.0015359999999999998,0.0,0.0,0.012287999999999999,0.0,0.0016097280000000002,0.0,-0.04831546493333414,-0.050225174490869356
revision_queue_envelope,vqc_cancer,9,sequential,local_sim,0.038749999999999986,0.0015359999999999998,0.0,0.0,0.012287999999999999,0.0,0.0016097280000000002,0.0,-0.03894046493333409,-0.038997204477176986
revision_queue_envelope,vqc_cancer,9,joint_bo,classical,0.050000000000000044,0.0010000000000000002,0.0,0.0,0.008000000000000002,0.0,0.001048,0.0,-0.050108719110320755,-0.050143820705138134
revision_queue_envelope,vqc_cancer,9,joint_mf,local_sim,0.040624999999999994,0.002304,0.0,0.0,0.018432,0.0,0.002414592,0.0,-0.04091069740000115,-0.05031749443775222
revision_queue_envelope,vqc_cancer,9,accuracy_only,remote_sim,0.03749999999999998,0.026497501751994175,0.0,0.0,9.599999999999999e-05,3.84e-12,0.026498077943994176,0.0,-0.039555496341338994,-0.041188638085986856
revision_queue_envelope,vqc_cancer,9,hand_designed,qpu_A,0.0625,572.3546718942542,0.9,0.0,5.5120000000000005,0.0015359999999999998,572.4645438942542,0.0,-27.708916648044333,-82.9509532809098
revision_queue_envelope,vqc_cancer,9,always_simulator,local_sim,0.0625,0.00025600000000000004,0.0,0.0,0.0020480000000000003,0.0,0.00026828800000000004,0.0,-0.06253131669833262,-0.06254131278605438
revision_queue_envelope,vqc_cancer,9,classical_only,classical,0.050000000000000044,0.0010000000000000002,0.0,0.0,0.008000000000000002,0.0,0.001048,0.0,-0.050108719110320755,-0.050143820705138134
revision_queue_envelope,vqc_cancer,9,oracle_placement,classical,0.050000000000000044,0.0010000000000000002,0.0,0.0,0.008000000000000002,0.0,0.001048,0.0,-0.050108719110320755,-0.050143820705138134
revision_queue_envelope,vqc_cancer,10,random,classical,0.050000000000000044,0.0010000000000000002,0.0,0.0,0.008000000000000002,0.0,0.001048,0.0,-0.05011150551061796,-0.0501488247309141
revision_queue_envelope,vqc_cancer,10,sequential,local_sim,0.05750000000000001,0.0030719999999999996,0.0,0.0,0.024575999999999997,0.0,0.0032194560000000003,0.0,-0.05784858972678066,-0.07536024263320017
revision_queue_envelope,vqc_cancer,10,joint_bo,local_sim,0.050000000000000044,0.0007679999999999999,0.0,0.0,0.006143999999999999,0.0,0.0008048640000000001,0.0,-0.0500871474316952,-0.0501146582086654
revision_queue_envelope,vqc_cancer,10,joint_mf,classical,0.050000000000000044,0.0010000000000000002,0.0,0.0,0.008000000000000002,0.0,0.001048,0.0,-0.05011150551061796,-0.0501488247309141
revision_queue_envelope,vqc_cancer,10,accuracy_only,qpu_A,0.052500000000000026,304.91398042872237,0.8,0.0,5.128,0.00038399999999999996,304.96394842872246,0.0,-22.880188957577733,-46.79279549863169
revision_queue_envelope,vqc_cancer,10,hand_designed,qpu_A,0.08499999999999999,537.1801575919159,0.85,0.0,5.5120000000000005,0.0015359999999999998,537.2900295919158,0.0,-37.30769695886786,-52.89404212309137
revision_queue_envelope,vqc_cancer,10,always_simulator,local_sim,0.08625000000000001,0.00025600000000000004,0.0,0.0,0.0020480000000000003,0.0,0.00026828800000000004,0.0,-0.0862782467157471,-0.08753862941872476
revision_queue_envelope,vqc_cancer,10,classical_only,classical,0.050000000000000044,0.0010000000000000002,0.0,0.0,0.008000000000000002,0.0,0.001048,0.0,-0.05011150551061796,-0.0501488247309141
revision_queue_envelope,vqc_cancer,10,oracle_placement,local_sim,0.050000000000000044,0.0007679999999999999,0.0,0.0,0.006143999999999999,0.0,0.0008048640000000001,0.0,-0.0500871474316952,-0.0501146582086654
revision_queue_envelope,vqc_cancer,11,random,remote_sim,0.061875,0.04008609533225749,0.0,0.0,4.7999999999999994e-05,1.92e-12,0.04008638342825748,0.0,-0.0646113855901256,-0.07839598701034145
revision_queue_envelope,vqc_cancer,11,sequential,local_sim,0.06937499999999999,0.0005120000000000001,0.0,0.0,0.004096000000000001,0.0,0.0005365760000000001,0.0,-0.06943415157805198,-0.08756510304181997
revision_queue_envelope,vqc_cancer,11,joint_bo,remote_sim,0.06624999999999999,0.04008603133225748,0.0,0.0,3.2000000000000005e-05,1.2800000000000004e-12,0.04008622339625749,0.0,-0.06898628523617831,-0.07761978444889407
revision_queue_envelope,vqc_cancer,11,joint_mf,remote_sim,0.07749999999999999,0.040085967332257486,0.0,0.0,1.6000000000000003e-05,6.400000000000002e-13,0.040086063364257477,0.0,-0.08023618488223104,-0.09026558161007964
revision_queue_envelope,vqc_cancer,11,accuracy_only,local_sim,0.0625,0.00038399999999999996,0.0,0.0,0.0030719999999999996,0.0,0.00040243200000000004,0.0,-0.06254436368353901,-0.06256142099243547
revision_queue_envelope,vqc_cancer,11,hand_designed,qpu_A,0.09062499999999998,291.7200351602892,0.7,0.0,5.5120000000000005,0.0015359999999999998,291.8299071602893,0.05,-13.766483332362023,-39.48860874752445
revision_queue_envelope,vqc_cancer,11,always_simulator,local_sim,0.06999999999999998,0.00025600000000000004,0.0,0.0,0.0020480000000000003,0.0,0.00026828800000000004,0.0,-0.07002957578902597,-0.07629129262923863
revision_queue_envelope,vqc_cancer,11,classical_only,classical,0.1,0.0010000000000000002,0.0,0.0,0.008000000000000002,0.0,0.001048,0.0,-0.10010427447654728,-0.10014408945810842
revision_queue_envelope,vqc_cancer,11,oracle_placement,local_sim,0.06624999999999999,0.0005120000000000001,0.0,0.0,0.004096000000000001,0.0,0.0005365760000000001,0.0,-0.06630915157805198,-0.0750651030418199
revision_queue_envelope,qaoa_channel,0,random,classical,0.0,0.005542041501030326,0.0,0.0,0.04433633200824261,0.0,0.005808059493079781,0.0,-0.0005672551853264372,-0.0007574199582297745
revision_queue_envelope,qaoa_channel,0,sequential,remote_sim,0.0,0.10306642479531287,0.0,0.0,1.2622880000000003,5.049152e-08,0.11064267737131288,0.0,-0.01368660001455121,-0.019289528269702694
revision_queue_envelope,qaoa_channel,0,joint_bo,local_sim,0.0,0.30491199999999996,0.05,0.0,2.4392959999999997,0.0,0.31954777600000006,0.0,-0.13280549938342184,-0.04918625095688824
revision_queue_envelope,qaoa_channel,0,joint_mf,remote_sim,0.0,0.05880095821293648,0.0,0.0,1.2684320000000002,5.073728e-08,0.0664140870769365,0.0,-0.011694700233754334,-0.01426477775195559
revision_queue_envelope,qaoa_channel,0,accuracy_only,qpu_A,0.0,10135.176870950403,1.0,0.0,5.5120000000000005,0.0015359999999999998,10135.2867429504,0.0,-607.9634270142735,-1591.72251176331
revision_queue_envelope,qaoa_channel,0,hand_designed,qpu_A,0.0,11329.034806133152,1.0,0.75,220.48000000000002,0.061439999999999995,11333.42968613315,0.05,-985.9514520388482,-2379.649710097443
revision_queue_envelope,qaoa_channel,0,always_simulator,local_sim,0.0012188372346784641,3.982159999999999,0.9,0.0,31.857279999999992,0.0,4.173303680000001,0.0,-2.229021330426733,-2.517600490367767
revision_queue_envelope,qaoa_channel,0,classical_only,classical,0.0,0.005615655885776505,0.0,0.0,0.04492524708621204,0.0,0.005885207368293777,0.0,-0.0005742403937180737,-0.0007543453583368294
revision_queue_envelope,qaoa_channel,0,oracle_placement,classical,0.0,0.005551229492994025,0.0,0.0,0.0444098359439522,0.0,0.005817688508657739,0.0,-0.0005693215980339806,-0.0007834314619191938
revision_queue_envelope,qaoa_channel,1,random,classical,0.011966714023658547,0.005548052198719233,0.0,0.0,0.044384417589753866,0.0,0.005814358704257757,0.0,-0.012569998869452894,-0.01288736689326407
revision_queue_envelope,qaoa_channel,1,sequential,local_sim,0.0,23.79296,1.0,0.45,190.34368,0.0,24.935022080000003,0.0,-7.39595210245852,-10.690514978824568
revision_queue_envelope,qaoa_channel,1,joint_bo,classical,0.011966714023658547,0.00555514550069347,0.0,0.0,0.04444116400554776,0.0,0.005821792484726756,0.0,-0.012572060614128574,-0.01287047357290156
revision_queue_envelope,qaoa_channel,1,joint_mf,classical,0.011966714023658547,0.0055379270343109965,0.0,0.0,0.04430341627448797,0.0,0.005803747531957925,0.0,-0.012569391501089083,-0.012855439022149404
revision_queue_envelope,qaoa_channel,1,accuracy_only,remote_sim,0.0,0.2804212272097318,0.0,0.0,1.2622880000000003,5.049152e-08,0.28799747978573176,0.05,-0.02335927775552952,-0.03279600297715653
revision_queue_envelope,qaoa_channel,1,hand_designed,qpu_A,0.023933428047317094,15874.441260685364,1.0,0.75,220.48000000000002,0.061439999999999995,15878.836140685362,0.1,-1229.677201388496,-3030.76351341607
revision_queue_envelope,qaoa_channel,1,always_simulator,local_sim,0.005983357011829274,3.982159999999999,0.8,0.0,31.857279999999992,0.0,4.173303680000001,0.0,-2.040850680244917,-2.646222752792646
revision_queue_envelope,qaoa_channel,1,classical_only,classical,0.011966714023658547,0.0054916250228416175,0.0,0.0,0.04393300018273294,0.0,0.005755223023938015,0.0,-0.012563904612025575,-0.012853265410440483
revision_queue_envelope,qaoa_channel,1,oracle_placement,classical,0.011966714023658547,0.005539655743632466,0.0,0.0,0.044317245949059725,0.0,0.005805559219326824,0.0,-0.012569206583411308,-0.012849336823433827
revision_queue_envelope,qaoa_channel,2,random,classical,0.00041149736043574904,0.00554852100322023,0.0,0.0,0.04438816802576184,0.0,0.005814850011374802,0.0,-0.001039638686178649,-0.0008636510349804841
revision_queue_envelope,qaoa_channel,2,sequential,qpu_A,0.0,11444.918886697322,1.0,1.0,261.43999999999994,0.18432,11455.703526697322,0.0,-892.5645113886033,-2821.8649276751803
revision_queue_envelope,qaoa_channel,2,joint_bo,classical,0.00041149736043574904,0.005545634892769158,0.0,0.0,0.04436507914215326,0.0,0.005811825367622077,0.0,-0.0010400229515553396,-0.0008582560324452557
revision_queue_envelope,qaoa_channel,2,joint_mf,classical,0.00041149736043574904,0.0054106671013869345,0.0,0.0,0.043285336811095476,0.0,0.005670379122253507,0.0,-0.001024125306678834,-0.0008311666744709748
revision_queue_envelope,qaoa_channel,2,accuracy_only,remote_sim,0.0,0.03634652305898835,0.0,0.0,1.2684320000000002,5.073728e-08,0.04395965192298835,0.0,-0.009994047423726208,-0.011599191268994186
revision_queue_envelope,qaoa_channel,2,hand_designed,qpu_A,0.00015379654575898907,20034.81442915499,1.0,0.7,220.48000000000002,0.061439999999999995,20039.209309154998,0.0,-1797.1542805766173,-2975.6411398047576
revision_queue_envelope,qaoa_channel,2,always_simulator,local_sim,5.126551525299636e-05,3.982159999999999,0.9,0.05,31.857279999999992,0.0,4.173303680000001,0.0,-2.5283792943069834,-2.638748105946384
revision_queue_envelope,qaoa_channel,2,classical_only,classical,0.00041149736043574904,0.005446926807053387,0.0,0.0,0.0435754144564271,0.0,0.00570837929379195,0.0,-0.0010270682558923855,-0.0008400640534710887
revision_queue_envelope,qaoa_channel,2,oracle_placement,classical,0.00041149736043574904,0.005463875510031357,0.0,0.0,0.04371100408025086,0.0,0.005726141534512863,0.0,-0.001029853565304393,-0.0008400759385874634
revision_queue_envelope,qaoa_channel,3,random,remote_sim,0.0,0.09151737669648638,0.0,0.0,1.2622880000000003,5.049152e-08,0.09909362927248641,0.0,-0.013563936882764308,-0.016849361702110162
revision_queue_envelope,qaoa_channel,3,sequential,local_sim,0.0,0.20660800000000004,0.05,0.0,1.6528640000000003,0.0,0.21652518400000004,0.0,-0.12356744062614367,-0.03300848305870576
revision_queue_envelope,qaoa_channel,3,joint_bo,classical,0.012190671666101617,0.005654697684803978,0.0,0.0,0.04523758147843182,0.0,0.005926123173674568,0.0,-0.012868216539896471,-0.013148515010473887
revision_queue_envelope,qaoa_channel,3,joint_mf,classical,0.012190671666101617,0.0055312289332505316,0.0,0.0,0.04424983146600425,0.0,0.005796727922046557,0.0,-0.012854771463986761,-0.01307606013631429
revision_queue_envelope,qaoa_channel,3,accuracy_only,qpu_B,0.0,10083.153611669051,1.0,0.7,220.48000000000002,0.020479999999999998,10085.500491669054,0.0,-802.4679421444505,-3951.8510399287156
revision_queue_envelope,qaoa_channel,3,hand_designed,qpu_A,0.006095335833050808,8430.380639193041,1.0,0.75,220.48000000000002,0.061439999999999995,8434.77551919304,0.1,-385.2635455645909,-1120.9417828211579
revision_queue_envelope,qaoa_channel,3,always_simulator,local_sim,0.0,3.982159999999999,0.9,0.0,31.857279999999992,0.0,4.173303680000001,0.0,-2.2551527659435164,-2.613169869032914
revision_queue_envelope,qaoa_channel,3,classical_only,classical,0.012190671666101617,0.005537801829632372,0.0,0.0,0.04430241463705897,0.0,0.005803616317454726,0.0,-0.012854680448151167,-0.013070934637778305
revision_queue_envelope,qaoa_channel,3,oracle_placement,classical,0.012190671666101617,0.005557480209972709,0.0,0.0,0.044459841679781675,0.0,0.005824239260051401,0.0,-0.012856598559120733,-0.013105256440571894
revision_queue_envelope,qaoa_channel,4,random,classical,0.013782180968253533,0.005642020871164277,0.0,0.0,0.04513616696931422,0.0,0.005912837872980163,0.0,-0.014439965826784178,-0.0009286801320055353
revision_queue_envelope,qaoa_channel,4,sequential,classical,0.013782180968253533,0.005641114985337481,0.0,0.0,0.04512891988269985,0.0,0.005911888504633681,0.0,-0.014438849833750319,-0.0009392096848032589
revision_queue_envelope,qaoa_channel,4,joint_bo,classical,0.013782180968253533,0.0055632600269746035,0.0,0.0,0.04450608021579683,0.0,0.0058302965082693845,0.0,-0.014429418125669053,-0.0008987963987817546
revision_queue_envelope,qaoa_channel,4,joint_mf,classical,0.013782180968253533,0.005616822279989719,0.0,0.0,0.044934578239917755,0.0,0.005886429749429226,0.0,-0.014435834343071299,-0.0009174368352598425
revision_queue_envelope,qaoa_channel,4,accuracy_only,remote_sim,0.06891090484126766,0.048294789191323774,0.0,0.0,1.256144,5.024576000000001e-08,0.05583416547932377,0.0,-0.0795941395620907,-0.28650151325433254
revision_queue_envelope,qaoa_channel,4,hand_designed,qpu_A,0.0,3955.858704752328,1.0,0.65,220.48000000000002,0.061439999999999995,3960.2535847523272,0.0,-321.5159271542992,-794.9961867548558
revision_queue_envelope,qaoa_channel,4,always_simulator,local_sim,0.0,3.982159999999999,0.9,0.0,31.857279999999992,0.0,4.173303680000001,0.0,-2.275543660628295,-2.63803144437111
revision_queue_envelope,qaoa_channel,4,classical_only,classical,0.013782180968253533,0.005519228696357459,0.0,0.0,0.04415382957085967,0.0,0.005784151673782617,0.0,-0.014426566315426123,-0.0009282454263645429
revision_queue_envelope,qaoa_channel,4,oracle_placement,remote_sim,0.0,0.08811729357691736,0.0,0.0,1.2622880000000003,5.049152e-08,0.09569354615291736,0.0,-0.013743528322120262,-0.016913016223748065
revision_queue_envelope,qaoa_channel,5,random,classical,0.03016203357607774,0.005613458721200004,0.0,0.0,0.044907669769600034,0.0,0.005882904739817604,0.0,-0.03081524687217078,-0.0009321467946392491
revision_queue_envelope,qaoa_channel,5,sequential,remote_sim,0.0,0.042917791664434914,0.0,0.0,1.2684320000000002,5.073728e-08,0.05053092052843492,0.0,-0.010721098672843252,-0.012597138368354183
revision_queue_envelope,qaoa_channel,5,joint_bo,classical,0.03016203357607774,0.005684249481419101,0.0,0.0,0.04547399585135281,0.0,0.005957093456527218,0.0,-0.030817380230295715,-0.0009048924012983542
revision_queue_envelope,qaoa_channel,5,joint_mf,remote_sim,0.0,0.08308838962561257,0.0,0.0,1.2684320000000002,5.073728e-08,0.09070151848961258,0.0,-0.013123775321637452,-0.01657645164168646
revision_queue_envelope,qaoa_channel,5,accuracy_only,local_sim,0.0,0.30491199999999996,0.0,0.0,2.4392959999999997,0.0,0.31954777600000006,0.0,-0.03768393490270673,-0.04992673195317995
revision_queue_envelope,qaoa_channel,5,hand_designed,qpu_A,0.0,26653.401506651506,1.0,1.0,220.48000000000002,0.061439999999999995,26657.79638665151,0.05,-1684.7365722676454,-4783.047792855974
revision_queue_envelope,qaoa_channel,5,always_simulator,local_sim,0.0,3.982159999999999,0.85,0.0,31.857279999999992,0.0,4.173303680000001,0.0,-2.194916572293752,-2.6271267608991025
revision_queue_envelope,qaoa_channel,5,classical_only,classical,0.03016203357607774,0.005577822506893426,0.0,0.0,0.04462258005514741,0.0,0.005845557987224311,0.0,-0.03080960728045558,-0.0008971094510266186
revision_queue_envelope,qaoa_channel,5,oracle_placement,classical,0.03016203357607774,0.005676979752024636,0.0,0.0,0.045415838016197085,0.0,0.0059494747801218184,0.0,-0.03081784102617226,-0.0009065332143841762
revision_queue_envelope,qaoa_channel,6,random,classical,0.0035890305356045425,0.005935979803325608,0.0,0.0,0.04748783842660487,0.0,0.006220906833885238,0.0,-0.00429209955990076,-0.0009110301681571073
revision_queue_envelope,qaoa_channel,6,sequential,classical,0.0035890305356045425,0.0056748233328107744,0.0,0.0,0.045398586662486196,0.0,0.005947214852785692,0.0,-0.004263056627560247,-0.0009573705401866885
revision_queue_envelope,qaoa_channel,6,joint_bo,classical,0.0035890305356045425,0.005749499978264794,0.0,0.0,0.04599599982611835,0.0,0.006025475977221504,0.0,-0.004271706351036718,-0.0009121321962220492
revision_queue_envelope,qaoa_channel,6,joint_mf,classical,0.0035890305356045425,0.005971364502329379,0.0,0.0,0.047770916018635035,0.0,0.006257989998441189,0.0,-0.004299196240814318,-0.0009340987000366227
revision_queue_envelope,qaoa_channel,6,accuracy_only,remote_sim,0.00958300927046334,0.5224965966655486,0.05,0.0,25.122880000000002,1.0049152e-06,0.6732841224255487,0.05,-0.29894705628608437,-0.2613647937117653
revision_queue_envelope,qaoa_channel,6,hand_designed,qpu_A,0.005993978734858798,18582.702921317898,1.0,0.8,220.48000000000002,0.061439999999999995,18587.097801317897,0.15,-1298.62149136684,-4560.155757371489
revision_queue_envelope,qaoa_channel,6,always_simulator,local_sim,0.0035890305356045425,3.982159999999999,0.7,0.0,31.857279999999992,0.0,4.173303680000001,0.0,-1.8805859218395018,-2.640765967877983
revision_queue_envelope,qaoa_channel,6,classical_only,classical,0.0035890305356045425,0.0054874897468835115,0.0,0.0,0.04389991797506809,0.0,0.005750889254733919,0.0,-0.004239686868328537,-0.0008516866985490939
revision_queue_envelope,qaoa_channel,6,oracle_placement,remote_sim,0.0,0.07268802030464896,0.0,0.0,1.256144,5.024576000000001e-08,0.08022739659264896,0.0,-0.012853458907043345,-0.01572507783429228
revision_queue_envelope,qaoa_channel,7,random,classical,0.0020994305084698775,0.0055351354531012475,0.0,0.0,0.04428108362480998,0.0,0.005800821954850108,0.0,-0.002683149731418145,-0.0008780763499518768
revision_queue_envelope,qaoa_channel,7,sequential,remote_sim,0.011277463890848709,0.23902248600991416,0.0,0.0,1.256144,5.024576000000001e-08,0.2465618622979142,0.0,-0.03477975742845289,-0.06076241899457939
revision_queue_envelope,qaoa_channel,7,joint_bo,classical,0.0020994305084698775,0.005510937247890979,0.0,0.0,0.04408749798312783,0.0,0.005775462235789746,0.0,-0.0026805996674878724,-0.0008494485688885386
revision_queue_envelope,qaoa_channel,7,joint_mf,classical,0.0020994305084698775,0.005613760178675875,0.0,0.0,0.044910081429407,0.0,0.005883220667252317,0.0,-0.0026933696271294136,-0.0009292595746056986
revision_queue_envelope,qaoa_channel,7,accuracy_only,qpu_A,0.018356066764757657,16271.181896945835,1.0,0.0,5.128,0.00038399999999999996,16271.231864945828,0.0,-1093.1565013829372,-2218.4535443986074
revision_queue_envelope,qaoa_channel,7,hand_designed,qpu_A,0.0020994305084698775,8771.440558576945,1.0,0.75,220.48000000000002,0.061439999999999995,8775.835438576943,0.05,-435.7421351912353,-1387.6724084320867
revision_queue_envelope,qaoa_channel,7,always_simulator,local_sim,0.0,3.982159999999999,0.9,0.05,31.857279999999992,0.0,4.173303680000001,0.0,-2.5178948008710886,-2.66215062817921
revision_queue_envelope,qaoa_channel,7,classical_only,classical,0.0020994305084698775,0.005573281232500449,0.0,0.0,0.04458624986000359,0.0,0.00584079873166047,0.0,-0.002688054864308112,-0.0008741063991379706
revision_queue_envelope,qaoa_channel,7,oracle_placement,classical,0.0020994305084698775,0.0055398434633389115,0.0,0.0,0.04431874770671129,0.0,0.00580575594957918,0.0,-0.0026835917397487743,-0.000890779108522564
revision_queue_envelope,qaoa_channel,8,random,classical,0.021686843869805347,0.005555562733206898,0.0,0.0,0.044444501865655184,0.0,0.005822229744400829,0.0,-0.02238513045692165,-0.020633149827607788
revision_queue_envelope,qaoa_channel,8,sequential,classical,0.021686843869805347,0.005525520187802613,0.0,0.0,0.0442041615024209,0.0,0.005790745156817137,0.0,-0.022381117756079046,-0.020607691981910856
revision_queue_envelope,qaoa_channel,8,joint_bo,classical,0.021686843869805347,0.0055041453160811216,0.0,0.0,0.04403316252864897,0.0,0.005768344291253015,0.0,-0.022376981316672075,-0.02063049023300955
revision_queue_envelope,qaoa_channel,8,joint_mf,classical,0.021686843869805347,0.005574917187914252,0.0,0.0,0.04459933750331402,0.0,0.005842513212934136,0.0,-0.022386698099863322,-0.020607350326405902
revision_queue_envelope,qaoa_channel,8,accuracy_only,remote_sim,0.0,0.0676531066384125,0.0,0.0,1.2684320000000002,5.073728e-08,0.07526623550241249,0.0,-0.012130106638593922,-0.016105986666732193
revision_queue_envelope,qaoa_channel,8,hand_designed,qpu_A,0.0,15480.435219580337,1.0,0.75,220.48000000000002,0.061439999999999995,15484.830099580335,0.2,-853.2771171653101,-2212.2842596959204
revision_queue_envelope,qaoa_channel,8,always_simulator,local_sim,0.0,3.982159999999999,0.75,0.0,31.857279999999992,0.0,4.173303680000001,0.0,-1.9805707221748041,-2.6192533649357426
revision_queue_envelope,qaoa_channel,8,classical_only,classical,0.021686843869805347,0.005785041459603235,0.0,0.0,0.04628033167682588,0.0,0.00606272344966419,0.0,-0.02240159563335064,-0.020605190001300556
revision_queue_envelope,qaoa_channel,8,oracle_placement,classical,0.021686843869805347,0.005527698056539521,0.0,0.0,0.044221584452316165,0.0,0.005793027563253418,0.0,-0.022379740672469606,-0.020585537725991164
revision_queue_envelope,qaoa_channel,9,random,classical,0.0,0.005655759712681174,0.0,0.0,0.045246077701449394,0.0,0.005927236178889871,0.0,-0.0006253624856763292,-0.0008044602943401264
revision_queue_envelope,qaoa_channel,9,sequential,remote_sim,0.0035580429534961024,1.4091579422439404,0.4,0.0,50.49152000000001,2.0196608000000004e-06,1.7122080452839405,0.05,-1.2107222306499135,-2.4163177138442626
revision_queue_envelope,qaoa_channel,9,joint_bo,remote_sim,0.0,0.23423712183394482,0.0,0.0,1.256144,5.024576000000001e-08,0.24177649812194485,0.0,-0.021668534807744836,-0.032372409182722044
revision_queue_envelope,qaoa_channel,9,joint_mf,classical,0.0,0.005555458541493863,0.0,0.0,0.0444436683319509,0.0,0.005822120551485567,0.0,-0.0006126852054429807,-0.0008036680311046296
revision_queue_envelope,qaoa_channel,9,accuracy_only,qpu_A,0.0,9107.951167102456,1.0,0.0,6.536,0.004608,9108.220783102457,0.0,-390.68851352905347,-1138.2857004781122
revision_queue_envelope,qaoa_channel,9,hand_designed,qpu_A,0.0,12075.894569236583,1.0,0.8,220.48000000000002,0.061439999999999995,12080.289449236581,0.0,-718.4997136357549,-1534.3873704429416
revision_queue_envelope,qaoa_channel,9,always_simulator,local_sim,0.0,3.982159999999999,0.9,0.0,31.857279999999992,0.0,4.173303680000001,0.0,-2.2202791889784597,-2.607884568001263
revision_queue_envelope,qaoa_channel,9,classical_only,classical,0.0,0.005557146039791405,0.0,0.0,0.04445716831833124,0.0,0.005823889049701393,0.0,-0.0006126346391917166,-0.0007937987019076313
revision_queue_envelope,qaoa_channel,9,oracle_placement,classical,0.0,0.00555120877106674,0.0,0.0,0.04440967016853392,0.0,0.005817666792077943,0.0,-0.0006122326954723846,-0.0007772819420153607
revision_queue_envelope,qaoa_channel,10,random,classical,0.0,0.005580656667007133,0.0,0.0,0.04464525333605707,0.0,0.005848528187023475,0.0,-0.0007037292628755805,-0.0009123354473905208
revision_queue_envelope,qaoa_channel,10,sequential,local_sim,0.08009897313654449,8.064320000000002,0.95,0.05,64.51456000000002,0.0,8.45140736,0.0,-3.084865126103301,-3.3103037624658564
revision_queue_envelope,qaoa_channel,10,joint_bo,classical,0.0,0.005564562045037746,0.0,0.0,0.04451649636030197,0.0,0.005831661023199559,0.0,-0.0006985629442089195,-0.0009027181682929219
revision_queue_envelope,qaoa_channel,10,joint_mf,classical,0.0,0.005644728982588276,0.0,0.0,0.04515783186070621,0.0,0.005915675973752513,0.0,-0.0007107129248156469,-0.0009238561739761388
revision_queue_envelope,qaoa_channel,10,accuracy_only,classical,0.0,0.005582145298831165,0.0,0.0,0.04465716239064932,0.0,0.0058500882731750605,0.0,-0.0007043959506716403,-0.0009222214622479133
revision_queue_envelope,qaoa_channel,10,hand_designed,qpu_A,0.0,16314.109086266428,1.0,0.8,220.48000000000002,0.061439999999999995,16318.503966266431,0.1,-692.6957446342485,-1598.760779089517
revision_queue_envelope,qaoa_channel,10,always_simulator,local_sim,0.0,3.982159999999999,0.8,0.0,31.857279999999992,0.0,4.173303680000001,0.0,-1.972854589225188,-2.4807760612053706
revision_queue_envelope,qaoa_channel,10,classical_only,classical,0.0,0.005552708695176989,0.0,0.0,0.04442166956141591,0.0,0.005819238712545484,0.0,-0.0007004772163927344,-0.0009141508941398478
revision_queue_envelope,qaoa_channel,10,oracle_placement,classical,0.0,0.005535457894438878,0.0,0.0,0.04428366315551102,0.0,0.005801159873371944,0.0,-0.0006980113364741287,-0.0009100578766905341
revision_queue_envelope,qaoa_channel,11,random,classical,0.0,0.005620207783067599,0.0,0.0,0.04496166226454079,0.0,0.005889977756654845,0.0,-0.0006512408145810542,-0.0008275231345363317
revision_queue_envelope,qaoa_channel,11,sequential,classical,0.0,0.00648431244189851,0.0,0.0,0.05187449953518808,0.0,0.006795559439109639,0.0,-0.0007349305663671988,-0.00096882603572744
revision_queue_envelope,qaoa_channel,11,joint_bo,classical,0.0,0.006066239933716133,0.0,0.0,0.048529919469729066,0.0,0.006357419450534509,0.0,-0.0006922094032850844,-0.00085919478071384
revision_queue_envelope,qaoa_channel,11,joint_mf,remote_sim,0.0,0.1092932238043067,0.05,0.0,1.2622880000000003,5.049152e-08,0.11686947638030669,0.05,-0.11151435628708994,-0.013415407521949464
revision_queue_envelope,qaoa_channel,11,accuracy_only,remote_sim,0.0,0.29928632782630304,0.05,0.0,1.2622880000000003,5.049152e-08,0.30686258040230296,0.05,-0.12108633812495428,-0.03290761448972523
revision_queue_envelope,qaoa_channel,11,hand_designed,qpu_A,0.0,11289.31916936695,1.0,0.95,220.48000000000002,0.061439999999999995,11293.714049366949,0.15,-456.94815704937037,-1092.741917238293
revision_queue_envelope,qaoa_channel,11,always_simulator,local_sim,0.0,3.982159999999999,0.85,0.0,31.857279999999992,0.0,4.173303680000001,0.0,-2.092926519974994,-2.4727064327316675
revision_queue_envelope,qaoa_channel,11,classical_only,classical,0.0,0.005693103914381936,0.0,0.0,0.04554483131505549,0.0,0.005966372902272269,0.0,-0.0006610944091030182,-0.000818012216640784
revision_queue_envelope,qaoa_channel,11,oracle_placement,classical,0.0,0.0055289795564021915,0.0,0.0,0.04423183645121753,0.0,0.0057943705751094966,0.0,-0.0006420303490397657,-0.0008400182978343317
revision_queue_envelope,qaoa_place,0,random,classical,0.1046310655967804,0.005270989233395085,0.0,0.0,0.04216791386716068,0.0,0.005523996716598049,0.0,-0.10520419923286581,-0.2860572769583688
revision_queue_envelope,qaoa_place,0,sequential,qpu_B,0.0,11015.705309804564,1.0,0.0,7.048,0.0020480000000000003,11015.849997804562,0.0,-830.7035239509198,-1903.325238518742
revision_queue_envelope,qaoa_place,0,joint_bo,qpu_B,0.06287948956955322,7330.706600446708,1.0,0.0,5.384,0.00038399999999999996,7330.75810444671,0.0,-674.5105251921534,-1095.786242617702
revision_queue_envelope,qaoa_place,0,joint_mf,remote_sim,0.0,0.24877638221293652,0.0,0.0,1.2622880000000003,5.049152e-08,0.2563526347889365,0.0,-0.02466554294897725,-0.03602903098158615
revision_queue_envelope,qaoa_place,0,accuracy_only,remote_sim,0.013003717673002981,4.387949497399067,0.95,0.2,100.49152000000001,4.0196608e-06,4.991099600439066,0.15,-3.7616548140121457,-7.790262560106044
revision_queue_envelope,qaoa_place,0,hand_designed,qpu_A,0.0780223060380179,11458.840186573081,1.0,0.8,220.48000000000002,0.061439999999999995,11463.23506657308,0.1,-989.2739797164189,-2379.649692201589
revision_queue_envelope,qaoa_place,0,always_simulator,local_sim,0.01401612724893989,3.982159999999999,0.9,0.0,31.857279999999992,0.0,4.173303680000001,0.0,-2.241818620440994,-2.5072180890833686
revision_queue_envelope,qaoa_place,0,classical_only,classical,0.1046310655967804,0.005288614018354565,0.0,0.0,0.04230891214683652,0.0,0.005542467491235584,0.0,-0.10520430735336299,-0.286090476583894
revision_queue_envelope,qaoa_place,0,oracle_placement,classical,0.1046310655967804,0.005616270995233208,0.0,0.0,0.044930167961865664,0.0,0.005885852003004401,0.0,-0.1052409617506481,-0.2860303254577748
revision_queue_envelope,qaoa_place,1,random,remote_sim,0.04310812119993811,0.03637126009314178,0.0,0.0,1.2622880000000003,5.049152e-08,0.043947512669141785,0.0,-0.053029582162977276,-0.1021039254241268
revision_queue_envelope,qaoa_place,1,sequential,local_sim,0.07822519046730363,23.79296,1.0,0.45,190.34368,0.0,24.935022080000003,0.0,-7.474177292925823,-10.793771141170197
revision_queue_envelope,qaoa_place,1,joint_bo,classical,0.03903739403659561,0.005030333297327161,0.0,0.0,0.04024266637861729,0.0,0.005271789295598864,0.0,-0.03967491543670437,-0.09825969736262341
revision_queue_envelope,qaoa_place,1,joint_mf,remote_sim,0.0,0.092058155422235,0.0,0.0,1.2684320000000002,5.073728e-08,0.09967128428623499,0.05,-0.01116809597972237,-0.012548652384303501
revision_queue_envelope,qaoa_place,1,accuracy_only,qpu_A,0.0,9022.22299236833,1.0,1.0,563.84,0.49151999999999996,9050.18203236833,0.1,-349.86161875704835,-936.7741827013849
revision_queue_envelope,qaoa_place,1,hand_designed,qpu_A,0.01764468004173076,17740.402758609467,1.0,0.7,220.48000000000002,0.061439999999999995,17744.797638609467,0.05,-916.7377871020053,-3127.786606238784
revision_queue_envelope,qaoa_place,1,always_simulator,local_sim,0.01798512288882096,3.982159999999999,0.8,0.0,31.857279999999992,0.0,4.173303680000001,0.0,-2.052852446121909,-2.646222752792646
revision_queue_envelope,qaoa_place,1,classical_only,classical,0.03903739403659561,0.0051836250349879265,0.0,0.0,0.04146900027990341,0.0,0.005432439036667346,0.0,-0.039692046201717,-0.0982327601577034
revision_queue_envelope,qaoa_place,1,oracle_placement,remote_sim,0.04310812119993811,0.03637126009314178,0.0,0.0,1.2622880000000003,5.049152e-08,0.043947512669141785,0.0,-0.053029582162977276,-0.1021039254241268
revision_queue_envelope,qaoa_place,2,random,remote_sim,0.014259885613266746,0.03634652305898835,0.0,0.0,1.2684320000000002,5.073728e-08,0.04395965192298835,0.0,-0.02425393303699295,-0.06609221199527214
revision_queue_envelope,qaoa_place,2,sequential,qpu_A,0.05752111534079335,11444.918886697322,1.0,1.0,261.43999999999994,0.18432,11455.703526697322,0.0,-892.622032503944,-2822.028972550039
revision_queue_envelope,qaoa_place,2,joint_bo,classical,0.04329911118750192,0.005232291936408728,0.0,0.0,0.04185833549126983,0.0,0.005483441949356347,0.0,-0.043863610556457724,-0.13530441372415872
revision_queue_envelope,qaoa_place,2,joint_mf,remote_sim,0.011407908490613395,0.03632194705898835,0.0,0.0,1.2622880000000003,5.049152e-08,0.04389819963498835,0.0,-0.02136341134018709,-0.06723922111724623
revision_queue_envelope,qaoa_place,2,accuracy_only,local_sim,0.0057039542453066975,7.914320000000001,1.0,0.1,63.31456000000001,0.0,8.29420736,0.0,-3.3392397510950524,-3.7332399479901417
revision_queue_envelope,qaoa_place,2,hand_designed,qpu_A,0.028519771226533493,20034.81442915499,1.0,0.7,220.48000000000002,0.061439999999999995,20039.209309154998,0.0,-1797.1826465512981,-2975.692475392965
revision_queue_envelope,qaoa_place,2,always_simulator,local_sim,0.04092315936133702,3.982159999999999,0.9,0.05,31.857279999999992,0.0,4.173303680000001,0.0,-2.5692511881530677,-2.652646422087695
revision_queue_envelope,qaoa_place,2,classical_only,classical,0.04329911118750192,0.005260510719381273,0.0,0.0,0.04208408575505018,0.0,0.005513015233911574,0.0,-0.043861330115859,-0.1353489765212997
revision_queue_envelope,qaoa_place,2,oracle_placement,classical,0.04329911118750192,0.005287365202093497,0.0,0.0,0.042298921616747975,0.0,0.005541158731793985,0.0,-0.04386642736198705,-0.13532189985043866
revision_queue_envelope,qaoa_place,3,random,classical,0.10488841673709912,0.005355822766432539,0.0,0.0,0.04284658213146031,0.0,0.005612902259221299,0.0,-0.10543866040140679,-0.2743742575676238
revision_queue_envelope,qaoa_place,3,sequential,remote_sim,0.0,0.051805565526629405,0.0,0.0,1.2622880000000003,5.049152e-08,0.0593818181026294,0.0,-0.011755850208491282,-0.014140349494552534
revision_queue_envelope,qaoa_place,3,joint_bo,classical,0.10488841673709912,0.005846053274581209,0.0,0.0,0.04676842619664967,0.0,0.006126663831761107,0.0,-0.10549713799279573,-0.2746790238008114
revision_queue_envelope,qaoa_place,3,joint_mf,classical,0.10488841673709912,0.005272770416922867,0.0,0.0,0.04218216333538294,0.0,0.005525863396935165,0.0,-0.10542807285625677,-0.27438848451560155
revision_queue_envelope,qaoa_place,3,accuracy_only,qpu_A,0.0,17493.739152597765,1.0,0.0,6.536,0.004608,17494.00876859777,0.0,-1490.0756837121226,-6938.72181049043
revision_queue_envelope,qaoa_place,3,hand_designed,qpu_A,0.05196196401990185,21808.080202009634,1.0,0.75,220.48000000000002,0.061439999999999995,21812.47508200963,0.05,-1624.2765472783926,-3002.3086518753457
revision_queue_envelope,qaoa_place,3,always_simulator,local_sim,0.028781424855519523,3.982159999999999,0.9,0.0,31.857279999999992,0.0,4.173303680000001,0.0,-2.283934190799036,-2.6208696571100005
revision_queue_envelope,qaoa_place,3,classical_only,classical,0.10488841673709912,0.005147072748513892,0.0,0.0,0.04117658198811114,0.0,0.005394132240442559,0.0,-0.10541680457540437,-0.27438984404556666
revision_queue_envelope,qaoa_place,3,oracle_placement,classical,0.10488841673709912,0.005136885156389326,0.0,0.0,0.04109508125111461,0.0,0.005383455643896013,0.0,-0.10541586092475386,-0.2743583495164157
revision_queue_envelope,qaoa_place,4,random,classical,0.03189331037549865,0.0051921659032814205,0.0,0.0,0.041537327226251364,0.0,0.005441389866638929,0.0,-0.03246994773702399,-0.11433016168014716
revision_queue_envelope,qaoa_place,4,sequential,classical,0.03189331037549865,0.00511995775741525,0.0,0.0,0.040959662059322,0.0,0.005365715729771183,0.0,-0.03246188880595531,-0.11429241776735521
revision_queue_envelope,qaoa_place,4,joint_bo,remote_sim,0.002373186788830943,0.048092717576917354,0.0,0.0,1.256144,5.024576000000001e-08,0.05563209386491737,0.0,-0.013310213377068041,-0.013925349256222196
revision_queue_envelope,qaoa_place,4,joint_mf,classical,0.03189331037549865,0.005639957671519369,0.0,0.0,0.04511966137215495,0.0,0.005910675639752299,0.0,-0.03251865310684017,-0.11432327258861673
revision_queue_envelope,qaoa_place,4,accuracy_only,classical,0.03189331037549865,0.005735042301239446,0.0,0.0,0.045880338409915566,0.0,0.006010324331698938,0.0,-0.032537751152104576,-0.11442246896923769
revision_queue_envelope,qaoa_place,4,hand_designed,qpu_A,0.008485828877916329,3955.858704752328,1.0,0.65,220.48000000000002,0.061439999999999995,3960.2535847523272,0.0,-321.5244129831771,-794.9961867548558
revision_queue_envelope,qaoa_place,4,always_simulator,local_sim,0.007574983203633995,3.982159999999999,0.9,0.0,31.857279999999992,0.0,4.173303680000001,0.0,-2.283118643831929,-2.6389711003899667
revision_queue_envelope,qaoa_place,4,classical_only,classical,0.03189331037549865,0.0051096669340040535,0.0,0.0,0.04087733547203243,0.0,0.005354930946836247,0.0,-0.03246120544404514,-0.11429234343655999
revision_queue_envelope,qaoa_place,4,oracle_placement,classical,0.03189331037549865,0.005673510779161006,0.0,0.0,0.04538808623328805,0.0,0.005945839296560735,0.0,-0.03252897722156622,-0.11429903191705484
revision_queue_envelope,qaoa_place,5,random,local_sim,0.0,0.24660800000000002,0.1,0.0,1.9728640000000002,0.0,0.25844518400000005,0.0,-0.22813062605212794,-0.2379812853521041
revision_queue_envelope,qaoa_place,5,sequential,remote_sim,0.08082883731809082,0.042917791664434914,0.0,0.0,1.2684320000000002,5.073728e-08,0.05053092052843492,0.0,-0.0915499359909341,-0.17838687848871687
revision_queue_envelope,qaoa_place,5,joint_bo,classical,0.028359241626758257,0.0051083548460155725,0.0,0.0,0.04086683876812458,0.0,0.00535355587862432,0.0,-0.02895235244303474,-0.04075586470630917
revision_queue_envelope,qaoa_place,5,joint_mf,remote_sim,0.0,0.08308838962561257,0.0,0.0,1.2684320000000002,5.073728e-08,0.09070151848961258,0.0,-0.013123775321637452,-0.01657645164168646
revision_queue_envelope,qaoa_place,5,accuracy_only,qpu_B,0.06131890134984068,10016.164378757054,1.0,0.0,5.128,0.00012800000000000002,10016.201546757053,0.0,-617.411253774809,-1835.8684237953719
revision_queue_envelope,qaoa_place,5,hand_designed,qpu_A,0.009284020914447088,36434.15924923793,1.0,0.9,220.48000000000002,0.061439999999999995,36438.55412923792,0.05,-1944.9838179227165,-4783.16378883903
revision_queue_envelope,qaoa_place,5,always_simulator,local_sim,0.0028380911556427904,3.982159999999999,0.85,0.0,31.857279999999992,0.0,4.173303680000001,0.0,-2.1977546634493947,-2.6271267608991025
revision_queue_envelope,qaoa_place,5,classical_only,classical,0.028359241626758257,0.005271030735457316,0.0,0.0,0.04216824588365853,0.0,0.005524040210759267,0.0,-0.028969159759107244,-0.04080054739686517
revision_queue_envelope,qaoa_place,5,oracle_placement,classical,0.028359241626758257,0.005067417281679809,0.0,0.0,0.04053933825343847,0.0,0.005310653311200441,0.0,-0.02894635002807564,-0.040763203006853356
revision_queue_envelope,qaoa_place,6,random,classical,0.02862442000714282,0.005218115577008575,0.0,0.0,0.0417449246160686,0.0,0.0054685851247049866,0.0,-0.02918875257814287,-0.07552012949654319
revision_queue_envelope,qaoa_place,6,sequential,remote_sim,0.0,0.222737172304649,0.05,0.0,1.2684320000000002,5.073728e-08,0.23035030116864896,0.0,-0.12376572574210916,-0.03366423031660083
revision_queue_envelope,qaoa_place,6,joint_bo,remote_sim,0.0,0.07273717230464896,0.0,0.0,1.2684320000000002,5.073728e-08,0.08035030116864897,0.0,-0.012930761884000368,-0.01580397712821187
revision_queue_envelope,qaoa_place,6,joint_mf,classical,0.02862442000714282,0.005163156281923875,0.0,0.0,0.041305250255391,0.0,0.005410987783456221,0.0,-0.029182003175051825,-0.07551955377454943
revision_queue_envelope,qaoa_place,6,accuracy_only,remote_sim,0.0,0.07273717230464896,0.0,0.0,1.2684320000000002,5.073728e-08,0.08035030116864897,0.0,-0.012930761884000368,-0.01580397712821187
revision_queue_envelope,qaoa_place,6,hand_designed,qpu_A,0.011459342876745032,15457.834253369754,1.0,0.85,220.48000000000002,0.061439999999999995,15462.229133369761,0.05,-973.1758389191915,-4560.1557369789425
revision_queue_envelope,qaoa_place,6,always_simulator,local_sim,0.015375234375386645,3.982159999999999,0.7,0.0,31.857279999999992,0.0,4.173303680000001,0.0,-1.8923721256792838,-2.6455817281384646
revision_queue_envelope,qaoa_place,6,classical_only,classical,0.02862442000714282,0.0052469990332610905,0.0,0.0,0.041975992266088724,0.0,0.005498854986857623,0.0,-0.02919243480999547,-0.07551717074702712
revision_queue_envelope,qaoa_place,6,oracle_placement,remote_sim,0.0,0.07273717230464896,0.0,0.0,1.2684320000000002,5.073728e-08,0.08035030116864897,0.0,-0.012930761884000368,-0.01580397712821187
revision_queue_envelope,qaoa_place,7,random,classical,0.06874778569034391,0.005060603958554566,0.0,0.0,0.04048483166843653,0.0,0.005303512948565185,0.0,-0.06931483270262409,-0.1462909886635024
revision_queue_envelope,qaoa_place,7,sequential,remote_sim,0.15066159862057754,0.23902248600991416,0.0,0.0,1.256144,5.024576000000001e-08,0.2465618622979142,0.0,-0.17416389215818173,-0.4628816648354816
revision_queue_envelope,qaoa_place,7,joint_bo,classical,0.06874778569034391,0.0051204477495048195,0.0,0.0,0.040963581996038556,0.0,0.005366229241481052,0.0,-0.06932257149036049,-0.14627606093504752
revision_queue_envelope,qaoa_place,7,joint_mf,classical,0.06874778569034391,0.0052242080273572356,0.0,0.0,0.041793664218857884,0.0,0.005474970012670383,0.0,-0.0693365356863866,-0.14635226717829866
revision_queue_envelope,qaoa_place,7,accuracy_only,qpu_A,0.011276493143891713,33044.21374078463,1.0,1.0,140.96,0.12287999999999999,33051.20350078463,0.0,-1171.2362915975732,-3417.101893695731
revision_queue_envelope,qaoa_place,7,hand_designed,qpu_A,0.035935843819266164,15063.66186294796,1.0,0.95,220.48000000000002,0.061439999999999995,15068.05674294796,0.1,-510.66981193244493,-1538.2344891657392
revision_queue_envelope,qaoa_place,7,always_simulator,local_sim,0.031227022262797145,3.982159999999999,0.9,0.05,31.857279999999992,0.0,4.173303680000001,0.0,-2.549121823133886,-2.7002771951948135
revision_queue_envelope,qaoa_place,7,classical_only,classical,0.06874778569034391,0.005233645526459441,0.0,0.0,0.041869164211675525,0.0,0.005484860511729494,0.0,-0.06933583161605023,-0.14629653568755915
revision_queue_envelope,qaoa_place,7,oracle_placement,classical,0.06874778569034391,0.005172270961338654,0.0,0.0,0.04137816769070923,0.0,0.005420539967482909,0.0,-0.06932773756425104,-0.14627773287363866
revision_queue_envelope,qaoa_place,8,random,remote_sim,0.0,0.06762853063841251,0.0,0.0,1.2622880000000003,5.049152e-08,0.07520478321441249,0.0,-0.012091597014877165,-0.016066841722382177
revision_queue_envelope,qaoa_place,8,sequential,classical,0.11228688165043935,0.005143010261235759,0.0,0.0,0.04114408208988607,0.0,0.005389874753775075,0.0,-0.11281272064867003,-0.24746323578683146
revision_queue_envelope,qaoa_place,8,joint_bo,classical,0.11228688165043935,0.005133167025633156,0.0,0.0,0.04106533620506525,0.0,0.005379559042863548,0.0,-0.11281089815734224,-0.24744896485711207
revision_queue_envelope,qaoa_place,8,joint_mf,remote_sim,0.012334881000449507,0.10743934730833145,0.0,0.0,1.2622880000000003,5.049152e-08,0.11501559988433144,0.0,-0.026645172043957194,-0.019229697060037063
revision_queue_envelope,qaoa_place,8,accuracy_only,classical,0.11228688165043935,0.005232427531154826,0.0,0.0,0.04185942024923861,0.0,0.005483584052650258,0.0,-0.11282169474651008,-0.24749184430710144
revision_queue_envelope,qaoa_place,8,hand_designed,qpu_A,0.03700464300134852,10984.977615697633,1.0,0.65,220.48000000000002,0.061439999999999995,10989.372495697633,0.05,-621.8936446638664,-1390.532934030614
revision_queue_envelope,qaoa_place,8,always_simulator,local_sim,0.05033373390939695,3.982159999999999,0.75,0.0,31.857279999999992,0.0,4.173303680000001,0.0,-2.0309044560842007,-2.6695454926944477
revision_queue_envelope,qaoa_place,8,classical_only,classical,0.11228688165043935,0.00515824044123292,0.0,0.0,0.04126592352986336,0.0,0.0054058359824121,0.0,-0.11281376100051295,-0.2474892679923433
revision_queue_envelope,qaoa_place,8,oracle_placement,remote_sim,0.0,0.25762853063841246,0.0,0.0,1.2622880000000003,5.049152e-08,0.26520478321441254,0.0,-0.024719111101146975,-0.0363826242931626
revision_queue_envelope,qaoa_place,9,random,remote_sim,0.03083321410542427,0.04349994206513607,0.0,0.0,1.256144,5.024576000000001e-08,0.051039318353136076,0.0,-0.04173810639125517,-0.12211011736407835
revision_queue_envelope,qaoa_place,9,sequential,remote_sim,0.10926154198805497,1.4176885036588742,0.35,0.0,50.49152000000001,2.0196608000000004e-06,1.7207386066988744,0.05,-1.2122951171669394,-2.4903718630536793
revision_queue_envelope,qaoa_place,9,joint_bo,remote_sim,0.0,0.23423712183394482,0.0,0.0,1.256144,5.024576000000001e-08,0.24177649812194485,0.0,-0.021668534807744836,-0.032372409182722044
revision_queue_envelope,qaoa_place,9,joint_mf,classical,0.08123755150578463,0.005108666024170816,0.0,0.0,0.04086932819336653,0.0,0.005353881993331014,0.0,-0.08174287873561259,-0.3044194946415748
revision_queue_envelope,qaoa_place,9,accuracy_only,qpu_B,0.029948644154055487,8251.441928423155,1.0,0.55,140.96,0.040959999999999996,8254.33568842315,0.05,-516.3683812730449,-815.8417049608745
revision_queue_envelope,qaoa_place,9,hand_designed,qpu_A,0.06712974880948389,12075.894569236583,1.0,0.8,220.48000000000002,0.061439999999999995,12080.289449236581,0.0,-718.5668433845642,-1534.496000327348
revision_queue_envelope,qaoa_place,9,always_simulator,local_sim,0.050009224714028425,3.982159999999999,0.9,0.0,31.857279999999992,0.0,4.173303680000001,0.0,-2.270288413692488,-2.609334019859243
revision_queue_envelope,qaoa_place,9,classical_only,classical,0.08123755150578463,0.007715385261690244,0.0,0.0,0.06172308209352195,0.0,0.008085723754251376,0.0,-0.08199967701786019,-0.304658612053082
revision_queue_envelope,qaoa_place,9,oracle_placement,classical,0.08123755150578463,0.0061042192683089525,0.0,0.0,0.04883375414647162,0.0,0.006397221793187783,0.0,-0.08183820629581963,-0.30451211910502174
revision_queue_envelope,qaoa_place,10,random,classical,0.060520092993176636,0.0051705322111956775,0.0,0.0,0.04136425768956542,0.0,0.0054187177573330695,0.0,-0.0610861763589672,-0.20161043540345655
revision_queue_envelope,qaoa_place,10,sequential,local_sim,0.0614952316853639,8.064320000000002,0.95,0.05,64.51456000000002,0.0,8.45140736,0.0,-3.06626138465212,-3.309158535635961
revision_queue_envelope,qaoa_place,10,joint_bo,remote_sim,0.0,0.09040773895132478,0.0,0.0,1.2622880000000003,5.049152e-08,0.09798399152732477,0.0,-0.013403088201968921,-0.016926484038345097
revision_queue_envelope,qaoa_place,10,joint_mf,classical,0.060520092993176636,0.005166353745153174,0.0,0.0,0.04133082996122539,0.0,0.005414338724920526,0.0,-0.06108151255807255,-0.20162044019630626
revision_queue_envelope,qaoa_place,10,accuracy_only,qpu_A,0.0010671330379334626,10811.199685442658,1.0,0.0,7.048,0.006143999999999999,10811.549173442658,0.0,-372.6317965048967,-1048.1328849808124
revision_queue_envelope,qaoa_place,10,hand_designed,qpu_A,0.0289972355017998,22909.648412689603,1.0,0.95,220.48000000000002,0.061439999999999995,22914.043292689603,0.05,-1464.755314874214,-2053.270293186739
revision_queue_envelope,qaoa_place,10,always_simulator,local_sim,0.0,3.982159999999999,0.8,0.0,31.857279999999992,0.0,4.173303680000001,0.0,-1.972854589225188,-2.4807760612053706
revision_queue_envelope,qaoa_place,10,classical_only,classical,0.060520092993176636,0.0052455834520515054,0.0,0.0,0.041964667616412044,0.0,0.005497371457749978,0.0,-0.061091146996483894,-0.20162175100666233
revision_queue_envelope,qaoa_place,10,oracle_placement,remote_sim,0.0,0.09040773895132478,0.0,0.0,1.2622880000000003,5.049152e-08,0.09798399152732477,0.0,-0.013403088201968921,-0.016926484038345097
revision_queue_envelope,qaoa_place,11,random,classical,0.25064257998267686,0.005158958199899644,0.0,0.0,0.04127166559919715,0.0,0.005406588193494826,0.0,-0.2512130964944163,-0.7246760669556215
revision_queue_envelope,qaoa_place,11,sequential,classical,0.25064257998267686,0.005109583027660847,0.0,0.0,0.040876664221286774,0.0,0.005354843012988568,0.0,-0.2512075687645785,-0.7246578123440581
revision_queue_envelope,qaoa_place,11,joint_bo,classical,0.25064257998267686,0.005068094178568572,0.0,0.0,0.040544753428548574,0.0,0.005311362699139863,0.0,-0.25120348943441345,-0.7246583160640505
revision_queue_envelope,qaoa_place,11,joint_mf,remote_sim,0.03664489558065752,0.10778056922957642,0.05,0.0,1.2622880000000003,5.049152e-08,0.11535682180557645,0.05,-0.14907900432047844,-0.01682108169844055
revision_queue_envelope,qaoa_place,11,accuracy_only,remote_sim,0.03664489558065752,0.29781058272732447,0.05,0.0,1.2684320000000002,5.073728e-08,0.30542371159132453,0.05,-0.16042390272957613,-0.038623225299118775
revision_queue_envelope,qaoa_place,11,hand_designed,qpu_A,0.052209193333531204,8417.08740612525,1.0,0.75,220.48000000000002,0.061439999999999995,8421.48228612525,0.25,-592.2337068374967,-1282.6854723208526
revision_queue_envelope,qaoa_place,11,always_simulator,local_sim,0.04290050229217414,3.982159999999999,0.85,0.0,31.857279999999992,0.0,4.173303680000001,0.0,-2.135827022267168,-2.5727976166532303
revision_queue_envelope,qaoa_place,11,classical_only,classical,0.25064257998267686,0.005105802178150043,0.0,0.0,0.04084641742520034,0.0,0.005350880682701244,0.0,-0.25120741889384723,-0.724658544430942
revision_queue_envelope,qaoa_place,11,oracle_placement,classical,0.25064257998267686,0.0052125521178822964,0.0,0.0,0.04170041694305837,0.0,0.0054627546195406464,0.0,-0.2512218026109633,-0.72470472871963
revision_queue_envelope,qaoa,0,random,classical,0.057128029610306254,0.005555030715186149,0.0,0.0,0.04444024572148919,0.0,0.005821672189515083,0.0,-0.05778123779385104,-0.18939699340218233
revision_queue_envelope,qaoa,0,sequential,remote_sim,0.05717902412146316,0.10306642479531287,0.0,0.0,1.2622880000000003,5.049152e-08,0.11064267737131288,0.0,-0.07086562413601438,-0.19802802551205673
revision_queue_envelope,qaoa,0,joint_bo,local_sim,0.06663036837100919,0.30491199999999996,0.05,0.0,2.4392959999999997,0.0,0.31954777600000006,0.0,-0.199435867754431,-0.2125415250635475
revision_queue_envelope,qaoa,0,joint_mf,remote_sim,0.0,0.05880095821293648,0.0,0.0,1.2684320000000002,5.073728e-08,0.0664140870769365,0.0,-0.011694700233754334,-0.01426477775195559
revision_queue_envelope,qaoa,0,accuracy_only,qpu_A,0.09648864979153447,14661.275842375846,1.0,0.0,5.384,0.001152,14661.365746375843,0.0,-1346.968228113255,-2189.652513340429
revision_queue_envelope,qaoa,0,hand_designed,qpu_A,0.02674633907324108,14968.172248866787,1.0,0.8,220.48000000000002,0.061439999999999995,14972.567128866785,0.05,-1314.9006716679469,-4348.271981824521
revision_queue_envelope,qaoa,0,always_simulator,local_sim,0.011529996549130037,3.982159999999999,0.9,0.0,31.857279999999992,0.0,4.173303680000001,0.0,-2.2393324897411846,-2.5072180890833686
revision_queue_envelope,qaoa,0,classical_only,classical,0.057128029610306254,0.005090708000352606,0.0,0.0,0.04072566400282085,0.0,0.005335061984369531,0.0,-0.057721631936277676,-0.18939423564608204
revision_queue_envelope,qaoa,0,oracle_placement,classical,0.057128029610306254,0.0051089693733956665,0.0,0.0,0.04087175498716533,0.0,0.005354199903318658,0.0,-0.05772588653442852,-0.1893932431319392
revision_queue_envelope,qaoa,1,random,classical,0.05892804035770732,0.005429353943327442,0.0,0.0,0.043434831546619534,0.0,0.00568996293260716,0.0,-0.0594385916119425,-0.17624585186341105
revision_queue_envelope,qaoa,1,sequential,local_sim,0.0411822985960568,23.79296,1.0,0.45,190.34368,0.0,24.935022080000003,0.0,-7.437134401054576,-10.728430902344241
revision_queue_envelope,qaoa,1,joint_bo,remote_sim,0.03575751870589718,0.0763958360931418,0.0,0.0,1.2684320000000002,5.073728e-08,0.08400896495714179,0.0,-0.04829211698687784,-0.05342175408858034
revision_queue_envelope,qaoa,1,joint_mf,classical,0.05892804035770732,0.005153884820174426,0.0,0.0,0.04123107856139541,0.0,0.005401271291542798,0.0,-0.05941834234632589,-0.1762941474907598
revision_queue_envelope,qaoa,1,accuracy_only,local_sim,0.0,0.39660799999999996,0.05,0.0,3.1728639999999997,0.0,0.415645184,0.0,-0.14539517549057915,-0.06258554340616179
revision_queue_envelope,qaoa,1,hand_designed,qpu_A,0.02362749578245075,9950.326125998781,1.0,0.8,220.48000000000002,0.061439999999999995,9954.72100599878,0.15,-628.6210473394307,-2261.0435516065636
revision_queue_envelope,qaoa,1,always_simulator,local_sim,0.005687388527950791,3.982159999999999,0.8,0.0,31.857279999999992,0.0,4.173303680000001,0.0,-2.0405547117610388,-2.646222752792646
revision_queue_envelope,qaoa,1,classical_only,classical,0.05892804035770732,0.005117458174936473,0.0,0.0,0.04093966539949179,0.0,0.005363096167333424,0.0,-0.05941653841225235,-0.17626545800150395
revision_queue_envelope,qaoa,1,oracle_placement,classical,0.05892804035770732,0.005141250236192718,0.0,0.0,0.041130001889541745,0.0,0.005388030247529969,0.0,-0.059418672886481796,-0.17625503892110497
revision_queue_envelope,qaoa,2,random,remote_sim,0.0,0.03634652305898835,0.0,0.0,1.2684320000000002,5.073728e-08,0.04395965192298835,0.0,-0.009994047423726208,-0.011599191268994186
revision_queue_envelope,qaoa,2,sequential,qpu_A,0.00014108479063817524,11444.918886697322,1.0,1.0,261.43999999999994,0.18432,11455.703526697322,0.0,-892.5646524733941,-2821.865209844762
revision_queue_envelope,qaoa,2,joint_bo,classical,0.032715484749603715,0.00512368802446872,0.0,0.0,0.04098950419574976,0.0,0.005369625049643219,0.0,-0.03330536245372559,-0.027619760447475824
revision_queue_envelope,qaoa,2,joint_mf,remote_sim,0.0,0.03632194705898835,0.0,0.0,1.2622880000000003,5.049152e-08,0.04389819963498835,0.0,-0.009955502849573694,-0.011559564931533966
revision_queue_envelope,qaoa,2,accuracy_only,qpu_A,0.0,16342.256270104077,1.0,0.2,11.144000000000002,0.018432,16343.244734104077,0.0,-1264.7699290910284,-2868.2876952251177
revision_queue_envelope,qaoa,2,hand_designed,qpu_A,0.012641889029231884,20034.81442915499,1.0,0.7,220.48000000000002,0.061439999999999995,20039.209309154998,0.0,-1797.166768669101,-2975.6436793309886
revision_queue_envelope,qaoa,2,always_simulator,local_sim,0.0002821695812763505,3.982159999999999,0.9,0.05,31.857279999999992,0.0,4.173303680000001,0.0,-2.5286101983730074,-2.638748105946384
revision_queue_envelope,qaoa,2,classical_only,classical,0.032715484749603715,0.005168009258341044,0.0,0.0,0.041344074066728354,0.0,0.005416073702741415,0.0,-0.033312794201140083,-0.027601053989350338
revision_queue_envelope,qaoa,2,oracle_placement,remote_sim,0.0,0.03835890675609832,0.0,0.0,1.2622880000000003,5.049152e-08,0.045935159332098324,0.0,-0.00936803875711786,-0.010481340726427368
revision_queue_envelope,qaoa,3,random,remote_sim,0.004434574453239361,0.05154195269648639,0.0,0.0,1.2684320000000002,5.073728e-08,0.0591550815604864,0.0,-0.015390210972747984,-0.018132923709707666
revision_queue_envelope,qaoa,3,sequential,remote_sim,0.0,0.051805565526629405,0.0,0.0,1.2622880000000003,5.049152e-08,0.0593818181026294,0.0,-0.011755850208491282,-0.014140349494552534
revision_queue_envelope,qaoa,3,joint_bo,classical,0.08727496357879376,0.005242666287813336,0.0,0.1,0.041941330302506685,0.0,0.005494314269628376,0.0,-0.5878825768046564,-0.8035345493749206
revision_queue_envelope,qaoa,3,joint_mf,classical,0.08727496357879376,0.005190948606468737,0.0,0.1,0.0415275888517499,0.0,0.005440114139579237,0.0,-0.5878742330406894,-0.8035320123637806
revision_queue_envelope,qaoa,3,accuracy_only,classical,0.08727496357879376,0.005109666759381071,0.0,0.1,0.040877334075048566,0.0,0.005354930763831362,0.0,-0.5878650647325717,-0.8035407247216728
revision_queue_envelope,qaoa,3,hand_designed,qpu_A,0.013757191800305782,7120.784492916177,1.0,0.8,220.48000000000002,0.061439999999999995,7125.179372916175,0.05,-531.4941762571965,-527.8036380069531
revision_queue_envelope,qaoa,3,always_simulator,local_sim,0.004434574453239361,3.982159999999999,0.9,0.0,31.857279999999992,0.0,4.173303680000001,0.0,-2.259587340396756,-2.613169869032914
revision_queue_envelope,qaoa,3,classical_only,classical,0.08727496357879376,0.0052498642762657255,0.0,0.1,0.041998914210125804,0.0,0.0055018577615264805,0.0,-0.5878834215349258,-0.8035291473920463
revision_queue_envelope,qaoa,3,oracle_placement,classical,0.08727496357879376,0.0051661980105564,0.0,0.1,0.0413295840844512,0.0,0.005414175515063106,0.0,-0.5878720430908112,-0.8035348966969333
revision_queue_envelope,qaoa,4,random,local_sim,0.05042492122710622,0.24660800000000002,0.1,0.05,1.9728640000000002,0.0,0.25844518400000005,0.0,-0.5289063688273098,-2.060986827682227
revision_queue_envelope,qaoa,4,sequential,classical,0.020006792399877172,0.005150416895048693,0.0,0.0,0.04120333516038954,0.0,0.00539763690601103,0.0,-0.020552746634182818,-0.02113843316822309
revision_queue_envelope,qaoa,4,joint_bo,classical,0.020006792399877172,0.0051312608702573925,0.0,0.0,0.04105008696205914,0.0,0.005377561392029747,0.0,-0.020551380703889042,-0.021138117545517362
revision_queue_envelope,qaoa,4,joint_mf,classical,0.020006792399877172,0.005109926976729184,0.0,0.0,0.040879415813833475,0.0,0.005355203471612185,0.0,-0.020548369350820366,-0.02115169887401996
revision_queue_envelope,qaoa,4,accuracy_only,qpu_A,0.0005472757270200613,8623.951029931977,1.0,1.0,563.84,0.49151999999999996,8651.910069931977,0.05,-682.5360085162159,-1585.011896724883
revision_queue_envelope,qaoa,4,hand_designed,qpu_A,0.0037663471002406523,3955.858704752328,1.0,0.65,220.48000000000002,0.061439999999999995,3960.2535847523272,0.0,-321.51969350139944,-794.9961867548558
revision_queue_envelope,qaoa,4,always_simulator,local_sim,0.0021245199191804688,3.982159999999999,0.9,0.0,31.857279999999992,0.0,4.173303680000001,0.0,-2.277668180547475,-2.6565708767436362
revision_queue_envelope,qaoa,4,classical_only,classical,0.020006792399877172,0.005319249990861863,0.0,0.0,0.0425539999268949,0.0,0.005574573990423232,0.0,-0.02057237032135343,-0.021181762068028256
revision_queue_envelope,qaoa,4,oracle_placement,classical,0.020006792399877172,0.0051462193368934095,0.0,0.0,0.041169754695147276,0.0,0.005393237865064292,0.0,-0.02055222689208646,-0.02114198557107368
revision_queue_envelope,qaoa,5,random,local_sim,0.0,0.24660800000000002,0.1,0.0,1.9728640000000002,0.0,0.25844518400000005,0.0,-0.22813062605212794,-0.2379812853521041
revision_queue_envelope,qaoa,5,sequential,remote_sim,0.08196613969203755,0.042917791664434914,0.0,0.45,1.2684320000000002,5.073728e-08,0.05053092052843492,0.0,-2.3426872383648805,-5.134250709724008
revision_queue_envelope,qaoa,5,joint_bo,remote_sim,0.0,0.04306381362561257,0.0,0.0,1.2622880000000003,5.049152e-08,0.050640066201612564,0.0,-0.01044246694012472,-0.012502948996349324
revision_queue_envelope,qaoa,5,joint_mf,remote_sim,0.0,0.08308838962561257,0.0,0.0,1.2684320000000002,5.073728e-08,0.09070151848961258,0.0,-0.013123775321637452,-0.01657645164168646
revision_queue_envelope,qaoa,5,accuracy_only,remote_sim,0.0,1.3993170080252262,0.55,0.05,50.73728000000001,2.029491200000001e-06,1.7038421625852262,0.05,-1.7491599426686115,-2.4971143072797326
revision_queue_envelope,qaoa,5,hand_designed,qpu_A,0.01115594980101019,24022.935272638228,1.0,0.9,220.48000000000002,0.061439999999999995,24027.330152638227,0.1,-1543.725061327015,-4783.047771249558
revision_queue_envelope,qaoa,5,always_simulator,local_sim,0.008056578811835084,3.982159999999999,0.85,0.05,31.857279999999992,0.0,4.173303680000001,0.0,-2.4529731511055872,-2.637420921736445
revision_queue_envelope,qaoa,5,classical_only,classical,0.04004068402329901,0.005281884950818494,0.0,0.15,0.04225507960654795,0.0,0.005535415428457782,0.0,-0.7906428524724596,-5.099499335374807
revision_queue_envelope,qaoa,5,oracle_placement,remote_sim,0.0,0.04306381362561257,0.0,0.0,1.2622880000000003,5.049152e-08,0.050640066201612564,0.0,-0.01044246694012472,-0.012502948996349324
revision_queue_envelope,qaoa,6,random,remote_sim,0.0,0.22271259630464896,0.05,0.0,1.2622880000000003,5.049152e-08,0.230288848880649,0.0,-0.12372707425363064,-0.03362459054025872
revision_queue_envelope,qaoa,6,sequential,remote_sim,0.0,0.222737172304649,0.05,0.0,1.2684320000000002,5.073728e-08,0.23035030116864896,0.0,-0.12376572574210916,-0.03366423031660083
revision_queue_envelope,qaoa,6,joint_bo,classical,0.11063927666689258,0.00509857214638032,0.0,0.05,0.04078857717104256,0.0,0.005343303609406575,0.0,-0.3612109621669106,-0.2800931877341823
revision_queue_envelope,qaoa,6,joint_mf,remote_sim,0.006770450996350872,0.032453384550120444,0.0,0.0,1.2622880000000003,5.049152e-08,0.040029637126120454,0.0,-0.016568448533112914,-0.018954635706948417
revision_queue_envelope,qaoa,6,accuracy_only,qpu_A,0.0,19306.684220447227,1.0,0.05,7.048,0.006143999999999999,19307.033708447227,0.0,-979.5984936821894,-3535.312606917323
revision_queue_envelope,qaoa,6,hand_designed,qpu_A,0.05508815547515156,21335.70573480715,1.0,0.85,220.48000000000002,0.061439999999999995,21340.100614807154,0.1,-1555.554164764272,-5007.3566036839065
revision_queue_envelope,qaoa,6,always_simulator,local_sim,0.020753877666366122,3.982159999999999,0.7,0.0,31.857279999999992,0.0,4.173303680000001,0.0,-1.8977507689702633,-2.6455817281384646
revision_queue_envelope,qaoa,6,classical_only,classical,0.11063927666689258,0.005215499666519463,0.0,0.05,0.041723997332155704,0.0,0.005465843650512397,0.0,-0.36122453720974956,-0.28008640460077344
revision_queue_envelope,qaoa,6,oracle_placement,remote_sim,0.0,0.03273717230464896,0.0,0.0,1.2684320000000002,5.073728e-08,0.04035030116864897,0.0,-0.010041438188504693,-0.011598324725959399
revision_queue_envelope,qaoa,7,random,classical,0.010130220723988639,0.005185531452298164,0.0,0.0,0.041484251618385315,0.0,0.005434436962008476,0.0,-0.010675732519983081,-0.021515431423525785
revision_queue_envelope,qaoa,7,sequential,remote_sim,0.025225377569341838,0.23902248600991416,0.0,0.0,1.256144,5.024576000000001e-08,0.2465618622979142,0.0,-0.04872767110694603,-0.06760200634142025
revision_queue_envelope,qaoa,7,joint_bo,classical,0.010130220723988639,0.005072208325145766,0.0,0.0,0.04057766660116613,0.0,0.005315674324752762,0.0,-0.010665561877433418,-0.021544611217507115
revision_queue_envelope,qaoa,7,joint_mf,classical,0.010130220723988639,0.005089479294838384,0.0,0.0,0.04071583435870707,0.0,0.005333774300990626,0.0,-0.01066614562090228,-0.021514553310270315
revision_queue_envelope,qaoa,7,accuracy_only,remote_sim,0.07391985810767741,0.847316352487438,0.2,0.0,25.122880000000002,1.0049152e-06,0.9981038782474381,0.05,-0.678753238312132,-2.2014810449670126
revision_queue_envelope,qaoa,7,hand_designed,qpu_A,0.0013311192976948913,11554.333812448362,1.0,0.75,220.48000000000002,0.061439999999999995,11558.72869244836,0.15,-469.0102244534317,-870.6259743149756
revision_queue_envelope,qaoa,7,always_simulator,local_sim,0.0004337689435854962,3.982159999999999,0.9,0.05,31.857279999999992,0.0,4.173303680000001,0.0,-2.5183285698146745,-2.6647532418407227
revision_queue_envelope,qaoa,7,classical_only,classical,0.010130220723988639,0.005051343439845368,0.0,0.0,0.040410747518762946,0.0,0.005293807924957946,0.0,-0.01066075868690384,-0.021516685092601406
revision_queue_envelope,qaoa,7,oracle_placement,classical,0.010130220723988639,0.0052027075726073235,0.0,0.0,0.04162166058085859,0.0,0.005452437536092475,0.0,-0.01067717324161094,-0.02157483993816963
revision_queue_envelope,qaoa,8,random,classical,0.05557695428387608,0.0051818959473166615,0.0,0.0,0.04145516757853329,0.0,0.005430626952787862,0.0,-0.05615579961275161,-0.1354687734076046
revision_queue_envelope,qaoa,8,sequential,classical,0.05557695428387608,0.0051994273089803755,0.0,0.0,0.041595418471843004,0.0,0.005448999819811433,0.0,-0.05615866798801063,-0.13545162161251603
revision_queue_envelope,qaoa,8,joint_bo,classical,0.05557695428387608,0.005151895951712504,0.0,0.0,0.04121516761370003,0.0,0.005399186957394704,0.0,-0.05615246908122146,-0.13545619662057928
revision_queue_envelope,qaoa,8,joint_mf,classical,0.05557695428387608,0.00514565545017831,0.0,0.0,0.04116524360142648,0.0,0.005392646911786869,0.0,-0.05615318226875482,-0.13545872476021328
revision_queue_envelope,qaoa,8,accuracy_only,remote_sim,0.0,0.1076039546384125,0.0,0.0,1.256144,5.024576000000001e-08,0.11514333092641252,0.0,-0.01471151140932247,-0.019720171306058423
revision_queue_envelope,qaoa,8,hand_designed,qpu_A,0.01389423857096902,17383.510233716574,1.0,0.8,220.48000000000002,0.061439999999999995,17387.90511371657,0.15,-783.6548301308555,-1622.9564604700781
revision_queue_envelope,qaoa,8,always_simulator,local_sim,0.01071489122469517,3.982159999999999,0.75,0.0,31.857279999999992,0.0,4.173303680000001,0.0,-1.9912856133994992,-2.633608082914546
revision_queue_envelope,qaoa,8,classical_only,classical,0.05557695428387608,0.005199135222937912,0.0,0.0,0.041593081783503294,0.0,0.005448693713638931,0.0,-0.056156793143830354,-0.13545759964843912
revision_queue_envelope,qaoa,8,oracle_placement,remote_sim,0.01071489122469517,0.10741477130833144,0.0,0.0,1.256144,5.024576000000001e-08,0.11495414759633145,0.0,-0.024986760287994625,-0.08420304654250804
revision_queue_envelope,qaoa,9,random,classical,0.10034180040405402,0.005183864472201094,0.0,0.15,0.04147091577760875,0.0,0.005432689966866746,0.0,-0.850897943999086,-5.1547473260409635
revision_queue_envelope,qaoa,9,sequential,remote_sim,0.002590185169417183,1.5910867583479216,0.65,0.0,50.49152000000001,2.0196608000000004e-06,1.8941368613879217,0.05,-1.7082756555286327,-2.457838617530249
revision_queue_envelope,qaoa,9,joint_bo,remote_sim,0.0,0.23423712183394482,0.0,0.0,1.256144,5.024576000000001e-08,0.24177649812194485,0.0,-0.021668534807744836,-0.032372409182722044
revision_queue_envelope,qaoa,9,joint_mf,local_sim,0.0,0.108304,0.0,0.0,0.866432,0.0,0.11350259200000001,0.0,-0.011710886572142143,-0.016621743422006115
revision_queue_envelope,qaoa,9,accuracy_only,qpu_B,0.009846486456480216,9733.943019240629,1.0,0.0,7.048,0.0020480000000000003,9734.08770724063,0.0,-572.7377980877267,-1555.3636558991898
revision_queue_envelope,qaoa,9,hand_designed,qpu_A,0.017102787743543253,12075.894569236583,1.0,0.8,220.48000000000002,0.061439999999999995,12080.289449236581,0.0,-718.5168164234984,-1534.3873704429416
revision_queue_envelope,qaoa,9,always_simulator,local_sim,0.011922417404708886,3.982159999999999,0.9,0.0,31.857279999999992,0.0,4.173303680000001,0.0,-2.2322016063831684,-2.6559573529087523
revision_queue_envelope,qaoa,9,classical_only,classical,0.10034180040405402,0.005179530446184799,0.0,0.15,0.04143624356947839,0.0,0.0054281479076016695,0.0,-0.850896560957314,-5.15474035635602
revision_queue_envelope,qaoa,9,oracle_placement,classical,0.10034180040405402,0.005211468960624188,0.0,0.15,0.041691751684993505,0.0,0.005461619470734149,0.0,-0.8509000704677792,-5.15474469338498
revision_queue_envelope,qaoa,10,random,remote_sim,0.003736840147316011,0.050432314951324775,0.0,0.0,1.2684320000000002,5.073728e-08,0.05804544381532477,0.0,-0.014599472898832589,-0.013436780204342033
revision_queue_envelope,qaoa,10,sequential,local_sim,0.08746058097103983,8.064320000000002,0.95,0.05,64.51456000000002,0.0,8.45140736,0.0,-3.0922267339377965,-3.310413581696892
revision_queue_envelope,qaoa,10,joint_bo,classical,0.04284446230598222,0.0051229174714535475,0.0,0.0,0.04098333977162838,0.0,0.005368817510083317,0.0,-0.04344337632831341,-0.10544999198133057
revision_queue_envelope,qaoa,10,joint_mf,classical,0.04284446230598222,0.005120613990584388,0.0,0.0,0.04096491192467511,0.0,0.00536640346213244,0.0,-0.04344350182858203,-0.10545775662931635
revision_queue_envelope,qaoa,10,accuracy_only,qpu_B,0.0,5405.531931956453,1.0,0.0,7.048,0.0020480000000000003,5405.676619956453,0.0,-187.28190951597475,-525.0334277177222
revision_queue_envelope,qaoa,10,hand_designed,qpu_A,0.04166260311668281,17214.09975739502,1.0,0.9,220.48000000000002,0.061439999999999995,17218.49463739502,0.15,-942.3105211862223,-1752.3205392769812
revision_queue_envelope,qaoa,10,always_simulator,local_sim,0.020182263173454083,3.982159999999999,0.8,0.0,31.857279999999992,0.0,4.173303680000001,0.0,-1.993036852398642,-2.5103761970761163
revision_queue_envelope,qaoa,10,classical_only,classical,0.04284446230598222,0.005114614468766376,0.0,0.0,0.04091691575013101,0.0,0.0053601159632671634,0.0,-0.043444055827882244,-0.10546192567939405
revision_queue_envelope,qaoa,10,oracle_placement,remote_sim,0.003736840147316011,0.24040773895132478,0.0,0.0,1.2622880000000003,5.049152e-08,0.2479839915273248,0.0,-0.02681086419146264,-0.03355885499091661
revision_queue_envelope,qaoa,11,random,classical,0.04941606095397341,0.005146365030668676,0.0,0.0,0.04117092024534941,0.0,0.005393390552140772,0.0,-0.050005301143028,-0.12839817297789707
revision_queue_envelope,qaoa,11,sequential,classical,0.04941606095397341,0.005215437471633777,0.0,0.0,0.041723499773070216,0.0,0.005465778470272198,0.0,-0.050012755959092395,-0.12841220195531183
revision_queue_envelope,qaoa,11,joint_bo,remote_sim,0.0,0.10763345409681549,0.05,0.0,1.256144,5.024576000000001e-08,0.11517283038481549,0.05,-0.11230731563299053,-0.015386264074949467
revision_queue_envelope,qaoa,11,joint_mf,remote_sim,0.004276666296581431,0.10765724886269452,0.05,0.0,1.2622880000000003,5.049152e-08,0.11523350143869453,0.05,-0.11662238370982907,-0.051484496857946656
revision_queue_envelope,qaoa,11,accuracy_only,classical,0.04941606095397341,0.005235479271505028,0.0,0.0,0.041883834172040224,0.0,0.00548678227653727,0.0,-0.05001548935236866,-0.1284123632261669
revision_queue_envelope,qaoa,11,hand_designed,qpu_A,0.03377314485095319,16741.68948002122,1.0,0.75,220.48000000000002,0.061439999999999995,16746.08436002122,0.05,-1401.5457430779159,-2348.396748322862
revision_queue_envelope,qaoa,11,always_simulator,local_sim,0.013789119083465081,3.982159999999999,0.85,0.0,31.857279999999992,0.0,4.173303680000001,0.0,-2.106715639058459,-2.497765682891087
revision_queue_envelope,qaoa,11,classical_only,classical,0.04941606095397341,0.005060041672550142,0.0,0.0,0.040480333380401134,0.0,0.0053029236728325485,0.0,-0.0499958173909096,-0.12838914789421743
revision_queue_envelope,qaoa,11,oracle_placement,remote_sim,0.0,0.1076312665947107,0.05,0.0,1.256144,5.024576000000001e-08,0.1151706428827107,0.05,-0.11230726906890957,-0.015386264074949467
revision_queue_envelope,qaoa,0,feasible_random,remote_sim,0.0,0.09880095821293648,0.0,0.0,1.2684320000000002,5.073728e-08,0.10641408707693649,0.0,-0.01443352165167056,-0.018677671001016714
revision_queue_envelope,qaoa,0,joint_rf,remote_sim,0.0,0.10183794711972208,0.0,0.0,1.2684320000000002,5.073728e-08,0.10945107598372208,0.0,-0.013077798613982453,-0.017652384919709038
revision_queue_envelope,qaoa,1,feasible_random,classical,0.05892804035770732,0.005071250314358622,0.0,0.0,0.040570002514868975,0.0,0.005314670329447836,0.0,-0.05941234874650588,-0.1762761524587595
revision_queue_envelope,qaoa,1,joint_rf,remote_sim,0.005687388527950791,0.09018284908244059,0.0,0.0,1.256144,5.024576000000001e-08,0.0977222253704406,0.05,-0.01694427302263767,-0.048172552749470715
revision_queue_envelope,qaoa,2,feasible_random,classical,0.032715484749603715,0.005101812770590186,0.0,0.0,0.04081450216472149,0.0,0.0053466997835785145,0.0,-0.03330383067340835,-0.027577691489887302
revision_queue_envelope,qaoa,2,joint_rf,classical,0.032715484749603715,0.005142917478224263,0.0,0.0,0.0411433398257941,0.0,0.005389777517179028,0.0,-0.03330963008679934,-0.027585758796145908
revision_queue_envelope,qaoa,3,feasible_random,remote_sim,0.008869148906478722,0.05151737669648639,0.0,0.0,1.2622880000000003,5.049152e-08,0.0590936292724864,0.0,-0.019786282942318194,-0.055579179561766806
revision_queue_envelope,qaoa,3,joint_rf,classical,0.08727496357879376,0.005163395340787247,0.0,0.1,0.041307162726297975,0.0,0.0054112383171450356,0.0,-0.5878705657945755,-0.8035402062022783
revision_queue_envelope,qaoa,4,feasible_random,classical,0.020006792399877172,0.006009270291542634,0.0,0.0,0.048074162332341075,0.0,0.006297715265536681,0.0,-0.020645869550445214,-0.02118165457226188
revision_queue_envelope,qaoa,4,joint_rf,classical,0.020006792399877172,0.005133260361617431,0.0,0.0,0.04106608289293945,0.0,0.005379656858975068,0.0,-0.02055067422274058,-0.021143832901214726
revision_queue_envelope,qaoa,5,feasible_random,remote_sim,0.0,0.2330638136256126,0.1,0.0,1.2622880000000003,5.049152e-08,0.24064006620161266,0.0,-0.22299580661241553,-0.2332832418405628
revision_queue_envelope,qaoa,5,joint_rf,remote_sim,0.0,0.043088389625612566,0.0,0.0,1.2684320000000002,5.073728e-08,0.05070151848961256,0.0,-0.010480966969576224,-0.012542107980037513
revision_queue_envelope,qaoa,6,feasible_random,classical,0.11063927666689258,0.00513863519881852,0.0,0.05,0.04110908159054816,0.0,0.005385289688361808,0.0,-0.36121554494472397,-0.28009333217958776
revision_queue_envelope,qaoa,6,joint_rf,local_sim,0.0,0.148304,0.05,0.0,1.186432,0.0,0.15542259199999997,0.0,-0.11783104853341979,-0.02379487679366871
revision_queue_envelope,qaoa,7,feasible_random,classical,0.010130220723988639,0.005159489519428462,0.0,0.0,0.041275916155427694,0.0,0.0054071450163610275,0.0,-0.010672244694399957,-0.021540624600143634
revision_queue_envelope,qaoa,7,joint_rf,classical,0.010130220723988639,0.0051368951390031725,0.0,0.0,0.04109516111202538,0.0,0.005383466105675324,0.0,-0.01067096233264694,-0.021544280400169476
revision_queue_envelope,qaoa,8,feasible_random,classical,0.05557695428387608,0.005050959007348865,0.0,0.0,0.04040767205879092,0.0,0.00529340503970161,0.0,-0.05614306728059297,-0.13544516519951091
revision_queue_envelope,qaoa,8,joint_rf,classical,0.05557695428387608,0.005089781305287033,0.0,0.0,0.04071825044229627,0.0,0.00533409080794081,0.0,-0.05614658064904363,-0.1354471716604272
revision_queue_envelope,qaoa,9,feasible_random,classical,0.10034180040405402,0.005196958954911679,0.0,0.15,0.04157567163929343,0.0,0.005446412984747439,0.0,-0.8508991394103163,-5.154739609229102
revision_queue_envelope,qaoa,9,joint_rf,local_sim,0.0,0.108304,0.0,0.0,0.866432,0.0,0.11350259200000001,0.0,-0.011710886572142143,-0.016621743422006115
revision_queue_envelope,qaoa,10,feasible_random,classical,0.04284446230598222,0.005167937692021951,0.0,0.0,0.04134350153617561,0.0,0.005415998701239005,0.0,-0.043450665640001405,-0.10545263462937862
revision_queue_envelope,qaoa,10,joint_rf,classical,0.04284446230598222,0.005057656264398247,0.0,0.0,0.040461250115185976,0.0,0.005300423765089364,0.0,-0.04343658172901131,-0.1054332898012092
revision_queue_envelope,qaoa,11,feasible_random,classical,0.04941606095397341,0.005240541941020638,0.0,0.0,0.0419243355281651,0.0,0.005492087954189628,0.0,-0.05001582570448809,-0.12840964251191617
revision_queue_envelope,qaoa,11,joint_rf,local_sim,0.012829998889744293,0.108304,0.0,0.0,0.866432,0.0,0.11350259200000001,0.0,-0.02414874132488106,-0.05521432186642664
revision_queue_envelope,qaoa_channel,0,feasible_random,classical,0.0,0.005510364513611421,0.0,0.0,0.04408291610889137,0.0,0.005774862010264769,0.0,-0.0005640657517424735,-0.000764762773884988
revision_queue_envelope,qaoa_channel,0,joint_rf,classical,0.0,0.005646083009196445,0.0,0.0,0.04516866407357156,0.0,0.005917094993637875,0.0,-0.000582255021446714,-0.0007769133812957031
revision_queue_envelope,qaoa_channel,1,feasible_random,classical,0.011966714023658547,0.005466134927701205,0.0,0.0,0.04372907942160964,0.0,0.005728509404230863,0.0,-0.012560204521239127,-0.012833236034744743
revision_queue_envelope,qaoa_channel,1,joint_rf,classical,0.011966714023658547,0.005540593701880425,0.0,0.0,0.0443247496150434,0.0,0.005806542199570685,0.0,-0.012568438911386112,-0.012841539546174735
revision_queue_envelope,qaoa_channel,2,feasible_random,classical,0.00041149736043574904,0.005467104492709041,0.0,0.0,0.043736835941672325,0.0,0.0057295255083590745,0.0,-0.0010313584224618212,-0.0008594934262994323
revision_queue_envelope,qaoa_channel,2,joint_rf,classical,0.00041149736043574904,0.005471885437145829,0.0,0.0,0.043775083497166634,0.0,0.005734535938128829,0.0,-0.001031157059742205,-0.0008496535985866535
revision_queue_envelope,qaoa_channel,3,feasible_random,classical,0.012190671666101617,0.005550510191824287,0.0,0.0,0.0444040815345943,0.0,0.005816934681031853,0.0,-0.012855530265091184,-0.013110592242219209
revision_queue_envelope,qaoa_channel,3,joint_rf,classical,0.012190671666101617,0.005558864795602858,0.0,0.0,0.044470918364822865,0.0,0.005825690305791795,0.0,-0.012857740454216721,-0.013083937309116415
revision_queue_envelope,qaoa_channel,4,feasible_random,classical,0.013782180968253533,0.005904802936129272,0.0,0.0,0.047238423489034176,0.0,0.006188233477063477,0.0,-0.014465291508330456,-0.000927392888623617
revision_queue_envelope,qaoa_channel,4,joint_rf,classical,0.013782180968253533,0.005515177239431068,0.0,0.0,0.044121417915448546,0.0,0.005779905746923759,0.0,-0.014424944682809535,-0.0009158303015447272
revision_queue_envelope,qaoa_channel,5,feasible_random,classical,0.03016203357607774,0.005467656243126839,0.0,0.0,0.043741249945014715,0.0,0.005730103742796927,0.0,-0.030796152257259107,-0.0008784027331914075
revision_queue_envelope,qaoa_channel,5,joint_rf,classical,0.03016203357607774,0.0055600319465156645,0.0,0.0,0.044480255572125316,0.0,0.0058269134799484165,0.0,-0.03080492189877577,-0.0008737111393970401
revision_queue_envelope,qaoa_channel,6,feasible_random,classical,0.0035890305356045425,0.00551171854021959,0.0,0.0,0.04409374832175672,0.0,0.005776281030150131,0.0,-0.004242825271985399,-0.000844139124738241
revision_queue_envelope,qaoa_channel,6,joint_rf,classical,0.0035890305356045425,0.005563155486015603,0.0,0.0,0.044505243888124824,0.0,0.0058301869493443525,0.0,-0.004247495812498942,-0.0008427949329617709
revision_queue_envelope,qaoa_channel,7,feasible_random,classical,0.0020994305084698775,0.0054873027838766575,0.0,0.0,0.04389842227101326,0.0,0.005750693317502738,0.0,-0.0026793562146426473,-0.0008807091473071097
revision_queue_envelope,qaoa_channel,7,joint_rf,classical,0.0020994305084698775,0.005635843990603462,0.0,0.0,0.045086751924827695,0.0,0.005906364502152428,0.0,-0.0026947945472819536,-0.0009053898783876729
revision_queue_envelope,qaoa_channel,8,feasible_random,classical,0.021686843869805347,0.0055962392361834645,0.0,0.0,0.044769913889467716,0.0,0.00586485871952027,0.0,-0.02238967996119167,-0.020640857361280126
revision_queue_envelope,qaoa_channel,8,joint_rf,classical,0.021686843869805347,0.005627051927149296,0.0,0.0,0.045016415417194366,0.0,0.0058971504196524615,0.0,-0.02239430191212292,-0.02064354114732878
revision_queue_envelope,qaoa_channel,9,feasible_random,classical,0.0,0.0056413543643429875,0.0,0.0,0.0451308349147439,0.0,0.0059121393738314505,0.0,-0.0006237937579762219,-0.0008367931652150835
revision_queue_envelope,qaoa_channel,9,joint_rf,classical,0.0,0.005561698024393991,0.0,0.0,0.044493584195151925,0.0,0.0058286595295649005,0.0,-0.0006134784628666029,-0.0007783307716386625
revision_queue_envelope,qaoa_channel,10,feasible_random,classical,0.0,0.005589292093645781,0.0,0.0,0.04471433674916625,0.0,0.005857578114140779,0.0,-0.0007061342845139892,-0.000934561954532263
revision_queue_envelope,qaoa_channel,10,joint_rf,classical,0.0,0.005463572684675455,0.0,0.0,0.04370858147740364,0.0,0.005725824173539876,0.0,-0.0006900925396480153,-0.0008961719992223437
revision_queue_envelope,qaoa_channel,11,feasible_random,classical,0.0,0.00555145789985545,0.0,0.0,0.0444116631988436,0.0,0.005817927879048512,0.0,-0.0006421232538532969,-0.0008344608232647143
revision_queue_envelope,qaoa_channel,11,joint_rf,classical,0.0,0.005626655591186136,0.0,0.0,0.04501324472948909,0.0,0.005896735059563071,0.0,-0.0006504651401386072,-0.0008162718166219036
revision_queue_envelope,qaoa_place,0,feasible_random,local_sim,0.0,0.20660800000000004,0.0,0.0,1.6528640000000003,0.0,0.21652518400000004,0.0,-0.024063744387820895,-0.032714089851052806
revision_queue_envelope,qaoa_place,0,joint_rf,remote_sim,0.055052099419822656,0.10183794711972208,0.0,0.0,1.2684320000000002,5.073728e-08,0.10945107598372208,0.0,-0.0681298980338051,-0.2899646488585255
revision_queue_envelope,qaoa_place,1,feasible_random,remote_sim,0.0,0.09203462116474236,0.0,0.0,1.2622880000000003,5.049152e-08,0.09961087374074237,0.05,-0.011129743060584996,-0.012509342558594747
revision_queue_envelope,qaoa_place,1,joint_rf,remote_sim,0.0,0.07764584118039672,0.0,0.0,1.256144,5.024576000000001e-08,0.08518521746839673,0.0,-0.012625785438109027,-0.015497448037941466
revision_queue_envelope,qaoa_place,2,feasible_random,classical,0.04329911118750192,0.005136791965924203,0.0,0.0,0.04109433572739363,0.0,0.005383357980288566,0.0,-0.04384952778675845,-0.13531481015555152
revision_queue_envelope,qaoa_place,2,joint_rf,remote_sim,0.011407908490613395,0.03632194705898835,0.0,0.0,1.2622880000000003,5.049152e-08,0.04389819963498835,0.0,-0.02136341134018709,-0.06723922111724623
revision_queue_envelope,qaoa_place,3,feasible_random,classical,0.10488841673709912,0.0051862917898688465,0.0,0.0,0.04149033431895077,0.0,0.005435233795782552,0.0,-0.10541969767859186,-0.2743499311862087
revision_queue_envelope,qaoa_place,3,joint_rf,remote_sim,0.0,0.09180556552662938,0.0,0.0,1.2622880000000003,5.049152e-08,0.0993818181026294,0.0,-0.01498507190611291,-0.01881100789137465
revision_queue_envelope,qaoa_place,4,feasible_random,classical,0.03189331037549865,0.005264416744466871,0.0,0.0,0.04211533395573497,0.0,0.00551710874820128,0.0,-0.03248026411553697,-0.11428421329805974
revision_queue_envelope,qaoa_place,4,joint_rf,local_sim,0.0,0.20660800000000004,0.0,0.0,1.6528640000000003,0.0,0.21652518400000004,0.0,-0.024214069346718707,-0.03203706399338781
revision_queue_envelope,qaoa_place,5,feasible_random,classical,0.028359241626758257,0.005112791521241888,0.0,0.0,0.04090233216993511,0.0,0.005358205514261499,0.0,-0.02895018587275634,-0.04077558564171096
revision_queue_envelope,qaoa_place,5,joint_rf,classical,0.028359241626758257,0.005100093607325107,0.0,0.0,0.040800748858600855,0.0,0.005344898100476713,0.0,-0.028949221778305056,-0.04074833965791543
revision_queue_envelope,qaoa_place,6,feasible_random,classical,0.02862442000714282,0.005195062345592305,0.0,0.0,0.04156049876473844,0.0,0.005444425338180736,0.0,-0.02918550883648046,-0.07552333144944208
revision_queue_envelope,qaoa_place,6,joint_rf,classical,0.02862442000714282,0.005166843911865726,0.0,0.0,0.04133475129492581,0.0,0.005414852419635281,0.0,-0.029184993289252115,-0.07551419081626404
revision_queue_envelope,qaoa_place,7,feasible_random,classical,0.06874778569034391,0.0051994273089803755,0.0,0.0,0.041595418471843004,0.0,0.005448999819811434,0.0,-0.06933213510469559,-0.14628250242731086
revision_queue_envelope,qaoa_place,7,joint_rf,remote_sim,0.0,0.04751724339889764,0.0,0.0,1.2622880000000003,5.049152e-08,0.05509349597489764,0.0,-0.011126632106322566,-0.013465319636323306
revision_queue_envelope,qaoa_place,8,feasible_random,remote_sim,0.0,0.0676531066384125,0.0,0.0,1.2684320000000002,5.073728e-08,0.07526623550241249,0.0,-0.012130106638593922,-0.016105986666732193
revision_queue_envelope,qaoa_place,8,joint_rf,classical,0.11228688165043935,0.005213780968915671,0.0,0.0,0.04171024775132537,0.0,0.005464042455423624,0.0,-0.11281950839542174,-0.2474684156179729
revision_queue_envelope,qaoa_place,9,feasible_random,classical,0.08123755150578463,0.005102759983856231,0.0,0.0,0.04082207987084985,0.0,0.00534769246308133,0.0,-0.08174145645820849,-0.3044328222451476
revision_queue_envelope,qaoa_place,9,joint_rf,classical,0.08123755150578463,0.0050645104493014514,0.0,0.0,0.04051608359441161,0.0,0.005307606950867921,0.0,-0.08174033571305149,-0.30442042975833494
revision_queue_envelope,qaoa_place,10,feasible_random,classical,0.060520092993176636,0.005212843738263473,0.0,0.0,0.04170274990610778,0.0,0.0054630602377001205,0.0,-0.061090202788611866,-0.20161021618122357
revision_queue_envelope,qaoa_place,10,joint_rf,remote_sim,0.0,0.09043231495132478,0.0,0.0,1.2684320000000002,5.073728e-08,0.09804544381532478,0.0,-0.013441548976097298,-0.016965847147745034
revision_queue_envelope,qaoa_place,11,feasible_random,remote_sim,0.03664489558065752,0.14780763471302602,0.05,0.0,1.2684320000000002,5.073728e-08,0.15542076357702603,0.05,-0.15149770004205623,-0.02129000260896521
revision_queue_envelope,qaoa_place,11,joint_rf,remote_sim,0.023271727603392637,0.09405515687923685,0.0,0.0,1.256144,5.024576000000001e-08,0.10159453316723684,0.0,-0.03612929946012079,-0.10285168562000743
revision_queue_envelope,vqc,0,feasible_random,local_sim,0.28624999999999995,0.00025600000000000004,0.0,0.0,0.0020480000000000003,0.0,0.00026828800000000004,0.0,-0.28628001777251877,-0.28878777236258896
revision_queue_envelope,vqc,0,joint_rf,local_sim,0.23187499999999997,0.00025600000000000004,0.0,0.0,0.0020480000000000003,0.0,0.00026828800000000004,0.0,-0.23190501777251876,-0.2500347807307734
revision_queue_envelope,vqc,1,feasible_random,classical,0.1375,0.0010000000000000002,0.0,0.0,0.008000000000000002,0.0,0.001048,0.0,-0.13761390136394344,-0.13765407687121414
revision_queue_envelope,vqc,1,joint_rf,classical,0.1375,0.0010000000000000002,0.0,0.0,0.008000000000000002,0.0,0.001048,0.0,-0.13761390136394344,-0.13765407687121414
revision_queue_envelope,vqc,2,feasible_random,classical,0.15,0.0010000000000000002,0.0,0.0,0.008000000000000002,0.0,0.001048,0.0,-0.15010579507376204,-0.1501397927926253
revision_queue_envelope,vqc,2,joint_rf,classical,0.15,0.0010000000000000002,0.0,0.0,0.008000000000000002,0.0,0.001048,0.0,-0.15010579507376204,-0.1501397927926253
revision_queue_envelope,vqc,3,feasible_random,classical,0.1875,0.0010000000000000002,0.0,0.0,0.008000000000000002,0.0,0.001048,0.0,-0.18760661450262545,-0.18764451361048892
revision_queue_envelope,vqc,3,joint_rf,classical,0.1875,0.0010000000000000002,0.0,0.0,0.008000000000000002,0.0,0.001048,0.0,-0.18760661450262545,-0.18764451361048892
revision_queue_envelope,vqc,4,feasible_random,classical,0.1875,0.0010000000000000002,0.0,0.0,0.008000000000000002,0.0,0.001048,0.0,-0.18760296955420128,-0.18763795671423966
revision_queue_envelope,vqc,4,joint_rf,classical,0.1875,0.0010000000000000002,0.0,0.0,0.008000000000000002,0.0,0.001048,0.0,-0.18760296955420128,-0.18763795671423966
revision_queue_envelope,vqc,5,feasible_random,classical,0.175,0.0010000000000000002,0.0,0.0,0.008000000000000002,0.0,0.001048,0.0,-0.17511738937558635,-0.17514533921860082
revision_queue_envelope,vqc,5,joint_rf,remote_sim,0.11187500000000003,0.028571447761038832,0.0,0.0,4.7999999999999994e-05,1.92e-12,0.028571735857038826,0.0,-0.11354165841807573,-0.1182512377414103
revision_queue_envelope,vqc,6,feasible_random,classical,0.2,0.0010000000000000002,0.0,0.0,0.008000000000000002,0.0,0.001048,0.0,-0.20010644206670686,-0.20015842726350488
revision_queue_envelope,vqc,6,joint_rf,classical,0.2,0.0010000000000000002,0.0,0.0,0.008000000000000002,0.0,0.001048,0.0,-0.20010644206670686,-0.20015842726350488
revision_queue_envelope,vqc,7,feasible_random,classical,0.2,0.0010000000000000002,0.0,0.0,0.008000000000000002,0.0,0.001048,0.0,-0.2001081563269073,-0.20014512297159784
revision_queue_envelope,vqc,7,joint_rf,remote_sim,0.18,0.03392906695140588,0.0,0.0,2.0000000000000003e-06,8.000000000000003e-14,0.03392907895540588,0.0,-0.1820137830148478,-0.19061254813347028
revision_queue_envelope,vqc,8,feasible_random,classical,0.125,0.0010000000000000002,0.0,0.0,0.008000000000000002,0.0,0.001048,0.0,-0.12509658830302342,-0.12513488052802754
revision_queue_envelope,vqc,8,joint_rf,local_sim,0.11187499999999999,0.0007679999999999999,0.0,0.0,0.006143999999999999,0.0,0.0008048640000000001,0.0,-0.11195834442892028,-0.1250804648828807
revision_queue_envelope,vqc,9,feasible_random,classical,0.1875,0.0010000000000000002,0.0,0.0,0.008000000000000002,0.0,0.001048,0.0,-0.1876087191103207,-0.18764382070513808
revision_queue_envelope,vqc,9,joint_rf,remote_sim,0.17687499999999998,0.029218171213749766,0.0,0.0,2.3999999999999997e-05,9.6e-13,0.029218315261749762,0.0,-0.17895883036328403,-0.18880487657008058
revision_queue_envelope,vqc,10,feasible_random,classical,0.1875,0.0010000000000000002,0.0,0.0,0.008000000000000002,0.0,0.001048,0.0,-0.18761150551061792,-0.18764882473091404
revision_queue_envelope,vqc,10,joint_rf,local_sim,0.174375,0.0007679999999999999,0.0,0.0,0.006143999999999999,0.0,0.0008048640000000001,0.0,-0.17446214743169516,-0.18760233771911475
revision_queue_envelope,vqc,11,feasible_random,local_sim,0.25,0.0015359999999999998,0.0,0.0,0.012287999999999999,0.0,0.0016097280000000002,0.0,-0.2501836635665491,-0.25024737787762164
revision_queue_envelope,vqc,11,joint_rf,remote_sim,0.22937500000000002,0.03713503283535047,0.0,0.0,4.7999999999999994e-05,1.92e-12,0.03713532093135046,0.0,-0.23206296662086384,-0.24397515102747191
revision_queue_envelope,vqc_cancer,0,feasible_random,classical,0.03749999999999998,0.0010000000000000002,0.0,0.0,0.008000000000000002,0.0,0.001048,0.0,-0.037605692019570224,-0.03765535513200927
revision_queue_envelope,vqc_cancer,0,joint_rf,local_sim,0.03749999999999998,0.00038399999999999996,0.0,0.0,0.0030719999999999996,0.0,0.00040243200000000004,0.0,-0.0375450266587781,-0.037557587115783435
revision_queue_envelope,vqc_cancer,1,feasible_random,classical,0.07499999999999996,0.0010000000000000002,0.0,0.0,0.008000000000000002,0.0,0.001048,0.0,-0.07511390136394348,-0.07515407687121417
revision_queue_envelope,vqc_cancer,1,joint_rf,classical,0.07499999999999996,0.0010000000000000002,0.0,0.0,0.008000000000000002,0.0,0.001048,0.0,-0.07511390136394348,-0.07515407687121417
revision_queue_envelope,vqc_cancer,2,feasible_random,classical,0.050000000000000044,0.0010000000000000002,0.0,0.0,0.008000000000000002,0.0,0.001048,0.0,-0.050105795073762074,-0.05013979279262532
revision_queue_envelope,vqc_cancer,2,joint_rf,local_sim,0.050000000000000044,0.0007679999999999999,0.0,0.0,0.006143999999999999,0.0,0.0008048640000000001,0.0,-0.05007920597343386,-0.05011289743248592
revision_queue_envelope,vqc_cancer,3,feasible_random,classical,0.0625,0.0010000000000000002,0.0,0.0,0.008000000000000002,0.0,0.001048,0.0,-0.06260661450262543,-0.06264451361048892
revision_queue_envelope,vqc_cancer,3,joint_rf,classical,0.0625,0.0010000000000000002,0.0,0.0,0.008000000000000002,0.0,0.001048,0.0,-0.06260661450262543,-0.06264451361048892
revision_queue_envelope,vqc_cancer,4,feasible_random,classical,0.025000000000000022,0.0010000000000000002,0.0,0.0,0.008000000000000002,0.0,0.001048,0.0,-0.025102969554201316,-0.025137956714239705
revision_queue_envelope,vqc_cancer,4,joint_rf,classical,0.025000000000000022,0.0010000000000000002,0.0,0.0,0.008000000000000002,0.0,0.001048,0.0,-0.025102969554201316,-0.025137956714239705
revision_queue_envelope,vqc_cancer,5,feasible_random,classical,0.07499999999999996,0.0010000000000000002,0.0,0.0,0.008000000000000002,0.0,0.001048,0.0,-0.07511738937558628,-0.07514533921860073
revision_queue_envelope,vqc_cancer,5,joint_rf,classical,0.07499999999999996,0.0010000000000000002,0.0,0.0,0.008000000000000002,0.0,0.001048,0.0,-0.07511738937558628,-0.07514533921860073
revision_queue_envelope,vqc_cancer,6,feasible_random,classical,0.0625,0.0010000000000000002,0.0,0.0,0.008000000000000002,0.0,0.001048,0.0,-0.0626064420667069,-0.06265842726350494
revision_queue_envelope,vqc_cancer,6,joint_rf,classical,0.0625,0.0010000000000000002,0.0,0.0,0.008000000000000002,0.0,0.001048,0.0,-0.0626064420667069,-0.06265842726350494
revision_queue_envelope,vqc_cancer,7,feasible_random,classical,0.07499999999999996,0.0010000000000000002,0.0,0.0,0.008000000000000002,0.0,0.001048,0.0,-0.07510815632690733,-0.07514512297159787
revision_queue_envelope,vqc_cancer,7,joint_rf,local_sim,0.08374999999999999,0.00025600000000000004,0.0,0.0,0.0020480000000000003,0.0,0.00026828800000000004,0.0,-0.08377600363467716,-0.08878542692734415
revision_queue_envelope,vqc_cancer,8,feasible_random,classical,0.03749999999999998,0.0010000000000000002,0.0,0.0,0.008000000000000002,0.0,0.001048,0.0,-0.03759658830302341,-0.03763488052802752
revision_queue_envelope,vqc_cancer,8,joint_rf,remote_sim,0.028750000000000005,0.04816019317101202,0.0,0.0,4.7999999999999994e-05,1.92e-12,0.04816048126701202,0.0,-0.03164769539596289,-0.04186953811087909
revision_queue_envelope,vqc_cancer,9,feasible_random,classical,0.050000000000000044,0.0010000000000000002,0.0,0.0,0.008000000000000002,0.0,0.001048,0.0,-0.050108719110320755,-0.050143820705138134
revision_queue_envelope,vqc_cancer,9,joint_rf,classical,0.050000000000000044,0.0010000000000000002,0.0,0.0,0.008000000000000002,0.0,0.001048,0.0,-0.050108719110320755,-0.050143820705138134
revision_queue_envelope,vqc_cancer,10,feasible_random,classical,0.050000000000000044,0.0010000000000000002,0.0,0.0,0.008000000000000002,0.0,0.001048,0.0,-0.05011150551061796,-0.0501488247309141
revision_queue_envelope,vqc_cancer,10,joint_rf,local_sim,0.050000000000000044,0.0007679999999999999,0.0,0.0,0.006143999999999999,0.0,0.0008048640000000001,0.0,-0.0500871474316952,-0.0501146582086654
revision_queue_envelope,vqc_cancer,11,feasible_random,local_sim,0.08875,0.002304,0.0,0.0,0.018432,0.0,0.002414592,0.0,-0.08902549534982368,-0.08910938922027999
revision_queue_envelope,vqc_cancer,11,joint_rf,remote_sim,0.06624999999999999,0.04008603133225748,0.0,0.0,3.2000000000000005e-05,1.2800000000000004e-12,0.04008622339625749,0.0,-0.06898628523617831,-0.07761978444889407
revision_queue_envelope,vqc,0,random,remote_sim,0.359375,0.044129965611693876,0.0,0.0,0.00019199999999999998,7.68e-12,0.044131117995693865,0.0,-0.3622602601348594,-0.37781425506501914
revision_queue_envelope,vqc,0,sequential,local_sim,0.18625000000000003,0.0007679999999999999,0.0,0.0,0.006143999999999999,0.0,0.0008048640000000001,0.0,-0.1863400533175562,-0.20007431305488807
revision_queue_envelope,vqc,0,joint_bo,remote_sim,0.21625,0.044050734481625324,0.0,0.0,2.3999999999999997e-05,9.6e-13,0.04405087852962534,0.0,-0.2192282256811126,-0.2640854062121287
revision_queue_envelope,vqc,0,joint_mf,remote_sim,0.206875,0.044050702481625334,0.0,0.0,1.6000000000000003e-05,6.400000000000002e-13,0.044050798513625325,0.0,-0.2098531754488911,-0.22799571782446734
revision_queue_envelope,vqc,0,accuracy_only,classical,0.3875,0.0010000000000000002,0.0,0.0,0.008000000000000002,0.0,0.001048,0.0,-0.3876056920195702,-0.3876553551320092
revision_queue_envelope,vqc,0,hand_designed,qpu_A,0.21562500000000004,154.20775877174407,0.75,0.0,5.5120000000000005,0.0015359999999999998,154.31763077174406,0.0,-11.73175877540822,-49.709765365549416
revision_queue_envelope,vqc,0,always_simulator,local_sim,0.20937499999999995,0.00025600000000000004,0.0,0.0,0.0020480000000000003,0.0,0.00026828800000000004,0.0,-0.20940501777251871,-0.22503559081881383
revision_queue_envelope,vqc,0,classical_only,classical,0.3875,0.0010000000000000002,0.0,0.0,0.008000000000000002,0.0,0.001048,0.0,-0.3876056920195702,-0.3876553551320092
revision_queue_envelope,vqc,0,oracle_placement,local_sim,0.21625,0.00038399999999999996,0.0,0.0,0.0030719999999999996,0.0,0.00040243200000000004,0.0,-0.21629502665877814,-0.2625288195387309
revision_queue_envelope,vqc,1,random,local_sim,0.11312500000000006,0.0015359999999999998,0.0,0.0,0.012287999999999999,0.0,0.0016097280000000002,0.0,-0.11330489050684318,-0.11399009038914135
revision_queue_envelope,vqc,1,sequential,local_sim,0.12250000000000001,0.0007679999999999999,0.0,0.0,0.006143999999999999,0.0,0.0008048640000000001,0.0,-0.1225899452534216,-0.1376154119453562
revision_queue_envelope,vqc,1,joint_bo,remote_sim,0.11937500000000001,0.023622310722023802,0.0,0.0,9.599999999999999e-05,3.84e-12,0.0236228869140238,0.0,-0.12102567018501276,-0.12923957852499066
revision_queue_envelope,vqc,1,joint_mf,classical,0.1375,0.0010000000000000002,0.0,0.0,0.008000000000000002,0.0,0.001048,0.0,-0.13761390136394344,-0.13765407687121414
revision_queue_envelope,vqc,1,accuracy_only,classical,0.1375,0.0010000000000000002,0.0,0.0,0.008000000000000002,0.0,0.001048,0.0,-0.13761390136394344,-0.13765407687121414
revision_queue_envelope,vqc,1,hand_designed,qpu_A,0.24875000000000003,150.91577799340476,0.7,0.0,5.5120000000000005,0.0015359999999999998,151.02564999340476,0.0,-6.730629136945542,-8.026620580992729
revision_queue_envelope,vqc,1,always_simulator,local_sim,0.24999999999999994,0.00025600000000000004,0.0,0.0,0.0020480000000000003,0.0,0.00026828800000000004,0.0,-0.2500274800484091,-0.2625234758468627
revision_queue_envelope,vqc,1,classical_only,classical,0.1375,0.0010000000000000002,0.0,0.0,0.008000000000000002,0.0,0.001048,0.0,-0.13761390136394344,-0.13765407687121414
revision_queue_envelope,vqc,1,oracle_placement,local_sim,0.11937500000000001,0.0015359999999999998,0.0,0.0,0.012287999999999999,0.0,0.0016097280000000002,0.0,-0.11955489050684318,-0.126489409316338
revision_queue_envelope,vqc,2,random,classical,0.15,0.0010000000000000002,0.0,0.0,0.008000000000000002,0.0,0.001048,0.0,-0.15010579507376204,-0.1501397927926253
revision_queue_envelope,vqc,2,sequential,local_sim,0.18875,0.002304,0.0,0.0,0.018432,0.0,0.002414592,0.0,-0.18898761792030144,-0.21271705860563042
revision_queue_envelope,vqc,2,joint_bo,qpu_B,0.24125000000000005,257.0198481317244,0.8,0.0,5.128,0.00012800000000000002,257.0570161317245,0.0,-19.66066666113927,-53.67960846026463
revision_queue_envelope,vqc,2,joint_mf,classical,0.15,0.0010000000000000002,0.0,0.0,0.008000000000000002,0.0,0.001048,0.0,-0.15010579507376204,-0.1501397927926253
revision_queue_envelope,vqc,2,accuracy_only,classical,0.15,0.0010000000000000002,0.0,0.0,0.008000000000000002,0.0,0.001048,0.0,-0.15010579507376204,-0.1501397927926253
revision_queue_envelope,vqc,2,hand_designed,qpu_A,0.221875,243.5147664735251,0.8,0.0,5.5120000000000005,0.0015359999999999998,243.6246384735251,0.0,-11.1060431490524,-34.3537176309263
revision_queue_envelope,vqc,2,always_simulator,local_sim,0.21437500000000004,0.00025600000000000004,0.0,0.0,0.0020480000000000003,0.0,0.00026828800000000004,0.0,-0.21440390535870696,-0.23751750709768313
revision_queue_envelope,vqc,2,classical_only,classical,0.15,0.0010000000000000002,0.0,0.0,0.008000000000000002,0.0,0.001048,0.0,-0.15010579507376204,-0.1501397927926253
revision_queue_envelope,vqc,2,oracle_placement,classical,0.15,0.0010000000000000002,0.0,0.0,0.008000000000000002,0.0,0.001048,0.0,-0.15010579507376204,-0.1501397927926253
revision_queue_envelope,vqc,3,random,local_sim,0.190625,0.002304,0.0,0.0,0.018432,0.0,0.002414592,0.0,-0.190900740673654,-0.2126669645447395
revision_queue_envelope,vqc,3,sequential,local_sim,0.15687500000000001,0.002304,0.0,0.0,0.018432,0.0,0.002414592,0.0,-0.15715074067365403,-0.16283989435159643
revision_queue_envelope,vqc,3,joint_bo,local_sim,0.1925,0.00025600000000000004,0.0,0.0,0.0020480000000000003,0.0,0.00026828800000000004,0.0,-0.19252854773849787,-0.21252062410291078
revision_queue_envelope,vqc,3,joint_mf,remote_sim,0.17687499999999998,0.03529466944799632,0.0,0.0,9.599999999999999e-05,3.84e-12,0.03529524563999632,0.0,-0.1793994273568772,-0.19226987841254392
revision_queue_envelope,vqc,3,accuracy_only,classical,0.1875,0.0010000000000000002,0.0,0.0,0.008000000000000002,0.0,0.001048,0.0,-0.18760661450262545,-0.18764451361048892
revision_queue_envelope,vqc,3,hand_designed,qpu_A,0.205,568.4685852823031,0.75,0.0,5.5120000000000005,0.0015359999999999998,568.5784572823031,0.0,-51.25743354567875,-217.29403183054515
revision_queue_envelope,vqc,3,always_simulator,local_sim,0.20625,0.00025600000000000004,0.0,0.0,0.0020480000000000003,0.0,0.00026828800000000004,0.0,-0.20627854773849785,-0.21253801959060797
revision_queue_envelope,vqc,3,classical_only,classical,0.1875,0.0010000000000000002,0.0,0.0,0.008000000000000002,0.0,0.001048,0.0,-0.18760661450262545,-0.18764451361048892
revision_queue_envelope,vqc,3,oracle_placement,classical,0.1875,0.0010000000000000002,0.0,0.0,0.008000000000000002,0.0,0.001048,0.0,-0.18760661450262545,-0.18764451361048892
revision_queue_envelope,vqc,4,random,classical,0.1875,0.0010000000000000002,0.0,0.0,0.008000000000000002,0.0,0.001048,0.0,-0.18760296955420128,-0.18763795671423966
revision_queue_envelope,vqc,4,sequential,local_sim,0.185,0.0015359999999999998,0.0,0.0,0.012287999999999999,0.0,0.0016097280000000002,0.0,-0.1851768321545509,-0.1877330770456165
revision_queue_envelope,vqc,4,joint_bo,remote_sim,0.200625,0.02951611839012484,0.0,0.0,0.00019199999999999998,7.68e-12,0.02951727077412484,0.0,-0.20252684338504764,-0.20343696637180023
revision_queue_envelope,vqc,4,joint_mf,classical,0.1875,0.0010000000000000002,0.0,0.0,0.008000000000000002,0.0,0.001048,0.0,-0.18760296955420128,-0.18763795671423966
revision_queue_envelope,vqc,4,accuracy_only,classical,0.1875,0.0010000000000000002,0.0,0.0,0.008000000000000002,0.0,0.001048,0.0,-0.18760296955420128,-0.18763795671423966
revision_queue_envelope,vqc,4,hand_designed,qpu_A,0.24437499999999995,187.0223880174411,0.75,0.0,5.5120000000000005,0.0015359999999999998,187.1322600174411,0.0,-11.097683771824801,-23.600776045592113
revision_queue_envelope,vqc,4,always_simulator,local_sim,0.24562499999999998,0.00025600000000000004,0.0,0.0,0.0020480000000000003,0.0,0.00026828800000000004,0.0,-0.24565422144723428,-0.25128864529677986
revision_queue_envelope,vqc,4,classical_only,classical,0.1875,0.0010000000000000002,0.0,0.0,0.008000000000000002,0.0,0.001048,0.0,-0.18760296955420128,-0.18763795671423966
revision_queue_envelope,vqc,4,oracle_placement,classical,0.1875,0.0010000000000000002,0.0,0.0,0.008000000000000002,0.0,0.001048,0.0,-0.18760296955420128,-0.18763795671423966
revision_queue_envelope,vqc,5,random,local_sim,0.09749999999999999,0.0015359999999999998,0.0,0.0,0.012287999999999999,0.0,0.0016097280000000002,0.0,-0.09766186789712354,-0.10021851034216993
revision_queue_envelope,vqc,5,sequential,remote_sim,0.11000000000000006,0.028571639761038832,0.0,0.0,9.599999999999999e-05,3.84e-12,0.028572215953038826,0.0,-0.11166695753156283,-0.11600551143151519
revision_queue_envelope,vqc,5,joint_bo,local_sim,0.113125,0.0015359999999999998,0.0,0.0,0.012287999999999999,0.0,0.0016097280000000002,0.0,-0.11328686789712357,-0.1251375296328504
revision_queue_envelope,vqc,5,joint_mf,classical,0.175,0.0010000000000000002,0.0,0.0,0.008000000000000002,0.0,0.001048,0.0,-0.17511738937558635,-0.17514533921860082
revision_queue_envelope,vqc,5,accuracy_only,qpu_A,0.10500000000000001,301.1590057018614,0.95,0.0,11.144000000000002,0.018432,302.14746970186144,0.0,-15.222662730510834,-26.030224930236553
revision_queue_envelope,vqc,5,hand_designed,qpu_A,0.2668750000000001,462.41195961997647,0.75,0.0,5.5120000000000005,0.0015359999999999998,462.52183161997647,0.0,-26.959891509859922,-49.64647441302489
revision_queue_envelope,vqc,5,always_simulator,local_sim,0.26687500000000003,0.00025600000000000004,0.0,0.0,0.0020480000000000003,0.0,0.00026828800000000004,0.0,-0.2669041719404753,-0.287518702281769
revision_queue_envelope,vqc,5,classical_only,classical,0.175,0.0010000000000000002,0.0,0.0,0.008000000000000002,0.0,0.001048,0.0,-0.17511738937558635,-0.17514533921860082
revision_queue_envelope,vqc,5,oracle_placement,local_sim,0.113125,0.0015359999999999998,0.0,0.0,0.012287999999999999,0.0,0.0016097280000000002,0.0,-0.11328686789712357,-0.1251375296328504
revision_queue_envelope,vqc,6,random,local_sim,0.20375000000000001,0.0007679999999999999,0.0,0.0,0.006143999999999999,0.0,0.0008048640000000001,0.0,-0.2038322747189353,-0.22637417841187216
revision_queue_envelope,vqc,6,sequential,local_sim,0.11375000000000002,0.004608,0.0,0.0,0.036864,0.0,0.004829184,0.0,-0.11424364831361186,-0.12554843598008733
revision_queue_envelope,vqc,6,joint_bo,local_sim,0.125,0.004608,0.0,0.0,0.036864,0.0,0.004829184,0.0,-0.12549364831361187,-0.1505453241986179
revision_queue_envelope,vqc,6,joint_mf,classical,0.2,0.0010000000000000002,0.0,0.0,0.008000000000000002,0.0,0.001048,0.0,-0.20010644206670686,-0.20015842726350488
revision_queue_envelope,vqc,6,accuracy_only,qpu_A,0.09875,505.53431969908036,0.85,0.05,11.144000000000002,0.018432,506.5227836990804,0.0,-45.07489431737561,-210.7114516596682
revision_queue_envelope,vqc,6,hand_designed,qpu_A,0.27125000000000005,477.2041710200165,0.95,0.0,5.5120000000000005,0.0015359999999999998,477.31404302001664,0.0,-26.132479282960325,-71.6997829236266
revision_queue_envelope,vqc,6,always_simulator,local_sim,0.271875,0.00025600000000000004,0.0,0.0,0.0020480000000000003,0.0,0.00026828800000000004,0.0,-0.2719034928500827,-0.28752899750521593
revision_queue_envelope,vqc,6,classical_only,classical,0.2,0.0010000000000000002,0.0,0.0,0.008000000000000002,0.0,0.001048,0.0,-0.20010644206670686,-0.20015842726350488
revision_queue_envelope,vqc,6,oracle_placement,local_sim,0.125,0.004608,0.0,0.0,0.036864,0.0,0.004829184,0.0,-0.12549364831361187,-0.1505453241986179
revision_queue_envelope,vqc,7,random,local_sim,0.17312500000000003,3.2000000000000005e-05,0.0,0.0,0.00025600000000000004,0.0,3.3536000000000006e-05,0.0,-0.17312862411158547,-0.1750051644564181
revision_queue_envelope,vqc,7,sequential,classical,0.2,0.0010000000000000002,0.0,0.0,0.008000000000000002,0.0,0.001048,0.0,-0.2001081563269073,-0.20014512297159784
revision_queue_envelope,vqc,7,joint_bo,remote_sim,0.174375,0.03386442039334203,0.0,0.0,2.3999999999999997e-05,9.6e-13,0.03386456444134203,0.0,-0.17609563509425186,-0.1780382378370565
revision_queue_envelope,vqc,7,joint_mf,local_sim,0.175,6.400000000000001e-05,0.0,0.0,0.0005120000000000001,0.0,6.707200000000001e-05,0.0,-0.17500724822317093,-0.1750103180808754
revision_queue_envelope,vqc,7,accuracy_only,qpu_A,0.15812499999999996,418.3505906646989,0.75,0.0,5.384,0.001152,418.440494664699,0.0,-30.353872534521212,-51.26779900682658
revision_queue_envelope,vqc,7,hand_designed,qpu_A,0.20437500000000003,583.6226223470037,0.65,0.0,5.5120000000000005,0.0015359999999999998,583.7324943470037,0.0,-44.70685350389091,-83.21904528240904
revision_queue_envelope,vqc,7,always_simulator,local_sim,0.20875,0.00025600000000000004,0.0,0.0,0.0020480000000000003,0.0,0.00026828800000000004,0.0,-0.20877600363467716,-0.21378575716067538
revision_queue_envelope,vqc,7,classical_only,classical,0.2,0.0010000000000000002,0.0,0.0,0.008000000000000002,0.0,0.001048,0.0,-0.2001081563269073,-0.20014512297159784
revision_queue_envelope,vqc,7,oracle_placement,local_sim,0.174375,0.00038399999999999996,0.0,0.0,0.0030719999999999996,0.0,0.00040243200000000004,0.0,-0.1744140054520158,-0.17505264123460462
revision_queue_envelope,vqc,8,random,classical,0.125,0.0010000000000000002,0.0,0.0,0.008000000000000002,0.0,0.001048,0.0,-0.12509658830302342,-0.12513488052802754
revision_queue_envelope,vqc,8,sequential,remote_sim,0.08875,0.048160769171012016,0.0,0.0,0.00019199999999999998,7.68e-12,0.04816192155501202,0.0,-0.0916485945442846,-0.09661227861224364
revision_queue_envelope,vqc,8,joint_bo,remote_sim,0.11500000000000003,0.049409236424121525,0.0,0.0,8.000000000000001e-06,3.200000000000001e-13,0.049409284440121534,0.0,-0.11832991921452367,-0.12781241757966663
revision_queue_envelope,vqc,8,joint_mf,classical,0.125,0.0010000000000000002,0.0,0.0,0.008000000000000002,0.0,0.001048,0.0,-0.12509658830302342,-0.12513488052802754
revision_queue_envelope,vqc,8,accuracy_only,qpu_A,0.10750000000000001,524.9960508345686,0.9,0.2,11.144000000000002,0.018432,525.9845148345686,0.0,-38.97311285711895,-86.75725593599945
revision_queue_envelope,vqc,8,hand_designed,qpu_A,0.10750000000000001,370.34202420245254,0.6,0.0,5.5120000000000005,0.0015359999999999998,370.45189620245253,0.0,-26.95863690712169,-93.54852375891517
revision_queue_envelope,vqc,8,always_simulator,local_sim,0.10812500000000003,0.00025600000000000004,0.0,0.0,0.0020480000000000003,0.0,0.00026828800000000004,0.0,-0.1081544832792942,-0.11379071047877275
revision_queue_envelope,vqc,8,classical_only,classical,0.125,0.0010000000000000002,0.0,0.0,0.008000000000000002,0.0,0.001048,0.0,-0.12509658830302342,-0.12513488052802754
revision_queue_envelope,vqc,8,oracle_placement,remote_sim,0.11500000000000003,0.049409236424121525,0.0,0.0,8.000000000000001e-06,3.200000000000001e-13,0.049409284440121534,0.0,-0.11832991921452367,-0.12781241757966663
revision_queue_envelope,vqc,9,random,remote_sim,0.16375,0.029218139213749755,0.0,0.0,1.6000000000000003e-05,6.400000000000002e-13,0.029218235245749756,0.0,-0.16583377996869667,-0.1672301860726565
revision_queue_envelope,vqc,9,sequential,local_sim,0.14375,0.00025600000000000004,0.0,0.0,0.0020480000000000003,0.0,0.00026828800000000004,0.0,-0.14378131669833255,-0.15128540010200042
revision_queue_envelope,vqc,9,joint_bo,local_sim,0.140625,0.00025600000000000004,0.0,0.0,0.0020480000000000003,0.0,0.00026828800000000004,0.0,-0.14065631669833256,-0.15003441453533942
revision_queue_envelope,vqc,9,joint_mf,remote_sim,0.13374999999999998,0.026497501751994175,0.0,0.0,9.599999999999999e-05,3.84e-12,0.026498077943994176,0.0,-0.135805496341339,-0.15191159737343285
revision_queue_envelope,vqc,9,accuracy_only,remote_sim,0.13374999999999998,0.02649730975199417,0.0,0.0,4.7999999999999994e-05,1.92e-12,0.02649759784799417,0.0,-0.1358051936532223,-0.15191129365741685
revision_queue_envelope,vqc,9,hand_designed,qpu_A,0.15375,572.3546718942542,0.9,0.0,5.5120000000000005,0.0015359999999999998,572.4645438942542,0.0,-27.800166648044332,-83.0384532809098
revision_queue_envelope,vqc,9,always_simulator,local_sim,0.153125,0.00025600000000000004,0.0,0.0,0.0020480000000000003,0.0,0.00026828800000000004,0.0,-0.15315631669833266,-0.16254132776212954
revision_queue_envelope,vqc,9,classical_only,classical,0.1875,0.0010000000000000002,0.0,0.0,0.008000000000000002,0.0,0.001048,0.0,-0.1876087191103207,-0.18764382070513808
revision_queue_envelope,vqc,9,oracle_placement,local_sim,0.140625,0.00025600000000000004,0.0,0.0,0.0020480000000000003,0.0,0.00026828800000000004,0.0,-0.14065631669833256,-0.15003441453533942
revision_queue_envelope,vqc,10,random,classical,0.1875,0.0010000000000000002,0.0,0.0,0.008000000000000002,0.0,0.001048,0.0,-0.18761150551061792,-0.18764882473091404
revision_queue_envelope,vqc,10,sequential,local_sim,0.134375,0.002304,0.0,0.0,0.018432,0.0,0.002414592,0.0,-0.13463644229508548,-0.15026124183764536
revision_queue_envelope,vqc,10,joint_bo,classical,0.1875,0.0010000000000000002,0.0,0.0,0.008000000000000002,0.0,0.001048,0.0,-0.18761150551061792,-0.18764882473091404
revision_queue_envelope,vqc,10,joint_mf,classical,0.1875,0.0010000000000000002,0.0,0.0,0.008000000000000002,0.0,0.001048,0.0,-0.18761150551061792,-0.18764882473091404
revision_queue_envelope,vqc,10,accuracy_only,local_sim,0.134375,0.002304,0.0,0.0,0.018432,0.0,0.002414592,0.0,-0.13463644229508548,-0.15026124183764536
revision_queue_envelope,vqc,10,hand_designed,qpu_A,0.231875,537.1801575919159,0.85,0.0,5.5120000000000005,0.0015359999999999998,537.2900295919158,0.0,-37.45457195886786,-53.04404212309137
revision_queue_envelope,vqc,10,always_simulator,local_sim,0.22625,0.00025600000000000004,0.0,0.0,0.0020480000000000003,0.0,0.00026828800000000004,0.0,-0.2262782467157471,-0.2387897415756865
revision_queue_envelope,vqc,10,classical_only,classical,0.1875,0.0010000000000000002,0.0,0.0,0.008000000000000002,0.0,0.001048,0.0,-0.18761150551061792,-0.18764882473091404
revision_queue_envelope,vqc,10,oracle_placement,classical,0.1875,0.0010000000000000002,0.0,0.0,0.008000000000000002,0.0,0.001048,0.0,-0.18761150551061792,-0.18764882473091404
revision_queue_envelope,vqc,11,random,remote_sim,0.25875,0.03713560883535046,0.0,0.0,0.00019199999999999998,7.68e-12,0.03713676121935046,0.0,-0.26143887213470124,-0.2679115332874125
revision_queue_envelope,vqc,11,sequential,remote_sim,0.226875,0.037135224835350464,0.0,0.0,9.599999999999999e-05,3.84e-12,0.037135801027350465,0.0,-0.22956326845880964,-0.24120076028110293
revision_queue_envelope,vqc,11,joint_bo,qpu_B,0.25312500000000004,190.85188969054937,0.8,0.0,5.384,0.00038399999999999996,190.90339369054936,0.0,-14.298251216311963,-31.97330774634361
revision_queue_envelope,vqc,11,joint_mf,local_sim,0.26,0.002304,0.0,0.0,0.018432,0.0,0.002414592,0.0,-0.26027549534982364,-0.26286096209470144
revision_queue_envelope,vqc,11,accuracy_only,qpu_A,0.23062499999999994,381.6804133823945,0.9,0.0,5.5120000000000005,0.0015359999999999998,381.7902853823945,0.0,-26.92645284753824,-61.68127581549052
revision_queue_envelope,vqc,11,hand_designed,qpu_A,0.43187500000000006,291.7200351602892,0.7,0.0,5.5120000000000005,0.0015359999999999998,291.8299071602893,0.05,-14.107733332362026,-39.80360874752444
revision_queue_envelope,vqc,11,always_simulator,local_sim,0.42124999999999996,0.00025600000000000004,0.0,0.0,0.0020480000000000003,0.0,0.00026828800000000004,0.0,-0.4212795757890261,-0.43753243044183787
revision_queue_envelope,vqc,11,classical_only,classical,0.2750000000000001,0.0010000000000000002,0.0,0.0,0.008000000000000002,0.0,0.001048,0.0,-0.2751042744765473,-0.2751440894581085
revision_queue_envelope,vqc,11,oracle_placement,remote_sim,0.25125000000000003,0.037135992835350455,0.0,0.0,0.000288,1.1520000000000001e-11,0.03713772141135045,0.0,-0.2539394758105929,-0.2657434357071089
