regime,seed,confirmation_draws,eta,alpha,fallback_loss,certificate_issued,fallback_used,service_violation,action_loss
qpu_opportunity,120,40,0.05,0.01,0.2,False,True,0.0,0.2
qpu_opportunity,120,40,0.05,0.01,0.3,False,True,0.0,0.3
qpu_opportunity,120,40,0.05,0.01,0.4,False,True,0.0,0.4
qpu_opportunity,120,40,0.05,0.05,0.2,False,True,0.0,0.2
qpu_opportunity,120,40,0.05,0.05,0.3,False,True,0.0,0.3
qpu_opportunity,120,40,0.05,0.05,0.4,False,True,0.0,0.4
qpu_opportunity,120,40,0.05,0.1,0.2,False,True,0.0,0.2
qpu_opportunity,120,40,0.05,0.1,0.3,False,True,0.0,0.3
qpu_opportunity,120,40,0.05,0.1,0.4,False,True,0.0,0.4
qpu_opportunity,120,40,0.1,0.01,0.2,False,True,0.0,0.2
qpu_opportunity,120,40,0.1,0.01,0.3,False,True,0.0,0.3
qpu_opportunity,120,40,0.1,0.01,0.4,False,True,0.0,0.4
qpu_opportunity,120,40,0.1,0.05,0.2,False,True,0.0,0.2
qpu_opportunity,120,40,0.1,0.05,0.3,False,True,0.0,0.3
qpu_opportunity,120,40,0.1,0.05,0.4,False,True,0.0,0.4
qpu_opportunity,120,40,0.1,0.1,0.2,True,False,0.05,0.061004897688105686
qpu_opportunity,120,40,0.1,0.1,0.3,True,False,0.05,0.061004897688105686
qpu_opportunity,120,40,0.1,0.1,0.4,True,False,0.05,0.061004897688105686
qpu_opportunity,120,40,0.15,0.01,0.2,True,False,0.05,0.061004897688105686
qpu_opportunity,120,40,0.15,0.01,0.3,True,False,0.05,0.061004897688105686
qpu_opportunity,120,40,0.15,0.01,0.4,True,False,0.05,0.061004897688105686
qpu_opportunity,120,40,0.15,0.05,0.2,True,False,0.05,0.061004897688105686
qpu_opportunity,120,40,0.15,0.05,0.3,True,False,0.05,0.061004897688105686
qpu_opportunity,120,40,0.15,0.05,0.4,True,False,0.05,0.061004897688105686
qpu_opportunity,120,40,0.15,0.1,0.2,True,False,0.05,0.061004897688105686
qpu_opportunity,120,40,0.15,0.1,0.3,True,False,0.05,0.061004897688105686
qpu_opportunity,120,40,0.15,0.1,0.4,True,False,0.05,0.061004897688105686
qpu_opportunity,120,80,0.05,0.01,0.2,False,True,0.0,0.2
qpu_opportunity,120,80,0.05,0.01,0.3,False,True,0.0,0.3
qpu_opportunity,120,80,0.05,0.01,0.4,False,True,0.0,0.4
qpu_opportunity,120,80,0.05,0.05,0.2,False,True,0.0,0.2
qpu_opportunity,120,80,0.05,0.05,0.3,False,True,0.0,0.3
qpu_opportunity,120,80,0.05,0.05,0.4,False,True,0.0,0.4
qpu_opportunity,120,80,0.05,0.1,0.2,False,True,0.0,0.2
qpu_opportunity,120,80,0.05,0.1,0.3,False,True,0.0,0.3
qpu_opportunity,120,80,0.05,0.1,0.4,False,True,0.0,0.4
qpu_opportunity,120,80,0.1,0.01,0.2,False,True,0.0,0.2
qpu_opportunity,120,80,0.1,0.01,0.3,False,True,0.0,0.3
qpu_opportunity,120,80,0.1,0.01,0.4,False,True,0.0,0.4
qpu_opportunity,120,80,0.1,0.05,0.2,False,True,0.0,0.2
qpu_opportunity,120,80,0.1,0.05,0.3,False,True,0.0,0.3
qpu_opportunity,120,80,0.1,0.05,0.4,False,True,0.0,0.4
qpu_opportunity,120,80,0.1,0.1,0.2,True,False,0.05,0.061004897688105686
qpu_opportunity,120,80,0.1,0.1,0.3,True,False,0.05,0.061004897688105686
qpu_opportunity,120,80,0.1,0.1,0.4,True,False,0.05,0.061004897688105686
qpu_opportunity,120,80,0.15,0.01,0.2,True,False,0.05,0.061004897688105686
qpu_opportunity,120,80,0.15,0.01,0.3,True,False,0.05,0.061004897688105686
qpu_opportunity,120,80,0.15,0.01,0.4,True,False,0.05,0.061004897688105686
qpu_opportunity,120,80,0.15,0.05,0.2,True,False,0.05,0.061004897688105686
qpu_opportunity,120,80,0.15,0.05,0.3,True,False,0.05,0.061004897688105686
qpu_opportunity,120,80,0.15,0.05,0.4,True,False,0.05,0.061004897688105686
qpu_opportunity,120,80,0.15,0.1,0.2,True,False,0.05,0.061004897688105686
qpu_opportunity,120,80,0.15,0.1,0.3,True,False,0.05,0.061004897688105686
qpu_opportunity,120,80,0.15,0.1,0.4,True,False,0.05,0.061004897688105686
qpu_opportunity,120,120,0.05,0.01,0.2,False,True,0.0,0.2
qpu_opportunity,120,120,0.05,0.01,0.3,False,True,0.0,0.3
qpu_opportunity,120,120,0.05,0.01,0.4,False,True,0.0,0.4
qpu_opportunity,120,120,0.05,0.05,0.2,False,True,0.0,0.2
qpu_opportunity,120,120,0.05,0.05,0.3,False,True,0.0,0.3
qpu_opportunity,120,120,0.05,0.05,0.4,False,True,0.0,0.4
qpu_opportunity,120,120,0.05,0.1,0.2,False,True,0.0,0.2
qpu_opportunity,120,120,0.05,0.1,0.3,False,True,0.0,0.3
qpu_opportunity,120,120,0.05,0.1,0.4,False,True,0.0,0.4
qpu_opportunity,120,120,0.1,0.01,0.2,False,True,0.0,0.2
qpu_opportunity,120,120,0.1,0.01,0.3,False,True,0.0,0.3
qpu_opportunity,120,120,0.1,0.01,0.4,False,True,0.0,0.4
qpu_opportunity,120,120,0.1,0.05,0.2,True,False,0.05,0.061004897688105686
qpu_opportunity,120,120,0.1,0.05,0.3,True,False,0.05,0.061004897688105686
qpu_opportunity,120,120,0.1,0.05,0.4,True,False,0.05,0.061004897688105686
qpu_opportunity,120,120,0.1,0.1,0.2,True,False,0.05,0.061004897688105686
qpu_opportunity,120,120,0.1,0.1,0.3,True,False,0.05,0.061004897688105686
qpu_opportunity,120,120,0.1,0.1,0.4,True,False,0.05,0.061004897688105686
qpu_opportunity,120,120,0.15,0.01,0.2,True,False,0.05,0.061004897688105686
qpu_opportunity,120,120,0.15,0.01,0.3,True,False,0.05,0.061004897688105686
qpu_opportunity,120,120,0.15,0.01,0.4,True,False,0.05,0.061004897688105686
qpu_opportunity,120,120,0.15,0.05,0.2,True,False,0.05,0.061004897688105686
qpu_opportunity,120,120,0.15,0.05,0.3,True,False,0.05,0.061004897688105686
qpu_opportunity,120,120,0.15,0.05,0.4,True,False,0.05,0.061004897688105686
qpu_opportunity,120,120,0.15,0.1,0.2,True,False,0.05,0.061004897688105686
qpu_opportunity,120,120,0.15,0.1,0.3,True,False,0.05,0.061004897688105686
qpu_opportunity,120,120,0.15,0.1,0.4,True,False,0.05,0.061004897688105686
qpu_opportunity,121,40,0.05,0.01,0.2,False,True,0.0,0.2
qpu_opportunity,121,40,0.05,0.01,0.3,False,True,0.0,0.3
qpu_opportunity,121,40,0.05,0.01,0.4,False,True,0.0,0.4
qpu_opportunity,121,40,0.05,0.05,0.2,False,True,0.0,0.2
qpu_opportunity,121,40,0.05,0.05,0.3,False,True,0.0,0.3
qpu_opportunity,121,40,0.05,0.05,0.4,False,True,0.0,0.4
qpu_opportunity,121,40,0.05,0.1,0.2,False,True,0.0,0.2
qpu_opportunity,121,40,0.05,0.1,0.3,False,True,0.0,0.3
qpu_opportunity,121,40,0.05,0.1,0.4,False,True,0.0,0.4
qpu_opportunity,121,40,0.1,0.01,0.2,False,True,0.0,0.2
qpu_opportunity,121,40,0.1,0.01,0.3,False,True,0.0,0.3
qpu_opportunity,121,40,0.1,0.01,0.4,False,True,0.0,0.4
qpu_opportunity,121,40,0.1,0.05,0.2,False,True,0.0,0.2
qpu_opportunity,121,40,0.1,0.05,0.3,False,True,0.0,0.3
qpu_opportunity,121,40,0.1,0.05,0.4,False,True,0.0,0.4
qpu_opportunity,121,40,0.1,0.1,0.2,False,True,0.0,0.2
qpu_opportunity,121,40,0.1,0.1,0.3,False,True,0.0,0.3
qpu_opportunity,121,40,0.1,0.1,0.4,False,True,0.0,0.4
qpu_opportunity,121,40,0.15,0.01,0.2,False,True,0.0,0.2
qpu_opportunity,121,40,0.15,0.01,0.3,False,True,0.0,0.3
qpu_opportunity,121,40,0.15,0.01,0.4,False,True,0.0,0.4
qpu_opportunity,121,40,0.15,0.05,0.2,False,True,0.0,0.2
qpu_opportunity,121,40,0.15,0.05,0.3,False,True,0.0,0.3
qpu_opportunity,121,40,0.15,0.05,0.4,False,True,0.0,0.4
qpu_opportunity,121,40,0.15,0.1,0.2,False,True,0.0,0.2
qpu_opportunity,121,40,0.15,0.1,0.3,False,True,0.0,0.3
qpu_opportunity,121,40,0.15,0.1,0.4,False,True,0.0,0.4
qpu_opportunity,121,80,0.05,0.01,0.2,False,True,0.0,0.2
qpu_opportunity,121,80,0.05,0.01,0.3,False,True,0.0,0.3
qpu_opportunity,121,80,0.05,0.01,0.4,False,True,0.0,0.4
qpu_opportunity,121,80,0.05,0.05,0.2,False,True,0.0,0.2
qpu_opportunity,121,80,0.05,0.05,0.3,False,True,0.0,0.3
qpu_opportunity,121,80,0.05,0.05,0.4,False,True,0.0,0.4
qpu_opportunity,121,80,0.05,0.1,0.2,False,True,0.0,0.2
qpu_opportunity,121,80,0.05,0.1,0.3,False,True,0.0,0.3
qpu_opportunity,121,80,0.05,0.1,0.4,False,True,0.0,0.4
qpu_opportunity,121,80,0.1,0.01,0.2,False,True,0.0,0.2
qpu_opportunity,121,80,0.1,0.01,0.3,False,True,0.0,0.3
qpu_opportunity,121,80,0.1,0.01,0.4,False,True,0.0,0.4
qpu_opportunity,121,80,0.1,0.05,0.2,False,True,0.0,0.2
qpu_opportunity,121,80,0.1,0.05,0.3,False,True,0.0,0.3
qpu_opportunity,121,80,0.1,0.05,0.4,False,True,0.0,0.4
qpu_opportunity,121,80,0.1,0.1,0.2,False,True,0.0,0.2
qpu_opportunity,121,80,0.1,0.1,0.3,False,True,0.0,0.3
qpu_opportunity,121,80,0.1,0.1,0.4,False,True,0.0,0.4
qpu_opportunity,121,80,0.15,0.01,0.2,False,True,0.0,0.2
qpu_opportunity,121,80,0.15,0.01,0.3,False,True,0.0,0.3
qpu_opportunity,121,80,0.15,0.01,0.4,False,True,0.0,0.4
qpu_opportunity,121,80,0.15,0.05,0.2,False,True,0.0,0.2
qpu_opportunity,121,80,0.15,0.05,0.3,False,True,0.0,0.3
qpu_opportunity,121,80,0.15,0.05,0.4,False,True,0.0,0.4
qpu_opportunity,121,80,0.15,0.1,0.2,False,True,0.0,0.2
qpu_opportunity,121,80,0.15,0.1,0.3,False,True,0.0,0.3
qpu_opportunity,121,80,0.15,0.1,0.4,False,True,0.0,0.4
qpu_opportunity,121,120,0.05,0.01,0.2,False,True,0.0,0.2
qpu_opportunity,121,120,0.05,0.01,0.3,False,True,0.0,0.3
qpu_opportunity,121,120,0.05,0.01,0.4,False,True,0.0,0.4
qpu_opportunity,121,120,0.05,0.05,0.2,False,True,0.0,0.2
qpu_opportunity,121,120,0.05,0.05,0.3,False,True,0.0,0.3
qpu_opportunity,121,120,0.05,0.05,0.4,False,True,0.0,0.4
qpu_opportunity,121,120,0.05,0.1,0.2,False,True,0.0,0.2
qpu_opportunity,121,120,0.05,0.1,0.3,False,True,0.0,0.3
qpu_opportunity,121,120,0.05,0.1,0.4,False,True,0.0,0.4
qpu_opportunity,121,120,0.1,0.01,0.2,False,True,0.0,0.2
qpu_opportunity,121,120,0.1,0.01,0.3,False,True,0.0,0.3
qpu_opportunity,121,120,0.1,0.01,0.4,False,True,0.0,0.4
qpu_opportunity,121,120,0.1,0.05,0.2,False,True,0.0,0.2
qpu_opportunity,121,120,0.1,0.05,0.3,False,True,0.0,0.3
qpu_opportunity,121,120,0.1,0.05,0.4,False,True,0.0,0.4
qpu_opportunity,121,120,0.1,0.1,0.2,False,True,0.0,0.2
qpu_opportunity,121,120,0.1,0.1,0.3,False,True,0.0,0.3
qpu_opportunity,121,120,0.1,0.1,0.4,False,True,0.0,0.4
qpu_opportunity,121,120,0.15,0.01,0.2,False,True,0.0,0.2
qpu_opportunity,121,120,0.15,0.01,0.3,False,True,0.0,0.3
qpu_opportunity,121,120,0.15,0.01,0.4,False,True,0.0,0.4
qpu_opportunity,121,120,0.15,0.05,0.2,False,True,0.0,0.2
qpu_opportunity,121,120,0.15,0.05,0.3,False,True,0.0,0.3
qpu_opportunity,121,120,0.15,0.05,0.4,False,True,0.0,0.4
qpu_opportunity,121,120,0.15,0.1,0.2,False,True,0.0,0.2
qpu_opportunity,121,120,0.15,0.1,0.3,False,True,0.0,0.3
qpu_opportunity,121,120,0.15,0.1,0.4,False,True,0.0,0.4
qpu_opportunity,122,40,0.05,0.01,0.2,False,True,0.0,0.2
qpu_opportunity,122,40,0.05,0.01,0.3,False,True,0.0,0.3
qpu_opportunity,122,40,0.05,0.01,0.4,False,True,0.0,0.4
qpu_opportunity,122,40,0.05,0.05,0.2,False,True,0.0,0.2
qpu_opportunity,122,40,0.05,0.05,0.3,False,True,0.0,0.3
qpu_opportunity,122,40,0.05,0.05,0.4,False,True,0.0,0.4
qpu_opportunity,122,40,0.05,0.1,0.2,False,True,0.0,0.2
qpu_opportunity,122,40,0.05,0.1,0.3,False,True,0.0,0.3
qpu_opportunity,122,40,0.05,0.1,0.4,False,True,0.0,0.4
qpu_opportunity,122,40,0.1,0.01,0.2,False,True,0.0,0.2
qpu_opportunity,122,40,0.1,0.01,0.3,False,True,0.0,0.3
qpu_opportunity,122,40,0.1,0.01,0.4,False,True,0.0,0.4
qpu_opportunity,122,40,0.1,0.05,0.2,False,True,0.0,0.2
qpu_opportunity,122,40,0.1,0.05,0.3,False,True,0.0,0.3
qpu_opportunity,122,40,0.1,0.05,0.4,False,True,0.0,0.4
qpu_opportunity,122,40,0.1,0.1,0.2,False,True,0.0,0.2
qpu_opportunity,122,40,0.1,0.1,0.3,False,True,0.0,0.3
qpu_opportunity,122,40,0.1,0.1,0.4,False,True,0.0,0.4
qpu_opportunity,122,40,0.15,0.01,0.2,False,True,0.0,0.2
qpu_opportunity,122,40,0.15,0.01,0.3,False,True,0.0,0.3
qpu_opportunity,122,40,0.15,0.01,0.4,False,True,0.0,0.4
qpu_opportunity,122,40,0.15,0.05,0.2,False,True,0.0,0.2
qpu_opportunity,122,40,0.15,0.05,0.3,False,True,0.0,0.3
qpu_opportunity,122,40,0.15,0.05,0.4,False,True,0.0,0.4
qpu_opportunity,122,40,0.15,0.1,0.2,True,False,0.0,0.023909501867274776
qpu_opportunity,122,40,0.15,0.1,0.3,True,False,0.0,0.023909501867274776
qpu_opportunity,122,40,0.15,0.1,0.4,True,False,0.0,0.023909501867274776
qpu_opportunity,122,80,0.05,0.01,0.2,False,True,0.0,0.2
qpu_opportunity,122,80,0.05,0.01,0.3,False,True,0.0,0.3
qpu_opportunity,122,80,0.05,0.01,0.4,False,True,0.0,0.4
qpu_opportunity,122,80,0.05,0.05,0.2,False,True,0.0,0.2
qpu_opportunity,122,80,0.05,0.05,0.3,False,True,0.0,0.3
qpu_opportunity,122,80,0.05,0.05,0.4,False,True,0.0,0.4
qpu_opportunity,122,80,0.05,0.1,0.2,False,True,0.0,0.2
qpu_opportunity,122,80,0.05,0.1,0.3,False,True,0.0,0.3
qpu_opportunity,122,80,0.05,0.1,0.4,False,True,0.0,0.4
qpu_opportunity,122,80,0.1,0.01,0.2,False,True,0.0,0.2
qpu_opportunity,122,80,0.1,0.01,0.3,False,True,0.0,0.3
qpu_opportunity,122,80,0.1,0.01,0.4,False,True,0.0,0.4
qpu_opportunity,122,80,0.1,0.05,0.2,False,True,0.0,0.2
qpu_opportunity,122,80,0.1,0.05,0.3,False,True,0.0,0.3
qpu_opportunity,122,80,0.1,0.05,0.4,False,True,0.0,0.4
qpu_opportunity,122,80,0.1,0.1,0.2,False,True,0.0,0.2
qpu_opportunity,122,80,0.1,0.1,0.3,False,True,0.0,0.3
qpu_opportunity,122,80,0.1,0.1,0.4,False,True,0.0,0.4
qpu_opportunity,122,80,0.15,0.01,0.2,False,True,0.0,0.2
qpu_opportunity,122,80,0.15,0.01,0.3,False,True,0.0,0.3
qpu_opportunity,122,80,0.15,0.01,0.4,False,True,0.0,0.4
qpu_opportunity,122,80,0.15,0.05,0.2,True,False,0.0,0.023909501867274776
qpu_opportunity,122,80,0.15,0.05,0.3,True,False,0.0,0.023909501867274776
qpu_opportunity,122,80,0.15,0.05,0.4,True,False,0.0,0.023909501867274776
qpu_opportunity,122,80,0.15,0.1,0.2,True,False,0.0,0.023909501867274776
qpu_opportunity,122,80,0.15,0.1,0.3,True,False,0.0,0.023909501867274776
qpu_opportunity,122,80,0.15,0.1,0.4,True,False,0.0,0.023909501867274776
qpu_opportunity,122,120,0.05,0.01,0.2,False,True,0.0,0.2
qpu_opportunity,122,120,0.05,0.01,0.3,False,True,0.0,0.3
qpu_opportunity,122,120,0.05,0.01,0.4,False,True,0.0,0.4
qpu_opportunity,122,120,0.05,0.05,0.2,False,True,0.0,0.2
qpu_opportunity,122,120,0.05,0.05,0.3,False,True,0.0,0.3
qpu_opportunity,122,120,0.05,0.05,0.4,False,True,0.0,0.4
qpu_opportunity,122,120,0.05,0.1,0.2,False,True,0.0,0.2
qpu_opportunity,122,120,0.05,0.1,0.3,False,True,0.0,0.3
qpu_opportunity,122,120,0.05,0.1,0.4,False,True,0.0,0.4
qpu_opportunity,122,120,0.1,0.01,0.2,False,True,0.0,0.2
qpu_opportunity,122,120,0.1,0.01,0.3,False,True,0.0,0.3
qpu_opportunity,122,120,0.1,0.01,0.4,False,True,0.0,0.4
qpu_opportunity,122,120,0.1,0.05,0.2,False,True,0.0,0.2
qpu_opportunity,122,120,0.1,0.05,0.3,False,True,0.0,0.3
qpu_opportunity,122,120,0.1,0.05,0.4,False,True,0.0,0.4
qpu_opportunity,122,120,0.1,0.1,0.2,True,False,0.0,0.023909501867274776
qpu_opportunity,122,120,0.1,0.1,0.3,True,False,0.0,0.023909501867274776
qpu_opportunity,122,120,0.1,0.1,0.4,True,False,0.0,0.023909501867274776
qpu_opportunity,122,120,0.15,0.01,0.2,True,False,0.0,0.023909501867274776
qpu_opportunity,122,120,0.15,0.01,0.3,True,False,0.0,0.023909501867274776
qpu_opportunity,122,120,0.15,0.01,0.4,True,False,0.0,0.023909501867274776
qpu_opportunity,122,120,0.15,0.05,0.2,True,False,0.0,0.023909501867274776
qpu_opportunity,122,120,0.15,0.05,0.3,True,False,0.0,0.023909501867274776
qpu_opportunity,122,120,0.15,0.05,0.4,True,False,0.0,0.023909501867274776
qpu_opportunity,122,120,0.15,0.1,0.2,True,False,0.0,0.023909501867274776
qpu_opportunity,122,120,0.15,0.1,0.3,True,False,0.0,0.023909501867274776
qpu_opportunity,122,120,0.15,0.1,0.4,True,False,0.0,0.023909501867274776
qpu_opportunity,123,40,0.05,0.01,0.2,False,True,0.0,0.2
qpu_opportunity,123,40,0.05,0.01,0.3,False,True,0.0,0.3
qpu_opportunity,123,40,0.05,0.01,0.4,False,True,0.0,0.4
qpu_opportunity,123,40,0.05,0.05,0.2,False,True,0.0,0.2
qpu_opportunity,123,40,0.05,0.05,0.3,False,True,0.0,0.3
qpu_opportunity,123,40,0.05,0.05,0.4,False,True,0.0,0.4
qpu_opportunity,123,40,0.05,0.1,0.2,False,True,0.0,0.2
qpu_opportunity,123,40,0.05,0.1,0.3,False,True,0.0,0.3
qpu_opportunity,123,40,0.05,0.1,0.4,False,True,0.0,0.4
qpu_opportunity,123,40,0.1,0.01,0.2,False,True,0.0,0.2
qpu_opportunity,123,40,0.1,0.01,0.3,False,True,0.0,0.3
qpu_opportunity,123,40,0.1,0.01,0.4,False,True,0.0,0.4
qpu_opportunity,123,40,0.1,0.05,0.2,False,True,0.0,0.2
qpu_opportunity,123,40,0.1,0.05,0.3,False,True,0.0,0.3
qpu_opportunity,123,40,0.1,0.05,0.4,False,True,0.0,0.4
qpu_opportunity,123,40,0.1,0.1,0.2,True,False,0.0,0.001403826716550639
qpu_opportunity,123,40,0.1,0.1,0.3,True,False,0.0,0.001403826716550639
qpu_opportunity,123,40,0.1,0.1,0.4,True,False,0.0,0.001403826716550639
qpu_opportunity,123,40,0.15,0.01,0.2,True,False,0.0,0.001403826716550639
qpu_opportunity,123,40,0.15,0.01,0.3,True,False,0.0,0.001403826716550639
qpu_opportunity,123,40,0.15,0.01,0.4,True,False,0.0,0.001403826716550639
qpu_opportunity,123,40,0.15,0.05,0.2,True,False,0.0,0.001403826716550639
qpu_opportunity,123,40,0.15,0.05,0.3,True,False,0.0,0.001403826716550639
qpu_opportunity,123,40,0.15,0.05,0.4,True,False,0.0,0.001403826716550639
qpu_opportunity,123,40,0.15,0.1,0.2,True,False,0.0,0.001403826716550639
qpu_opportunity,123,40,0.15,0.1,0.3,True,False,0.0,0.001403826716550639
qpu_opportunity,123,40,0.15,0.1,0.4,True,False,0.0,0.001403826716550639
qpu_opportunity,123,80,0.05,0.01,0.2,False,True,0.0,0.2
qpu_opportunity,123,80,0.05,0.01,0.3,False,True,0.0,0.3
qpu_opportunity,123,80,0.05,0.01,0.4,False,True,0.0,0.4
qpu_opportunity,123,80,0.05,0.05,0.2,False,True,0.0,0.2
qpu_opportunity,123,80,0.05,0.05,0.3,False,True,0.0,0.3
qpu_opportunity,123,80,0.05,0.05,0.4,False,True,0.0,0.4
qpu_opportunity,123,80,0.05,0.1,0.2,True,False,0.0,0.001403826716550639
qpu_opportunity,123,80,0.05,0.1,0.3,True,False,0.0,0.001403826716550639
qpu_opportunity,123,80,0.05,0.1,0.4,True,False,0.0,0.001403826716550639
qpu_opportunity,123,80,0.1,0.01,0.2,True,False,0.0,0.001403826716550639
qpu_opportunity,123,80,0.1,0.01,0.3,True,False,0.0,0.001403826716550639
qpu_opportunity,123,80,0.1,0.01,0.4,True,False,0.0,0.001403826716550639
qpu_opportunity,123,80,0.1,0.05,0.2,True,False,0.0,0.001403826716550639
qpu_opportunity,123,80,0.1,0.05,0.3,True,False,0.0,0.001403826716550639
qpu_opportunity,123,80,0.1,0.05,0.4,True,False,0.0,0.001403826716550639
qpu_opportunity,123,80,0.1,0.1,0.2,True,False,0.0,0.001403826716550639
qpu_opportunity,123,80,0.1,0.1,0.3,True,False,0.0,0.001403826716550639
qpu_opportunity,123,80,0.1,0.1,0.4,True,False,0.0,0.001403826716550639
qpu_opportunity,123,80,0.15,0.01,0.2,True,False,0.0,0.001403826716550639
qpu_opportunity,123,80,0.15,0.01,0.3,True,False,0.0,0.001403826716550639
qpu_opportunity,123,80,0.15,0.01,0.4,True,False,0.0,0.001403826716550639
qpu_opportunity,123,80,0.15,0.05,0.2,True,False,0.0,0.001403826716550639
qpu_opportunity,123,80,0.15,0.05,0.3,True,False,0.0,0.001403826716550639
qpu_opportunity,123,80,0.15,0.05,0.4,True,False,0.0,0.001403826716550639
qpu_opportunity,123,80,0.15,0.1,0.2,True,False,0.0,0.001403826716550639
qpu_opportunity,123,80,0.15,0.1,0.3,True,False,0.0,0.001403826716550639
qpu_opportunity,123,80,0.15,0.1,0.4,True,False,0.0,0.001403826716550639
qpu_opportunity,123,120,0.05,0.01,0.2,False,True,0.0,0.2
qpu_opportunity,123,120,0.05,0.01,0.3,False,True,0.0,0.3
qpu_opportunity,123,120,0.05,0.01,0.4,False,True,0.0,0.4
qpu_opportunity,123,120,0.05,0.05,0.2,True,False,0.0,0.001403826716550639
qpu_opportunity,123,120,0.05,0.05,0.3,True,False,0.0,0.001403826716550639
qpu_opportunity,123,120,0.05,0.05,0.4,True,False,0.0,0.001403826716550639
qpu_opportunity,123,120,0.05,0.1,0.2,True,False,0.0,0.001403826716550639
qpu_opportunity,123,120,0.05,0.1,0.3,True,False,0.0,0.001403826716550639
qpu_opportunity,123,120,0.05,0.1,0.4,True,False,0.0,0.001403826716550639
qpu_opportunity,123,120,0.1,0.01,0.2,True,False,0.0,0.001403826716550639
qpu_opportunity,123,120,0.1,0.01,0.3,True,False,0.0,0.001403826716550639
qpu_opportunity,123,120,0.1,0.01,0.4,True,False,0.0,0.001403826716550639
qpu_opportunity,123,120,0.1,0.05,0.2,True,False,0.0,0.001403826716550639
qpu_opportunity,123,120,0.1,0.05,0.3,True,False,0.0,0.001403826716550639
qpu_opportunity,123,120,0.1,0.05,0.4,True,False,0.0,0.001403826716550639
qpu_opportunity,123,120,0.1,0.1,0.2,True,False,0.0,0.001403826716550639
qpu_opportunity,123,120,0.1,0.1,0.3,True,False,0.0,0.001403826716550639
qpu_opportunity,123,120,0.1,0.1,0.4,True,False,0.0,0.001403826716550639
qpu_opportunity,123,120,0.15,0.01,0.2,True,False,0.0,0.001403826716550639
qpu_opportunity,123,120,0.15,0.01,0.3,True,False,0.0,0.001403826716550639
qpu_opportunity,123,120,0.15,0.01,0.4,True,False,0.0,0.001403826716550639
qpu_opportunity,123,120,0.15,0.05,0.2,True,False,0.0,0.001403826716550639
qpu_opportunity,123,120,0.15,0.05,0.3,True,False,0.0,0.001403826716550639
qpu_opportunity,123,120,0.15,0.05,0.4,True,False,0.0,0.001403826716550639
qpu_opportunity,123,120,0.15,0.1,0.2,True,False,0.0,0.001403826716550639
qpu_opportunity,123,120,0.15,0.1,0.3,True,False,0.0,0.001403826716550639
qpu_opportunity,123,120,0.15,0.1,0.4,True,False,0.0,0.001403826716550639
qpu_opportunity,124,40,0.05,0.01,0.2,False,True,0.0,0.2
qpu_opportunity,124,40,0.05,0.01,0.3,False,True,0.0,0.3
qpu_opportunity,124,40,0.05,0.01,0.4,False,True,0.0,0.4
qpu_opportunity,124,40,0.05,0.05,0.2,False,True,0.0,0.2
qpu_opportunity,124,40,0.05,0.05,0.3,False,True,0.0,0.3
qpu_opportunity,124,40,0.05,0.05,0.4,False,True,0.0,0.4
qpu_opportunity,124,40,0.05,0.1,0.2,False,True,0.0,0.2
qpu_opportunity,124,40,0.05,0.1,0.3,False,True,0.0,0.3
qpu_opportunity,124,40,0.05,0.1,0.4,False,True,0.0,0.4
qpu_opportunity,124,40,0.1,0.01,0.2,False,True,0.0,0.2
qpu_opportunity,124,40,0.1,0.01,0.3,False,True,0.0,0.3
qpu_opportunity,124,40,0.1,0.01,0.4,False,True,0.0,0.4
qpu_opportunity,124,40,0.1,0.05,0.2,False,True,0.0,0.2
qpu_opportunity,124,40,0.1,0.05,0.3,False,True,0.0,0.3
qpu_opportunity,124,40,0.1,0.05,0.4,False,True,0.0,0.4
qpu_opportunity,124,40,0.1,0.1,0.2,False,True,0.0,0.2
qpu_opportunity,124,40,0.1,0.1,0.3,False,True,0.0,0.3
qpu_opportunity,124,40,0.1,0.1,0.4,False,True,0.0,0.4
qpu_opportunity,124,40,0.15,0.01,0.2,False,True,0.0,0.2
qpu_opportunity,124,40,0.15,0.01,0.3,False,True,0.0,0.3
qpu_opportunity,124,40,0.15,0.01,0.4,False,True,0.0,0.4
qpu_opportunity,124,40,0.15,0.05,0.2,False,True,0.0,0.2
qpu_opportunity,124,40,0.15,0.05,0.3,False,True,0.0,0.3
qpu_opportunity,124,40,0.15,0.05,0.4,False,True,0.0,0.4
qpu_opportunity,124,40,0.15,0.1,0.2,False,True,0.0,0.2
qpu_opportunity,124,40,0.15,0.1,0.3,False,True,0.0,0.3
qpu_opportunity,124,40,0.15,0.1,0.4,False,True,0.0,0.4
qpu_opportunity,124,80,0.05,0.01,0.2,False,True,0.0,0.2
qpu_opportunity,124,80,0.05,0.01,0.3,False,True,0.0,0.3
qpu_opportunity,124,80,0.05,0.01,0.4,False,True,0.0,0.4
qpu_opportunity,124,80,0.05,0.05,0.2,False,True,0.0,0.2
qpu_opportunity,124,80,0.05,0.05,0.3,False,True,0.0,0.3
qpu_opportunity,124,80,0.05,0.05,0.4,False,True,0.0,0.4
qpu_opportunity,124,80,0.05,0.1,0.2,False,True,0.0,0.2
qpu_opportunity,124,80,0.05,0.1,0.3,False,True,0.0,0.3
qpu_opportunity,124,80,0.05,0.1,0.4,False,True,0.0,0.4
qpu_opportunity,124,80,0.1,0.01,0.2,False,True,0.0,0.2
qpu_opportunity,124,80,0.1,0.01,0.3,False,True,0.0,0.3
qpu_opportunity,124,80,0.1,0.01,0.4,False,True,0.0,0.4
qpu_opportunity,124,80,0.1,0.05,0.2,False,True,0.0,0.2
qpu_opportunity,124,80,0.1,0.05,0.3,False,True,0.0,0.3
qpu_opportunity,124,80,0.1,0.05,0.4,False,True,0.0,0.4
qpu_opportunity,124,80,0.1,0.1,0.2,False,True,0.0,0.2
qpu_opportunity,124,80,0.1,0.1,0.3,False,True,0.0,0.3
qpu_opportunity,124,80,0.1,0.1,0.4,False,True,0.0,0.4
qpu_opportunity,124,80,0.15,0.01,0.2,False,True,0.0,0.2
qpu_opportunity,124,80,0.15,0.01,0.3,False,True,0.0,0.3
qpu_opportunity,124,80,0.15,0.01,0.4,False,True,0.0,0.4
qpu_opportunity,124,80,0.15,0.05,0.2,False,True,0.0,0.2
qpu_opportunity,124,80,0.15,0.05,0.3,False,True,0.0,0.3
qpu_opportunity,124,80,0.15,0.05,0.4,False,True,0.0,0.4
qpu_opportunity,124,80,0.15,0.1,0.2,True,False,0.05,0.11853508587386634
qpu_opportunity,124,80,0.15,0.1,0.3,True,False,0.05,0.11853508587386634
qpu_opportunity,124,80,0.15,0.1,0.4,True,False,0.05,0.11853508587386634
qpu_opportunity,124,120,0.05,0.01,0.2,False,True,0.0,0.2
qpu_opportunity,124,120,0.05,0.01,0.3,False,True,0.0,0.3
qpu_opportunity,124,120,0.05,0.01,0.4,False,True,0.0,0.4
qpu_opportunity,124,120,0.05,0.05,0.2,False,True,0.0,0.2
qpu_opportunity,124,120,0.05,0.05,0.3,False,True,0.0,0.3
qpu_opportunity,124,120,0.05,0.05,0.4,False,True,0.0,0.4
qpu_opportunity,124,120,0.05,0.1,0.2,False,True,0.0,0.2
qpu_opportunity,124,120,0.05,0.1,0.3,False,True,0.0,0.3
qpu_opportunity,124,120,0.05,0.1,0.4,False,True,0.0,0.4
qpu_opportunity,124,120,0.1,0.01,0.2,False,True,0.0,0.2
qpu_opportunity,124,120,0.1,0.01,0.3,False,True,0.0,0.3
qpu_opportunity,124,120,0.1,0.01,0.4,False,True,0.0,0.4
qpu_opportunity,124,120,0.1,0.05,0.2,False,True,0.0,0.2
qpu_opportunity,124,120,0.1,0.05,0.3,False,True,0.0,0.3
qpu_opportunity,124,120,0.1,0.05,0.4,False,True,0.0,0.4
qpu_opportunity,124,120,0.1,0.1,0.2,False,True,0.0,0.2
qpu_opportunity,124,120,0.1,0.1,0.3,False,True,0.0,0.3
qpu_opportunity,124,120,0.1,0.1,0.4,False,True,0.0,0.4
qpu_opportunity,124,120,0.15,0.01,0.2,True,False,0.05,0.11853508587386634
qpu_opportunity,124,120,0.15,0.01,0.3,True,False,0.05,0.11853508587386634
qpu_opportunity,124,120,0.15,0.01,0.4,True,False,0.05,0.11853508587386634
qpu_opportunity,124,120,0.15,0.05,0.2,True,False,0.05,0.11853508587386634
qpu_opportunity,124,120,0.15,0.05,0.3,True,False,0.05,0.11853508587386634
qpu_opportunity,124,120,0.15,0.05,0.4,True,False,0.05,0.11853508587386634
qpu_opportunity,124,120,0.15,0.1,0.2,True,False,0.05,0.11853508587386634
qpu_opportunity,124,120,0.15,0.1,0.3,True,False,0.05,0.11853508587386634
qpu_opportunity,124,120,0.15,0.1,0.4,True,False,0.05,0.11853508587386634
qpu_opportunity,125,40,0.05,0.01,0.2,False,True,0.0,0.2
qpu_opportunity,125,40,0.05,0.01,0.3,False,True,0.0,0.3
qpu_opportunity,125,40,0.05,0.01,0.4,False,True,0.0,0.4
qpu_opportunity,125,40,0.05,0.05,0.2,False,True,0.0,0.2
qpu_opportunity,125,40,0.05,0.05,0.3,False,True,0.0,0.3
qpu_opportunity,125,40,0.05,0.05,0.4,False,True,0.0,0.4
qpu_opportunity,125,40,0.05,0.1,0.2,False,True,0.0,0.2
qpu_opportunity,125,40,0.05,0.1,0.3,False,True,0.0,0.3
qpu_opportunity,125,40,0.05,0.1,0.4,False,True,0.0,0.4
qpu_opportunity,125,40,0.1,0.01,0.2,False,True,0.0,0.2
qpu_opportunity,125,40,0.1,0.01,0.3,False,True,0.0,0.3
qpu_opportunity,125,40,0.1,0.01,0.4,False,True,0.0,0.4
qpu_opportunity,125,40,0.1,0.05,0.2,False,True,0.0,0.2
qpu_opportunity,125,40,0.1,0.05,0.3,False,True,0.0,0.3
qpu_opportunity,125,40,0.1,0.05,0.4,False,True,0.0,0.4
qpu_opportunity,125,40,0.1,0.1,0.2,True,False,0.0,0.004778053650402686
qpu_opportunity,125,40,0.1,0.1,0.3,True,False,0.0,0.004778053650402686
qpu_opportunity,125,40,0.1,0.1,0.4,True,False,0.0,0.004778053650402686
qpu_opportunity,125,40,0.15,0.01,0.2,True,False,0.0,0.004778053650402686
qpu_opportunity,125,40,0.15,0.01,0.3,True,False,0.0,0.004778053650402686
qpu_opportunity,125,40,0.15,0.01,0.4,True,False,0.0,0.004778053650402686
qpu_opportunity,125,40,0.15,0.05,0.2,True,False,0.0,0.004778053650402686
qpu_opportunity,125,40,0.15,0.05,0.3,True,False,0.0,0.004778053650402686
qpu_opportunity,125,40,0.15,0.05,0.4,True,False,0.0,0.004778053650402686
qpu_opportunity,125,40,0.15,0.1,0.2,True,False,0.0,0.004778053650402686
qpu_opportunity,125,40,0.15,0.1,0.3,True,False,0.0,0.004778053650402686
qpu_opportunity,125,40,0.15,0.1,0.4,True,False,0.0,0.004778053650402686
qpu_opportunity,125,80,0.05,0.01,0.2,False,True,0.0,0.2
qpu_opportunity,125,80,0.05,0.01,0.3,False,True,0.0,0.3
qpu_opportunity,125,80,0.05,0.01,0.4,False,True,0.0,0.4
qpu_opportunity,125,80,0.05,0.05,0.2,False,True,0.0,0.2
qpu_opportunity,125,80,0.05,0.05,0.3,False,True,0.0,0.3
qpu_opportunity,125,80,0.05,0.05,0.4,False,True,0.0,0.4
qpu_opportunity,125,80,0.05,0.1,0.2,False,True,0.0,0.2
qpu_opportunity,125,80,0.05,0.1,0.3,False,True,0.0,0.3
qpu_opportunity,125,80,0.05,0.1,0.4,False,True,0.0,0.4
qpu_opportunity,125,80,0.1,0.01,0.2,False,True,0.0,0.2
qpu_opportunity,125,80,0.1,0.01,0.3,False,True,0.0,0.3
qpu_opportunity,125,80,0.1,0.01,0.4,False,True,0.0,0.4
qpu_opportunity,125,80,0.1,0.05,0.2,True,False,0.0,0.004778053650402686
qpu_opportunity,125,80,0.1,0.05,0.3,True,False,0.0,0.004778053650402686
qpu_opportunity,125,80,0.1,0.05,0.4,True,False,0.0,0.004778053650402686
qpu_opportunity,125,80,0.1,0.1,0.2,True,False,0.0,0.004778053650402686
qpu_opportunity,125,80,0.1,0.1,0.3,True,False,0.0,0.004778053650402686
qpu_opportunity,125,80,0.1,0.1,0.4,True,False,0.0,0.004778053650402686
qpu_opportunity,125,80,0.15,0.01,0.2,True,False,0.0,0.004778053650402686
qpu_opportunity,125,80,0.15,0.01,0.3,True,False,0.0,0.004778053650402686
qpu_opportunity,125,80,0.15,0.01,0.4,True,False,0.0,0.004778053650402686
qpu_opportunity,125,80,0.15,0.05,0.2,True,False,0.0,0.004778053650402686
qpu_opportunity,125,80,0.15,0.05,0.3,True,False,0.0,0.004778053650402686
qpu_opportunity,125,80,0.15,0.05,0.4,True,False,0.0,0.004778053650402686
qpu_opportunity,125,80,0.15,0.1,0.2,True,False,0.0,0.004778053650402686
qpu_opportunity,125,80,0.15,0.1,0.3,True,False,0.0,0.004778053650402686
qpu_opportunity,125,80,0.15,0.1,0.4,True,False,0.0,0.004778053650402686
qpu_opportunity,125,120,0.05,0.01,0.2,False,True,0.0,0.2
qpu_opportunity,125,120,0.05,0.01,0.3,False,True,0.0,0.3
qpu_opportunity,125,120,0.05,0.01,0.4,False,True,0.0,0.4
qpu_opportunity,125,120,0.05,0.05,0.2,False,True,0.0,0.2
qpu_opportunity,125,120,0.05,0.05,0.3,False,True,0.0,0.3
qpu_opportunity,125,120,0.05,0.05,0.4,False,True,0.0,0.4
qpu_opportunity,125,120,0.05,0.1,0.2,False,True,0.0,0.2
qpu_opportunity,125,120,0.05,0.1,0.3,False,True,0.0,0.3
qpu_opportunity,125,120,0.05,0.1,0.4,False,True,0.0,0.4
qpu_opportunity,125,120,0.1,0.01,0.2,True,False,0.0,0.004778053650402686
qpu_opportunity,125,120,0.1,0.01,0.3,True,False,0.0,0.004778053650402686
qpu_opportunity,125,120,0.1,0.01,0.4,True,False,0.0,0.004778053650402686
qpu_opportunity,125,120,0.1,0.05,0.2,True,False,0.0,0.004778053650402686
qpu_opportunity,125,120,0.1,0.05,0.3,True,False,0.0,0.004778053650402686
qpu_opportunity,125,120,0.1,0.05,0.4,True,False,0.0,0.004778053650402686
qpu_opportunity,125,120,0.1,0.1,0.2,True,False,0.0,0.004778053650402686
qpu_opportunity,125,120,0.1,0.1,0.3,True,False,0.0,0.004778053650402686
qpu_opportunity,125,120,0.1,0.1,0.4,True,False,0.0,0.004778053650402686
qpu_opportunity,125,120,0.15,0.01,0.2,True,False,0.0,0.004778053650402686
qpu_opportunity,125,120,0.15,0.01,0.3,True,False,0.0,0.004778053650402686
qpu_opportunity,125,120,0.15,0.01,0.4,True,False,0.0,0.004778053650402686
qpu_opportunity,125,120,0.15,0.05,0.2,True,False,0.0,0.004778053650402686
qpu_opportunity,125,120,0.15,0.05,0.3,True,False,0.0,0.004778053650402686
qpu_opportunity,125,120,0.15,0.05,0.4,True,False,0.0,0.004778053650402686
qpu_opportunity,125,120,0.15,0.1,0.2,True,False,0.0,0.004778053650402686
qpu_opportunity,125,120,0.15,0.1,0.3,True,False,0.0,0.004778053650402686
qpu_opportunity,125,120,0.15,0.1,0.4,True,False,0.0,0.004778053650402686
qpu_opportunity,126,40,0.05,0.01,0.2,False,True,0.0,0.2
qpu_opportunity,126,40,0.05,0.01,0.3,False,True,0.0,0.3
qpu_opportunity,126,40,0.05,0.01,0.4,False,True,0.0,0.4
qpu_opportunity,126,40,0.05,0.05,0.2,False,True,0.0,0.2
qpu_opportunity,126,40,0.05,0.05,0.3,False,True,0.0,0.3
qpu_opportunity,126,40,0.05,0.05,0.4,False,True,0.0,0.4
qpu_opportunity,126,40,0.05,0.1,0.2,False,True,0.0,0.2
qpu_opportunity,126,40,0.05,0.1,0.3,False,True,0.0,0.3
qpu_opportunity,126,40,0.05,0.1,0.4,False,True,0.0,0.4
qpu_opportunity,126,40,0.1,0.01,0.2,False,True,0.0,0.2
qpu_opportunity,126,40,0.1,0.01,0.3,False,True,0.0,0.3
qpu_opportunity,126,40,0.1,0.01,0.4,False,True,0.0,0.4
qpu_opportunity,126,40,0.1,0.05,0.2,False,True,0.0,0.2
qpu_opportunity,126,40,0.1,0.05,0.3,False,True,0.0,0.3
qpu_opportunity,126,40,0.1,0.05,0.4,False,True,0.0,0.4
qpu_opportunity,126,40,0.1,0.1,0.2,True,False,0.0,0.019922074756900988
qpu_opportunity,126,40,0.1,0.1,0.3,True,False,0.0,0.019922074756900988
qpu_opportunity,126,40,0.1,0.1,0.4,True,False,0.0,0.019922074756900988
qpu_opportunity,126,40,0.15,0.01,0.2,True,False,0.0,0.019922074756900988
qpu_opportunity,126,40,0.15,0.01,0.3,True,False,0.0,0.019922074756900988
qpu_opportunity,126,40,0.15,0.01,0.4,True,False,0.0,0.019922074756900988
qpu_opportunity,126,40,0.15,0.05,0.2,True,False,0.0,0.019922074756900988
qpu_opportunity,126,40,0.15,0.05,0.3,True,False,0.0,0.019922074756900988
qpu_opportunity,126,40,0.15,0.05,0.4,True,False,0.0,0.019922074756900988
qpu_opportunity,126,40,0.15,0.1,0.2,True,False,0.0,0.019922074756900988
qpu_opportunity,126,40,0.15,0.1,0.3,True,False,0.0,0.019922074756900988
qpu_opportunity,126,40,0.15,0.1,0.4,True,False,0.0,0.019922074756900988
qpu_opportunity,126,80,0.05,0.01,0.2,False,True,0.0,0.2
qpu_opportunity,126,80,0.05,0.01,0.3,False,True,0.0,0.3
qpu_opportunity,126,80,0.05,0.01,0.4,False,True,0.0,0.4
qpu_opportunity,126,80,0.05,0.05,0.2,False,True,0.0,0.2
qpu_opportunity,126,80,0.05,0.05,0.3,False,True,0.0,0.3
qpu_opportunity,126,80,0.05,0.05,0.4,False,True,0.0,0.4
qpu_opportunity,126,80,0.05,0.1,0.2,False,True,0.0,0.2
qpu_opportunity,126,80,0.05,0.1,0.3,False,True,0.0,0.3
qpu_opportunity,126,80,0.05,0.1,0.4,True,False,0.0,0.3430571685996129
qpu_opportunity,126,80,0.1,0.01,0.2,False,True,0.0,0.2
qpu_opportunity,126,80,0.1,0.01,0.3,False,True,0.0,0.3
qpu_opportunity,126,80,0.1,0.01,0.4,True,False,0.0,0.3430571685996129
qpu_opportunity,126,80,0.1,0.05,0.2,False,True,0.0,0.2
qpu_opportunity,126,80,0.1,0.05,0.3,False,True,0.0,0.3
qpu_opportunity,126,80,0.1,0.05,0.4,True,False,0.0,0.3486573482993635
qpu_opportunity,126,80,0.1,0.1,0.2,False,True,0.0,0.2
qpu_opportunity,126,80,0.1,0.1,0.3,False,True,0.0,0.3
qpu_opportunity,126,80,0.1,0.1,0.4,True,False,0.0,0.3486573482993635
qpu_opportunity,126,80,0.15,0.01,0.2,True,False,0.0,0.019922074756900988
qpu_opportunity,126,80,0.15,0.01,0.3,True,False,0.0,0.019922074756900988
qpu_opportunity,126,80,0.15,0.01,0.4,True,False,0.0,0.019922074756900988
qpu_opportunity,126,80,0.15,0.05,0.2,True,False,0.0,0.019922074756900988
qpu_opportunity,126,80,0.15,0.05,0.3,True,False,0.0,0.019922074756900988
qpu_opportunity,126,80,0.15,0.05,0.4,True,False,0.0,0.019922074756900988
qpu_opportunity,126,80,0.15,0.1,0.2,True,False,0.0,0.019922074756900988
qpu_opportunity,126,80,0.15,0.1,0.3,True,False,0.0,0.019922074756900988
qpu_opportunity,126,80,0.15,0.1,0.4,True,False,0.0,0.019922074756900988
qpu_opportunity,126,120,0.05,0.01,0.2,False,True,0.0,0.2
qpu_opportunity,126,120,0.05,0.01,0.3,False,True,0.0,0.3
qpu_opportunity,126,120,0.05,0.01,0.4,False,True,0.0,0.4
qpu_opportunity,126,120,0.05,0.05,0.2,False,True,0.0,0.2
qpu_opportunity,126,120,0.05,0.05,0.3,False,True,0.0,0.3
qpu_opportunity,126,120,0.05,0.05,0.4,True,False,0.0,0.3430571685996129
qpu_opportunity,126,120,0.05,0.1,0.2,False,True,0.0,0.2
qpu_opportunity,126,120,0.05,0.1,0.3,False,True,0.0,0.3
qpu_opportunity,126,120,0.05,0.1,0.4,True,False,0.0,0.3486573482993635
qpu_opportunity,126,120,0.1,0.01,0.2,False,True,0.0,0.2
qpu_opportunity,126,120,0.1,0.01,0.3,False,True,0.0,0.3
qpu_opportunity,126,120,0.1,0.01,0.4,True,False,0.0,0.3486573482993635
qpu_opportunity,126,120,0.1,0.05,0.2,True,False,0.0,0.019922074756900988
qpu_opportunity,126,120,0.1,0.05,0.3,True,False,0.0,0.019922074756900988
qpu_opportunity,126,120,0.1,0.05,0.4,True,False,0.0,0.019922074756900988
qpu_opportunity,126,120,0.1,0.1,0.2,True,False,0.0,0.019922074756900988
qpu_opportunity,126,120,0.1,0.1,0.3,True,False,0.0,0.019922074756900988
qpu_opportunity,126,120,0.1,0.1,0.4,True,False,0.0,0.019922074756900988
qpu_opportunity,126,120,0.15,0.01,0.2,True,False,0.0,0.019922074756900988
qpu_opportunity,126,120,0.15,0.01,0.3,True,False,0.0,0.019922074756900988
qpu_opportunity,126,120,0.15,0.01,0.4,True,False,0.0,0.019922074756900988
qpu_opportunity,126,120,0.15,0.05,0.2,True,False,0.0,0.019922074756900988
qpu_opportunity,126,120,0.15,0.05,0.3,True,False,0.0,0.019922074756900988
qpu_opportunity,126,120,0.15,0.05,0.4,True,False,0.0,0.019922074756900988
qpu_opportunity,126,120,0.15,0.1,0.2,True,False,0.0,0.019922074756900988
qpu_opportunity,126,120,0.15,0.1,0.3,True,False,0.0,0.019922074756900988
qpu_opportunity,126,120,0.15,0.1,0.4,True,False,0.0,0.019922074756900988
qpu_opportunity,127,40,0.05,0.01,0.2,False,True,0.0,0.2
qpu_opportunity,127,40,0.05,0.01,0.3,False,True,0.0,0.3
qpu_opportunity,127,40,0.05,0.01,0.4,False,True,0.0,0.4
qpu_opportunity,127,40,0.05,0.05,0.2,False,True,0.0,0.2
qpu_opportunity,127,40,0.05,0.05,0.3,False,True,0.0,0.3
qpu_opportunity,127,40,0.05,0.05,0.4,False,True,0.0,0.4
qpu_opportunity,127,40,0.05,0.1,0.2,False,True,0.0,0.2
qpu_opportunity,127,40,0.05,0.1,0.3,False,True,0.0,0.3
qpu_opportunity,127,40,0.05,0.1,0.4,False,True,0.0,0.4
qpu_opportunity,127,40,0.1,0.01,0.2,False,True,0.0,0.2
qpu_opportunity,127,40,0.1,0.01,0.3,False,True,0.0,0.3
qpu_opportunity,127,40,0.1,0.01,0.4,False,True,0.0,0.4
qpu_opportunity,127,40,0.1,0.05,0.2,False,True,0.0,0.2
qpu_opportunity,127,40,0.1,0.05,0.3,False,True,0.0,0.3
qpu_opportunity,127,40,0.1,0.05,0.4,False,True,0.0,0.4
qpu_opportunity,127,40,0.1,0.1,0.2,True,False,0.0,0.025892271537246537
qpu_opportunity,127,40,0.1,0.1,0.3,True,False,0.0,0.025892271537246537
qpu_opportunity,127,40,0.1,0.1,0.4,True,False,0.0,0.025892271537246537
qpu_opportunity,127,40,0.15,0.01,0.2,True,False,0.0,0.025892271537246537
qpu_opportunity,127,40,0.15,0.01,0.3,True,False,0.0,0.025892271537246537
qpu_opportunity,127,40,0.15,0.01,0.4,True,False,0.0,0.025892271537246537
qpu_opportunity,127,40,0.15,0.05,0.2,True,False,0.0,0.025892271537246537
qpu_opportunity,127,40,0.15,0.05,0.3,True,False,0.0,0.025892271537246537
qpu_opportunity,127,40,0.15,0.05,0.4,True,False,0.0,0.025892271537246537
qpu_opportunity,127,40,0.15,0.1,0.2,True,False,0.0,0.025892271537246537
qpu_opportunity,127,40,0.15,0.1,0.3,True,False,0.0,0.025892271537246537
qpu_opportunity,127,40,0.15,0.1,0.4,True,False,0.0,0.025892271537246537
qpu_opportunity,127,80,0.05,0.01,0.2,False,True,0.0,0.2
qpu_opportunity,127,80,0.05,0.01,0.3,False,True,0.0,0.3
qpu_opportunity,127,80,0.05,0.01,0.4,False,True,0.0,0.4
qpu_opportunity,127,80,0.05,0.05,0.2,False,True,0.0,0.2
qpu_opportunity,127,80,0.05,0.05,0.3,False,True,0.0,0.3
qpu_opportunity,127,80,0.05,0.05,0.4,False,True,0.0,0.4
qpu_opportunity,127,80,0.05,0.1,0.2,False,True,0.0,0.2
qpu_opportunity,127,80,0.05,0.1,0.3,False,True,0.0,0.3
qpu_opportunity,127,80,0.05,0.1,0.4,False,True,0.0,0.4
qpu_opportunity,127,80,0.1,0.01,0.2,False,True,0.0,0.2
qpu_opportunity,127,80,0.1,0.01,0.3,False,True,0.0,0.3
qpu_opportunity,127,80,0.1,0.01,0.4,False,True,0.0,0.4
qpu_opportunity,127,80,0.1,0.05,0.2,True,False,0.0,0.025892271537246537
qpu_opportunity,127,80,0.1,0.05,0.3,True,False,0.0,0.025892271537246537
qpu_opportunity,127,80,0.1,0.05,0.4,True,False,0.0,0.025892271537246537
qpu_opportunity,127,80,0.1,0.1,0.2,True,False,0.0,0.025892271537246537
qpu_opportunity,127,80,0.1,0.1,0.3,True,False,0.0,0.025892271537246537
qpu_opportunity,127,80,0.1,0.1,0.4,True,False,0.0,0.025892271537246537
qpu_opportunity,127,80,0.15,0.01,0.2,True,False,0.0,0.025892271537246537
qpu_opportunity,127,80,0.15,0.01,0.3,True,False,0.0,0.025892271537246537
qpu_opportunity,127,80,0.15,0.01,0.4,True,False,0.0,0.025892271537246537
qpu_opportunity,127,80,0.15,0.05,0.2,True,False,0.0,0.025892271537246537
qpu_opportunity,127,80,0.15,0.05,0.3,True,False,0.0,0.025892271537246537
qpu_opportunity,127,80,0.15,0.05,0.4,True,False,0.0,0.025892271537246537
qpu_opportunity,127,80,0.15,0.1,0.2,True,False,0.0,0.025892271537246537
qpu_opportunity,127,80,0.15,0.1,0.3,True,False,0.0,0.025892271537246537
qpu_opportunity,127,80,0.15,0.1,0.4,True,False,0.0,0.025892271537246537
qpu_opportunity,127,120,0.05,0.01,0.2,False,True,0.0,0.2
qpu_opportunity,127,120,0.05,0.01,0.3,False,True,0.0,0.3
qpu_opportunity,127,120,0.05,0.01,0.4,False,True,0.0,0.4
qpu_opportunity,127,120,0.05,0.05,0.2,False,True,0.0,0.2
qpu_opportunity,127,120,0.05,0.05,0.3,False,True,0.0,0.3
qpu_opportunity,127,120,0.05,0.05,0.4,False,True,0.0,0.4
qpu_opportunity,127,120,0.05,0.1,0.2,True,False,0.0,0.025892271537246537
qpu_opportunity,127,120,0.05,0.1,0.3,True,False,0.0,0.025892271537246537
qpu_opportunity,127,120,0.05,0.1,0.4,True,False,0.0,0.025892271537246537
qpu_opportunity,127,120,0.1,0.01,0.2,True,False,0.0,0.025892271537246537
qpu_opportunity,127,120,0.1,0.01,0.3,True,False,0.0,0.025892271537246537
qpu_opportunity,127,120,0.1,0.01,0.4,True,False,0.0,0.025892271537246537
qpu_opportunity,127,120,0.1,0.05,0.2,True,False,0.0,0.025892271537246537
qpu_opportunity,127,120,0.1,0.05,0.3,True,False,0.0,0.025892271537246537
qpu_opportunity,127,120,0.1,0.05,0.4,True,False,0.0,0.025892271537246537
qpu_opportunity,127,120,0.1,0.1,0.2,True,False,0.0,0.025892271537246537
qpu_opportunity,127,120,0.1,0.1,0.3,True,False,0.0,0.025892271537246537
qpu_opportunity,127,120,0.1,0.1,0.4,True,False,0.0,0.025892271537246537
qpu_opportunity,127,120,0.15,0.01,0.2,True,False,0.0,0.025892271537246537
qpu_opportunity,127,120,0.15,0.01,0.3,True,False,0.0,0.025892271537246537
qpu_opportunity,127,120,0.15,0.01,0.4,True,False,0.0,0.025892271537246537
qpu_opportunity,127,120,0.15,0.05,0.2,True,False,0.0,0.025892271537246537
qpu_opportunity,127,120,0.15,0.05,0.3,True,False,0.0,0.025892271537246537
qpu_opportunity,127,120,0.15,0.05,0.4,True,False,0.0,0.025892271537246537
qpu_opportunity,127,120,0.15,0.1,0.2,True,False,0.0,0.025892271537246537
qpu_opportunity,127,120,0.15,0.1,0.3,True,False,0.0,0.025892271537246537
qpu_opportunity,127,120,0.15,0.1,0.4,True,False,0.0,0.025892271537246537
qpu_opportunity,128,40,0.05,0.01,0.2,False,True,0.0,0.2
qpu_opportunity,128,40,0.05,0.01,0.3,False,True,0.0,0.3
qpu_opportunity,128,40,0.05,0.01,0.4,False,True,0.0,0.4
qpu_opportunity,128,40,0.05,0.05,0.2,False,True,0.0,0.2
qpu_opportunity,128,40,0.05,0.05,0.3,False,True,0.0,0.3
qpu_opportunity,128,40,0.05,0.05,0.4,False,True,0.0,0.4
qpu_opportunity,128,40,0.05,0.1,0.2,False,True,0.0,0.2
qpu_opportunity,128,40,0.05,0.1,0.3,False,True,0.0,0.3
qpu_opportunity,128,40,0.05,0.1,0.4,False,True,0.0,0.4
qpu_opportunity,128,40,0.1,0.01,0.2,False,True,0.0,0.2
qpu_opportunity,128,40,0.1,0.01,0.3,False,True,0.0,0.3
qpu_opportunity,128,40,0.1,0.01,0.4,False,True,0.0,0.4
qpu_opportunity,128,40,0.1,0.05,0.2,False,True,0.0,0.2
qpu_opportunity,128,40,0.1,0.05,0.3,False,True,0.0,0.3
qpu_opportunity,128,40,0.1,0.05,0.4,False,True,0.0,0.4
qpu_opportunity,128,40,0.1,0.1,0.2,False,True,0.0,0.2
qpu_opportunity,128,40,0.1,0.1,0.3,False,True,0.0,0.3
qpu_opportunity,128,40,0.1,0.1,0.4,False,True,0.0,0.4
qpu_opportunity,128,40,0.15,0.01,0.2,False,True,0.0,0.2
qpu_opportunity,128,40,0.15,0.01,0.3,False,True,0.0,0.3
qpu_opportunity,128,40,0.15,0.01,0.4,False,True,0.0,0.4
qpu_opportunity,128,40,0.15,0.05,0.2,False,True,0.0,0.2
qpu_opportunity,128,40,0.15,0.05,0.3,False,True,0.0,0.3
qpu_opportunity,128,40,0.15,0.05,0.4,False,True,0.0,0.4
qpu_opportunity,128,40,0.15,0.1,0.2,False,True,0.0,0.2
qpu_opportunity,128,40,0.15,0.1,0.3,False,True,0.0,0.3
qpu_opportunity,128,40,0.15,0.1,0.4,False,True,0.0,0.4
qpu_opportunity,128,80,0.05,0.01,0.2,False,True,0.0,0.2
qpu_opportunity,128,80,0.05,0.01,0.3,False,True,0.0,0.3
qpu_opportunity,128,80,0.05,0.01,0.4,False,True,0.0,0.4
qpu_opportunity,128,80,0.05,0.05,0.2,False,True,0.0,0.2
qpu_opportunity,128,80,0.05,0.05,0.3,False,True,0.0,0.3
qpu_opportunity,128,80,0.05,0.05,0.4,False,True,0.0,0.4
qpu_opportunity,128,80,0.05,0.1,0.2,False,True,0.0,0.2
qpu_opportunity,128,80,0.05,0.1,0.3,False,True,0.0,0.3
qpu_opportunity,128,80,0.05,0.1,0.4,False,True,0.0,0.4
qpu_opportunity,128,80,0.1,0.01,0.2,False,True,0.0,0.2
qpu_opportunity,128,80,0.1,0.01,0.3,False,True,0.0,0.3
qpu_opportunity,128,80,0.1,0.01,0.4,False,True,0.0,0.4
qpu_opportunity,128,80,0.1,0.05,0.2,False,True,0.0,0.2
qpu_opportunity,128,80,0.1,0.05,0.3,False,True,0.0,0.3
qpu_opportunity,128,80,0.1,0.05,0.4,False,True,0.0,0.4
qpu_opportunity,128,80,0.1,0.1,0.2,False,True,0.0,0.2
qpu_opportunity,128,80,0.1,0.1,0.3,False,True,0.0,0.3
qpu_opportunity,128,80,0.1,0.1,0.4,False,True,0.0,0.4
qpu_opportunity,128,80,0.15,0.01,0.2,False,True,0.0,0.2
qpu_opportunity,128,80,0.15,0.01,0.3,False,True,0.0,0.3
qpu_opportunity,128,80,0.15,0.01,0.4,False,True,0.0,0.4
qpu_opportunity,128,80,0.15,0.05,0.2,False,True,0.0,0.2
qpu_opportunity,128,80,0.15,0.05,0.3,False,True,0.0,0.3
qpu_opportunity,128,80,0.15,0.05,0.4,False,True,0.0,0.4
qpu_opportunity,128,80,0.15,0.1,0.2,False,True,0.0,0.2
qpu_opportunity,128,80,0.15,0.1,0.3,False,True,0.0,0.3
qpu_opportunity,128,80,0.15,0.1,0.4,False,True,0.0,0.4
qpu_opportunity,128,120,0.05,0.01,0.2,False,True,0.0,0.2
qpu_opportunity,128,120,0.05,0.01,0.3,False,True,0.0,0.3
qpu_opportunity,128,120,0.05,0.01,0.4,False,True,0.0,0.4
qpu_opportunity,128,120,0.05,0.05,0.2,False,True,0.0,0.2
qpu_opportunity,128,120,0.05,0.05,0.3,False,True,0.0,0.3
qpu_opportunity,128,120,0.05,0.05,0.4,False,True,0.0,0.4
qpu_opportunity,128,120,0.05,0.1,0.2,False,True,0.0,0.2
qpu_opportunity,128,120,0.05,0.1,0.3,False,True,0.0,0.3
qpu_opportunity,128,120,0.05,0.1,0.4,False,True,0.0,0.4
qpu_opportunity,128,120,0.1,0.01,0.2,False,True,0.0,0.2
qpu_opportunity,128,120,0.1,0.01,0.3,False,True,0.0,0.3
qpu_opportunity,128,120,0.1,0.01,0.4,False,True,0.0,0.4
qpu_opportunity,128,120,0.1,0.05,0.2,False,True,0.0,0.2
qpu_opportunity,128,120,0.1,0.05,0.3,False,True,0.0,0.3
qpu_opportunity,128,120,0.1,0.05,0.4,False,True,0.0,0.4
qpu_opportunity,128,120,0.1,0.1,0.2,False,True,0.0,0.2
qpu_opportunity,128,120,0.1,0.1,0.3,False,True,0.0,0.3
qpu_opportunity,128,120,0.1,0.1,0.4,False,True,0.0,0.4
qpu_opportunity,128,120,0.15,0.01,0.2,False,True,0.0,0.2
qpu_opportunity,128,120,0.15,0.01,0.3,False,True,0.0,0.3
qpu_opportunity,128,120,0.15,0.01,0.4,False,True,0.0,0.4
qpu_opportunity,128,120,0.15,0.05,0.2,False,True,0.0,0.2
qpu_opportunity,128,120,0.15,0.05,0.3,False,True,0.0,0.3
qpu_opportunity,128,120,0.15,0.05,0.4,False,True,0.0,0.4
qpu_opportunity,128,120,0.15,0.1,0.2,False,True,0.0,0.2
qpu_opportunity,128,120,0.15,0.1,0.3,False,True,0.0,0.3
qpu_opportunity,128,120,0.15,0.1,0.4,False,True,0.0,0.4
qpu_opportunity,129,40,0.05,0.01,0.2,False,True,0.0,0.2
qpu_opportunity,129,40,0.05,0.01,0.3,False,True,0.0,0.3
qpu_opportunity,129,40,0.05,0.01,0.4,False,True,0.0,0.4
qpu_opportunity,129,40,0.05,0.05,0.2,False,True,0.0,0.2
qpu_opportunity,129,40,0.05,0.05,0.3,False,True,0.0,0.3
qpu_opportunity,129,40,0.05,0.05,0.4,False,True,0.0,0.4
qpu_opportunity,129,40,0.05,0.1,0.2,False,True,0.0,0.2
qpu_opportunity,129,40,0.05,0.1,0.3,False,True,0.0,0.3
qpu_opportunity,129,40,0.05,0.1,0.4,False,True,0.0,0.4
qpu_opportunity,129,40,0.1,0.01,0.2,False,True,0.0,0.2
qpu_opportunity,129,40,0.1,0.01,0.3,False,True,0.0,0.3
qpu_opportunity,129,40,0.1,0.01,0.4,False,True,0.0,0.4
qpu_opportunity,129,40,0.1,0.05,0.2,False,True,0.0,0.2
qpu_opportunity,129,40,0.1,0.05,0.3,False,True,0.0,0.3
qpu_opportunity,129,40,0.1,0.05,0.4,False,True,0.0,0.4
qpu_opportunity,129,40,0.1,0.1,0.2,False,True,0.0,0.2
qpu_opportunity,129,40,0.1,0.1,0.3,False,True,0.0,0.3
qpu_opportunity,129,40,0.1,0.1,0.4,False,True,0.0,0.4
qpu_opportunity,129,40,0.15,0.01,0.2,False,True,0.0,0.2
qpu_opportunity,129,40,0.15,0.01,0.3,False,True,0.0,0.3
qpu_opportunity,129,40,0.15,0.01,0.4,False,True,0.0,0.4
qpu_opportunity,129,40,0.15,0.05,0.2,False,True,0.0,0.2
qpu_opportunity,129,40,0.15,0.05,0.3,False,True,0.0,0.3
qpu_opportunity,129,40,0.15,0.05,0.4,False,True,0.0,0.4
qpu_opportunity,129,40,0.15,0.1,0.2,False,True,0.0,0.2
qpu_opportunity,129,40,0.15,0.1,0.3,False,True,0.0,0.3
qpu_opportunity,129,40,0.15,0.1,0.4,False,True,0.0,0.4
qpu_opportunity,129,80,0.05,0.01,0.2,False,True,0.0,0.2
qpu_opportunity,129,80,0.05,0.01,0.3,False,True,0.0,0.3
qpu_opportunity,129,80,0.05,0.01,0.4,False,True,0.0,0.4
qpu_opportunity,129,80,0.05,0.05,0.2,False,True,0.0,0.2
qpu_opportunity,129,80,0.05,0.05,0.3,False,True,0.0,0.3
qpu_opportunity,129,80,0.05,0.05,0.4,False,True,0.0,0.4
qpu_opportunity,129,80,0.05,0.1,0.2,False,True,0.0,0.2
qpu_opportunity,129,80,0.05,0.1,0.3,False,True,0.0,0.3
qpu_opportunity,129,80,0.05,0.1,0.4,False,True,0.0,0.4
qpu_opportunity,129,80,0.1,0.01,0.2,False,True,0.0,0.2
qpu_opportunity,129,80,0.1,0.01,0.3,False,True,0.0,0.3
qpu_opportunity,129,80,0.1,0.01,0.4,False,True,0.0,0.4
qpu_opportunity,129,80,0.1,0.05,0.2,False,True,0.0,0.2
qpu_opportunity,129,80,0.1,0.05,0.3,False,True,0.0,0.3
qpu_opportunity,129,80,0.1,0.05,0.4,False,True,0.0,0.4
qpu_opportunity,129,80,0.1,0.1,0.2,False,True,0.0,0.2
qpu_opportunity,129,80,0.1,0.1,0.3,False,True,0.0,0.3
qpu_opportunity,129,80,0.1,0.1,0.4,False,True,0.0,0.4
qpu_opportunity,129,80,0.15,0.01,0.2,False,True,0.0,0.2
qpu_opportunity,129,80,0.15,0.01,0.3,False,True,0.0,0.3
qpu_opportunity,129,80,0.15,0.01,0.4,False,True,0.0,0.4
qpu_opportunity,129,80,0.15,0.05,0.2,False,True,0.0,0.2
qpu_opportunity,129,80,0.15,0.05,0.3,False,True,0.0,0.3
qpu_opportunity,129,80,0.15,0.05,0.4,False,True,0.0,0.4
qpu_opportunity,129,80,0.15,0.1,0.2,True,False,0.05,0.06129431981164075
qpu_opportunity,129,80,0.15,0.1,0.3,True,False,0.05,0.06129431981164075
qpu_opportunity,129,80,0.15,0.1,0.4,True,False,0.05,0.06129431981164075
qpu_opportunity,129,120,0.05,0.01,0.2,False,True,0.0,0.2
qpu_opportunity,129,120,0.05,0.01,0.3,False,True,0.0,0.3
qpu_opportunity,129,120,0.05,0.01,0.4,False,True,0.0,0.4
qpu_opportunity,129,120,0.05,0.05,0.2,False,True,0.0,0.2
qpu_opportunity,129,120,0.05,0.05,0.3,False,True,0.0,0.3
qpu_opportunity,129,120,0.05,0.05,0.4,False,True,0.0,0.4
qpu_opportunity,129,120,0.05,0.1,0.2,False,True,0.0,0.2
qpu_opportunity,129,120,0.05,0.1,0.3,False,True,0.0,0.3
qpu_opportunity,129,120,0.05,0.1,0.4,False,True,0.0,0.4
qpu_opportunity,129,120,0.1,0.01,0.2,False,True,0.0,0.2
qpu_opportunity,129,120,0.1,0.01,0.3,False,True,0.0,0.3
qpu_opportunity,129,120,0.1,0.01,0.4,False,True,0.0,0.4
qpu_opportunity,129,120,0.1,0.05,0.2,False,True,0.0,0.2
qpu_opportunity,129,120,0.1,0.05,0.3,False,True,0.0,0.3
qpu_opportunity,129,120,0.1,0.05,0.4,False,True,0.0,0.4
qpu_opportunity,129,120,0.1,0.1,0.2,True,False,0.05,0.06129431981164075
qpu_opportunity,129,120,0.1,0.1,0.3,True,False,0.05,0.06129431981164075
qpu_opportunity,129,120,0.1,0.1,0.4,True,False,0.05,0.06129431981164075
qpu_opportunity,129,120,0.15,0.01,0.2,True,False,0.05,0.06129431981164075
qpu_opportunity,129,120,0.15,0.01,0.3,True,False,0.05,0.06129431981164075
qpu_opportunity,129,120,0.15,0.01,0.4,True,False,0.05,0.06129431981164075
qpu_opportunity,129,120,0.15,0.05,0.2,True,False,0.05,0.06129431981164075
qpu_opportunity,129,120,0.15,0.05,0.3,True,False,0.05,0.06129431981164075
qpu_opportunity,129,120,0.15,0.05,0.4,True,False,0.05,0.06129431981164075
qpu_opportunity,129,120,0.15,0.1,0.2,True,False,0.05,0.06129431981164075
qpu_opportunity,129,120,0.15,0.1,0.3,True,False,0.05,0.06129431981164075
qpu_opportunity,129,120,0.15,0.1,0.4,True,False,0.05,0.06129431981164075
qpu_opportunity,130,40,0.05,0.01,0.2,False,True,0.0,0.2
qpu_opportunity,130,40,0.05,0.01,0.3,False,True,0.0,0.3
qpu_opportunity,130,40,0.05,0.01,0.4,False,True,0.0,0.4
qpu_opportunity,130,40,0.05,0.05,0.2,False,True,0.0,0.2
qpu_opportunity,130,40,0.05,0.05,0.3,False,True,0.0,0.3
qpu_opportunity,130,40,0.05,0.05,0.4,False,True,0.0,0.4
qpu_opportunity,130,40,0.05,0.1,0.2,False,True,0.0,0.2
qpu_opportunity,130,40,0.05,0.1,0.3,False,True,0.0,0.3
qpu_opportunity,130,40,0.05,0.1,0.4,False,True,0.0,0.4
qpu_opportunity,130,40,0.1,0.01,0.2,False,True,0.0,0.2
qpu_opportunity,130,40,0.1,0.01,0.3,False,True,0.0,0.3
qpu_opportunity,130,40,0.1,0.01,0.4,False,True,0.0,0.4
qpu_opportunity,130,40,0.1,0.05,0.2,False,True,0.0,0.2
qpu_opportunity,130,40,0.1,0.05,0.3,False,True,0.0,0.3
qpu_opportunity,130,40,0.1,0.05,0.4,False,True,0.0,0.4
qpu_opportunity,130,40,0.1,0.1,0.2,False,True,0.0,0.2
qpu_opportunity,130,40,0.1,0.1,0.3,False,True,0.0,0.3
qpu_opportunity,130,40,0.1,0.1,0.4,False,True,0.0,0.4
qpu_opportunity,130,40,0.15,0.01,0.2,False,True,0.0,0.2
qpu_opportunity,130,40,0.15,0.01,0.3,False,True,0.0,0.3
qpu_opportunity,130,40,0.15,0.01,0.4,False,True,0.0,0.4
qpu_opportunity,130,40,0.15,0.05,0.2,False,True,0.0,0.2
qpu_opportunity,130,40,0.15,0.05,0.3,False,True,0.0,0.3
qpu_opportunity,130,40,0.15,0.05,0.4,False,True,0.0,0.4
qpu_opportunity,130,40,0.15,0.1,0.2,False,True,0.0,0.2
qpu_opportunity,130,40,0.15,0.1,0.3,False,True,0.0,0.3
qpu_opportunity,130,40,0.15,0.1,0.4,False,True,0.0,0.4
qpu_opportunity,130,80,0.05,0.01,0.2,False,True,0.0,0.2
qpu_opportunity,130,80,0.05,0.01,0.3,False,True,0.0,0.3
qpu_opportunity,130,80,0.05,0.01,0.4,False,True,0.0,0.4
qpu_opportunity,130,80,0.05,0.05,0.2,False,True,0.0,0.2
qpu_opportunity,130,80,0.05,0.05,0.3,False,True,0.0,0.3
qpu_opportunity,130,80,0.05,0.05,0.4,False,True,0.0,0.4
qpu_opportunity,130,80,0.05,0.1,0.2,False,True,0.0,0.2
qpu_opportunity,130,80,0.05,0.1,0.3,False,True,0.0,0.3
qpu_opportunity,130,80,0.05,0.1,0.4,False,True,0.0,0.4
qpu_opportunity,130,80,0.1,0.01,0.2,False,True,0.0,0.2
qpu_opportunity,130,80,0.1,0.01,0.3,False,True,0.0,0.3
qpu_opportunity,130,80,0.1,0.01,0.4,False,True,0.0,0.4
qpu_opportunity,130,80,0.1,0.05,0.2,False,True,0.0,0.2
qpu_opportunity,130,80,0.1,0.05,0.3,False,True,0.0,0.3
qpu_opportunity,130,80,0.1,0.05,0.4,False,True,0.0,0.4
qpu_opportunity,130,80,0.1,0.1,0.2,False,True,0.0,0.2
qpu_opportunity,130,80,0.1,0.1,0.3,False,True,0.0,0.3
qpu_opportunity,130,80,0.1,0.1,0.4,False,True,0.0,0.4
qpu_opportunity,130,80,0.15,0.01,0.2,False,True,0.0,0.2
qpu_opportunity,130,80,0.15,0.01,0.3,False,True,0.0,0.3
qpu_opportunity,130,80,0.15,0.01,0.4,False,True,0.0,0.4
qpu_opportunity,130,80,0.15,0.05,0.2,False,True,0.0,0.2
qpu_opportunity,130,80,0.15,0.05,0.3,False,True,0.0,0.3
qpu_opportunity,130,80,0.15,0.05,0.4,False,True,0.0,0.4
qpu_opportunity,130,80,0.15,0.1,0.2,False,True,0.0,0.2
qpu_opportunity,130,80,0.15,0.1,0.3,False,True,0.0,0.3
qpu_opportunity,130,80,0.15,0.1,0.4,False,True,0.0,0.4
qpu_opportunity,130,120,0.05,0.01,0.2,False,True,0.0,0.2
qpu_opportunity,130,120,0.05,0.01,0.3,False,True,0.0,0.3
qpu_opportunity,130,120,0.05,0.01,0.4,False,True,0.0,0.4
qpu_opportunity,130,120,0.05,0.05,0.2,False,True,0.0,0.2
qpu_opportunity,130,120,0.05,0.05,0.3,False,True,0.0,0.3
qpu_opportunity,130,120,0.05,0.05,0.4,False,True,0.0,0.4
qpu_opportunity,130,120,0.05,0.1,0.2,False,True,0.0,0.2
qpu_opportunity,130,120,0.05,0.1,0.3,False,True,0.0,0.3
qpu_opportunity,130,120,0.05,0.1,0.4,False,True,0.0,0.4
qpu_opportunity,130,120,0.1,0.01,0.2,False,True,0.0,0.2
qpu_opportunity,130,120,0.1,0.01,0.3,False,True,0.0,0.3
qpu_opportunity,130,120,0.1,0.01,0.4,False,True,0.0,0.4
qpu_opportunity,130,120,0.1,0.05,0.2,False,True,0.0,0.2
qpu_opportunity,130,120,0.1,0.05,0.3,False,True,0.0,0.3
qpu_opportunity,130,120,0.1,0.05,0.4,False,True,0.0,0.4
qpu_opportunity,130,120,0.1,0.1,0.2,False,True,0.0,0.2
qpu_opportunity,130,120,0.1,0.1,0.3,False,True,0.0,0.3
qpu_opportunity,130,120,0.1,0.1,0.4,False,True,0.0,0.4
qpu_opportunity,130,120,0.15,0.01,0.2,False,True,0.0,0.2
qpu_opportunity,130,120,0.15,0.01,0.3,False,True,0.0,0.3
qpu_opportunity,130,120,0.15,0.01,0.4,False,True,0.0,0.4
qpu_opportunity,130,120,0.15,0.05,0.2,False,True,0.0,0.2
qpu_opportunity,130,120,0.15,0.05,0.3,False,True,0.0,0.3
qpu_opportunity,130,120,0.15,0.05,0.4,False,True,0.0,0.4
qpu_opportunity,130,120,0.15,0.1,0.2,False,True,0.0,0.2
qpu_opportunity,130,120,0.15,0.1,0.3,False,True,0.0,0.3
qpu_opportunity,130,120,0.15,0.1,0.4,False,True,0.0,0.4
qpu_opportunity,131,40,0.05,0.01,0.2,False,True,0.0,0.2
qpu_opportunity,131,40,0.05,0.01,0.3,False,True,0.0,0.3
qpu_opportunity,131,40,0.05,0.01,0.4,False,True,0.0,0.4
qpu_opportunity,131,40,0.05,0.05,0.2,False,True,0.0,0.2
qpu_opportunity,131,40,0.05,0.05,0.3,False,True,0.0,0.3
qpu_opportunity,131,40,0.05,0.05,0.4,False,True,0.0,0.4
qpu_opportunity,131,40,0.05,0.1,0.2,False,True,0.0,0.2
qpu_opportunity,131,40,0.05,0.1,0.3,False,True,0.0,0.3
qpu_opportunity,131,40,0.05,0.1,0.4,False,True,0.0,0.4
qpu_opportunity,131,40,0.1,0.01,0.2,False,True,0.0,0.2
qpu_opportunity,131,40,0.1,0.01,0.3,False,True,0.0,0.3
qpu_opportunity,131,40,0.1,0.01,0.4,False,True,0.0,0.4
qpu_opportunity,131,40,0.1,0.05,0.2,False,True,0.0,0.2
qpu_opportunity,131,40,0.1,0.05,0.3,False,True,0.0,0.3
qpu_opportunity,131,40,0.1,0.05,0.4,False,True,0.0,0.4
qpu_opportunity,131,40,0.1,0.1,0.2,False,True,0.0,0.2
qpu_opportunity,131,40,0.1,0.1,0.3,False,True,0.0,0.3
qpu_opportunity,131,40,0.1,0.1,0.4,False,True,0.0,0.4
qpu_opportunity,131,40,0.15,0.01,0.2,False,True,0.0,0.2
qpu_opportunity,131,40,0.15,0.01,0.3,False,True,0.0,0.3
qpu_opportunity,131,40,0.15,0.01,0.4,False,True,0.0,0.4
qpu_opportunity,131,40,0.15,0.05,0.2,False,True,0.0,0.2
qpu_opportunity,131,40,0.15,0.05,0.3,False,True,0.0,0.3
qpu_opportunity,131,40,0.15,0.05,0.4,False,True,0.0,0.4
qpu_opportunity,131,40,0.15,0.1,0.2,True,False,0.05,0.05007894682243033
qpu_opportunity,131,40,0.15,0.1,0.3,True,False,0.05,0.05007894682243033
qpu_opportunity,131,40,0.15,0.1,0.4,True,False,0.05,0.05007894682243033
qpu_opportunity,131,80,0.05,0.01,0.2,False,True,0.0,0.2
qpu_opportunity,131,80,0.05,0.01,0.3,False,True,0.0,0.3
qpu_opportunity,131,80,0.05,0.01,0.4,False,True,0.0,0.4
qpu_opportunity,131,80,0.05,0.05,0.2,False,True,0.0,0.2
qpu_opportunity,131,80,0.05,0.05,0.3,False,True,0.0,0.3
qpu_opportunity,131,80,0.05,0.05,0.4,False,True,0.0,0.4
qpu_opportunity,131,80,0.05,0.1,0.2,False,True,0.0,0.2
qpu_opportunity,131,80,0.05,0.1,0.3,False,True,0.0,0.3
qpu_opportunity,131,80,0.05,0.1,0.4,False,True,0.0,0.4
qpu_opportunity,131,80,0.1,0.01,0.2,False,True,0.0,0.2
qpu_opportunity,131,80,0.1,0.01,0.3,False,True,0.0,0.3
qpu_opportunity,131,80,0.1,0.01,0.4,False,True,0.0,0.4
qpu_opportunity,131,80,0.1,0.05,0.2,True,False,0.05,0.05007894682243033
qpu_opportunity,131,80,0.1,0.05,0.3,True,False,0.05,0.05007894682243033
qpu_opportunity,131,80,0.1,0.05,0.4,True,False,0.05,0.05007894682243033
qpu_opportunity,131,80,0.1,0.1,0.2,True,False,0.05,0.05007894682243033
qpu_opportunity,131,80,0.1,0.1,0.3,True,False,0.05,0.05007894682243033
qpu_opportunity,131,80,0.1,0.1,0.4,True,False,0.05,0.05007894682243033
qpu_opportunity,131,80,0.15,0.01,0.2,True,False,0.05,0.05007894682243033
qpu_opportunity,131,80,0.15,0.01,0.3,True,False,0.05,0.05007894682243033
qpu_opportunity,131,80,0.15,0.01,0.4,True,False,0.05,0.05007894682243033
qpu_opportunity,131,80,0.15,0.05,0.2,True,False,0.05,0.05007894682243033
qpu_opportunity,131,80,0.15,0.05,0.3,True,False,0.05,0.05007894682243033
qpu_opportunity,131,80,0.15,0.05,0.4,True,False,0.05,0.05007894682243033
qpu_opportunity,131,80,0.15,0.1,0.2,True,False,0.05,0.05007894682243033
qpu_opportunity,131,80,0.15,0.1,0.3,True,False,0.05,0.05007894682243033
qpu_opportunity,131,80,0.15,0.1,0.4,True,False,0.05,0.05007894682243033
qpu_opportunity,131,120,0.05,0.01,0.2,False,True,0.0,0.2
qpu_opportunity,131,120,0.05,0.01,0.3,False,True,0.0,0.3
qpu_opportunity,131,120,0.05,0.01,0.4,False,True,0.0,0.4
qpu_opportunity,131,120,0.05,0.05,0.2,False,True,0.0,0.2
qpu_opportunity,131,120,0.05,0.05,0.3,False,True,0.0,0.3
qpu_opportunity,131,120,0.05,0.05,0.4,False,True,0.0,0.4
qpu_opportunity,131,120,0.05,0.1,0.2,False,True,0.0,0.2
qpu_opportunity,131,120,0.05,0.1,0.3,False,True,0.0,0.3
qpu_opportunity,131,120,0.05,0.1,0.4,False,True,0.0,0.4
qpu_opportunity,131,120,0.1,0.01,0.2,True,False,0.05,0.05007894682243033
qpu_opportunity,131,120,0.1,0.01,0.3,True,False,0.05,0.05007894682243033
qpu_opportunity,131,120,0.1,0.01,0.4,True,False,0.05,0.05007894682243033
qpu_opportunity,131,120,0.1,0.05,0.2,True,False,0.05,0.05007894682243033
qpu_opportunity,131,120,0.1,0.05,0.3,True,False,0.05,0.05007894682243033
qpu_opportunity,131,120,0.1,0.05,0.4,True,False,0.05,0.05007894682243033
qpu_opportunity,131,120,0.1,0.1,0.2,True,False,0.05,0.05007894682243033
qpu_opportunity,131,120,0.1,0.1,0.3,True,False,0.05,0.05007894682243033
qpu_opportunity,131,120,0.1,0.1,0.4,True,False,0.05,0.05007894682243033
qpu_opportunity,131,120,0.15,0.01,0.2,True,False,0.05,0.05007894682243033
qpu_opportunity,131,120,0.15,0.01,0.3,True,False,0.05,0.05007894682243033
qpu_opportunity,131,120,0.15,0.01,0.4,True,False,0.05,0.05007894682243033
qpu_opportunity,131,120,0.15,0.05,0.2,True,False,0.05,0.05007894682243033
qpu_opportunity,131,120,0.15,0.05,0.3,True,False,0.05,0.05007894682243033
qpu_opportunity,131,120,0.15,0.05,0.4,True,False,0.05,0.05007894682243033
qpu_opportunity,131,120,0.15,0.1,0.2,True,False,0.05,0.05007894682243033
qpu_opportunity,131,120,0.15,0.1,0.3,True,False,0.05,0.05007894682243033
qpu_opportunity,131,120,0.15,0.1,0.4,True,False,0.05,0.05007894682243033
qpu_opportunity,132,40,0.05,0.01,0.2,False,True,0.0,0.2
qpu_opportunity,132,40,0.05,0.01,0.3,False,True,0.0,0.3
qpu_opportunity,132,40,0.05,0.01,0.4,False,True,0.0,0.4
qpu_opportunity,132,40,0.05,0.05,0.2,False,True,0.0,0.2
qpu_opportunity,132,40,0.05,0.05,0.3,False,True,0.0,0.3
qpu_opportunity,132,40,0.05,0.05,0.4,False,True,0.0,0.4
qpu_opportunity,132,40,0.05,0.1,0.2,False,True,0.0,0.2
qpu_opportunity,132,40,0.05,0.1,0.3,False,True,0.0,0.3
qpu_opportunity,132,40,0.05,0.1,0.4,False,True,0.0,0.4
qpu_opportunity,132,40,0.1,0.01,0.2,False,True,0.0,0.2
qpu_opportunity,132,40,0.1,0.01,0.3,False,True,0.0,0.3
qpu_opportunity,132,40,0.1,0.01,0.4,False,True,0.0,0.4
qpu_opportunity,132,40,0.1,0.05,0.2,False,True,0.0,0.2
qpu_opportunity,132,40,0.1,0.05,0.3,False,True,0.0,0.3
qpu_opportunity,132,40,0.1,0.05,0.4,False,True,0.0,0.4
qpu_opportunity,132,40,0.1,0.1,0.2,True,False,0.05,0.05012843314734495
qpu_opportunity,132,40,0.1,0.1,0.3,True,False,0.05,0.05012843314734495
qpu_opportunity,132,40,0.1,0.1,0.4,True,False,0.05,0.05012843314734495
qpu_opportunity,132,40,0.15,0.01,0.2,True,False,0.05,0.05012843314734495
qpu_opportunity,132,40,0.15,0.01,0.3,True,False,0.05,0.05012843314734495
qpu_opportunity,132,40,0.15,0.01,0.4,True,False,0.05,0.05012843314734495
qpu_opportunity,132,40,0.15,0.05,0.2,True,False,0.05,0.05012843314734495
qpu_opportunity,132,40,0.15,0.05,0.3,True,False,0.05,0.05012843314734495
qpu_opportunity,132,40,0.15,0.05,0.4,True,False,0.05,0.05012843314734495
qpu_opportunity,132,40,0.15,0.1,0.2,True,False,0.05,0.05012843314734495
qpu_opportunity,132,40,0.15,0.1,0.3,True,False,0.05,0.05012843314734495
qpu_opportunity,132,40,0.15,0.1,0.4,True,False,0.05,0.05012843314734495
qpu_opportunity,132,80,0.05,0.01,0.2,False,True,0.0,0.2
qpu_opportunity,132,80,0.05,0.01,0.3,False,True,0.0,0.3
qpu_opportunity,132,80,0.05,0.01,0.4,False,True,0.0,0.4
qpu_opportunity,132,80,0.05,0.05,0.2,False,True,0.0,0.2
qpu_opportunity,132,80,0.05,0.05,0.3,False,True,0.0,0.3
qpu_opportunity,132,80,0.05,0.05,0.4,False,True,0.0,0.4
qpu_opportunity,132,80,0.05,0.1,0.2,False,True,0.0,0.2
qpu_opportunity,132,80,0.05,0.1,0.3,False,True,0.0,0.3
qpu_opportunity,132,80,0.05,0.1,0.4,False,True,0.0,0.4
qpu_opportunity,132,80,0.1,0.01,0.2,False,True,0.0,0.2
qpu_opportunity,132,80,0.1,0.01,0.3,False,True,0.0,0.3
qpu_opportunity,132,80,0.1,0.01,0.4,False,True,0.0,0.4
qpu_opportunity,132,80,0.1,0.05,0.2,True,False,0.05,0.05012843314734495
qpu_opportunity,132,80,0.1,0.05,0.3,True,False,0.05,0.05012843314734495
qpu_opportunity,132,80,0.1,0.05,0.4,True,False,0.05,0.05012843314734495
qpu_opportunity,132,80,0.1,0.1,0.2,True,False,0.05,0.05012843314734495
qpu_opportunity,132,80,0.1,0.1,0.3,True,False,0.05,0.05012843314734495
qpu_opportunity,132,80,0.1,0.1,0.4,True,False,0.05,0.05012843314734495
qpu_opportunity,132,80,0.15,0.01,0.2,True,False,0.05,0.05012843314734495
qpu_opportunity,132,80,0.15,0.01,0.3,True,False,0.05,0.05012843314734495
qpu_opportunity,132,80,0.15,0.01,0.4,True,False,0.05,0.05012843314734495
qpu_opportunity,132,80,0.15,0.05,0.2,True,False,0.05,0.05012843314734495
qpu_opportunity,132,80,0.15,0.05,0.3,True,False,0.05,0.05012843314734495
qpu_opportunity,132,80,0.15,0.05,0.4,True,False,0.05,0.05012843314734495
qpu_opportunity,132,80,0.15,0.1,0.2,True,False,0.05,0.05012843314734495
qpu_opportunity,132,80,0.15,0.1,0.3,True,False,0.05,0.05012843314734495
qpu_opportunity,132,80,0.15,0.1,0.4,True,False,0.05,0.05012843314734495
qpu_opportunity,132,120,0.05,0.01,0.2,False,True,0.0,0.2
qpu_opportunity,132,120,0.05,0.01,0.3,False,True,0.0,0.3
qpu_opportunity,132,120,0.05,0.01,0.4,False,True,0.0,0.4
qpu_opportunity,132,120,0.05,0.05,0.2,False,True,0.0,0.2
qpu_opportunity,132,120,0.05,0.05,0.3,False,True,0.0,0.3
qpu_opportunity,132,120,0.05,0.05,0.4,False,True,0.0,0.4
qpu_opportunity,132,120,0.05,0.1,0.2,False,True,0.0,0.2
qpu_opportunity,132,120,0.05,0.1,0.3,False,True,0.0,0.3
qpu_opportunity,132,120,0.05,0.1,0.4,False,True,0.0,0.4
qpu_opportunity,132,120,0.1,0.01,0.2,False,True,0.0,0.2
qpu_opportunity,132,120,0.1,0.01,0.3,False,True,0.0,0.3
qpu_opportunity,132,120,0.1,0.01,0.4,False,True,0.0,0.4
qpu_opportunity,132,120,0.1,0.05,0.2,True,False,0.05,0.05012843314734495
qpu_opportunity,132,120,0.1,0.05,0.3,True,False,0.05,0.05012843314734495
qpu_opportunity,132,120,0.1,0.05,0.4,True,False,0.05,0.05012843314734495
qpu_opportunity,132,120,0.1,0.1,0.2,True,False,0.05,0.05012843314734495
qpu_opportunity,132,120,0.1,0.1,0.3,True,False,0.05,0.05012843314734495
qpu_opportunity,132,120,0.1,0.1,0.4,True,False,0.05,0.05012843314734495
qpu_opportunity,132,120,0.15,0.01,0.2,True,False,0.05,0.05012843314734495
qpu_opportunity,132,120,0.15,0.01,0.3,True,False,0.05,0.05012843314734495
qpu_opportunity,132,120,0.15,0.01,0.4,True,False,0.05,0.05012843314734495
qpu_opportunity,132,120,0.15,0.05,0.2,True,False,0.05,0.05012843314734495
qpu_opportunity,132,120,0.15,0.05,0.3,True,False,0.05,0.05012843314734495
qpu_opportunity,132,120,0.15,0.05,0.4,True,False,0.05,0.05012843314734495
qpu_opportunity,132,120,0.15,0.1,0.2,True,False,0.05,0.05012843314734495
qpu_opportunity,132,120,0.15,0.1,0.3,True,False,0.05,0.05012843314734495
qpu_opportunity,132,120,0.15,0.1,0.4,True,False,0.05,0.05012843314734495
qpu_opportunity,133,40,0.05,0.01,0.2,False,True,0.0,0.2
qpu_opportunity,133,40,0.05,0.01,0.3,False,True,0.0,0.3
qpu_opportunity,133,40,0.05,0.01,0.4,False,True,0.0,0.4
qpu_opportunity,133,40,0.05,0.05,0.2,False,True,0.0,0.2
qpu_opportunity,133,40,0.05,0.05,0.3,False,True,0.0,0.3
qpu_opportunity,133,40,0.05,0.05,0.4,False,True,0.0,0.4
qpu_opportunity,133,40,0.05,0.1,0.2,False,True,0.0,0.2
qpu_opportunity,133,40,0.05,0.1,0.3,False,True,0.0,0.3
qpu_opportunity,133,40,0.05,0.1,0.4,False,True,0.0,0.4
qpu_opportunity,133,40,0.1,0.01,0.2,False,True,0.0,0.2
qpu_opportunity,133,40,0.1,0.01,0.3,False,True,0.0,0.3
qpu_opportunity,133,40,0.1,0.01,0.4,False,True,0.0,0.4
qpu_opportunity,133,40,0.1,0.05,0.2,False,True,0.0,0.2
qpu_opportunity,133,40,0.1,0.05,0.3,False,True,0.0,0.3
qpu_opportunity,133,40,0.1,0.05,0.4,False,True,0.0,0.4
qpu_opportunity,133,40,0.1,0.1,0.2,False,True,0.0,0.2
qpu_opportunity,133,40,0.1,0.1,0.3,False,True,0.0,0.3
qpu_opportunity,133,40,0.1,0.1,0.4,False,True,0.0,0.4
qpu_opportunity,133,40,0.15,0.01,0.2,False,True,0.0,0.2
qpu_opportunity,133,40,0.15,0.01,0.3,False,True,0.0,0.3
qpu_opportunity,133,40,0.15,0.01,0.4,False,True,0.0,0.4
qpu_opportunity,133,40,0.15,0.05,0.2,False,True,0.0,0.2
qpu_opportunity,133,40,0.15,0.05,0.3,False,True,0.0,0.3
qpu_opportunity,133,40,0.15,0.05,0.4,False,True,0.0,0.4
qpu_opportunity,133,40,0.15,0.1,0.2,True,False,0.02,0.056620255568959034
qpu_opportunity,133,40,0.15,0.1,0.3,True,False,0.02,0.056620255568959034
qpu_opportunity,133,40,0.15,0.1,0.4,True,False,0.02,0.056620255568959034
qpu_opportunity,133,80,0.05,0.01,0.2,False,True,0.0,0.2
qpu_opportunity,133,80,0.05,0.01,0.3,False,True,0.0,0.3
qpu_opportunity,133,80,0.05,0.01,0.4,False,True,0.0,0.4
qpu_opportunity,133,80,0.05,0.05,0.2,False,True,0.0,0.2
qpu_opportunity,133,80,0.05,0.05,0.3,False,True,0.0,0.3
qpu_opportunity,133,80,0.05,0.05,0.4,False,True,0.0,0.4
qpu_opportunity,133,80,0.05,0.1,0.2,False,True,0.0,0.2
qpu_opportunity,133,80,0.05,0.1,0.3,False,True,0.0,0.3
qpu_opportunity,133,80,0.05,0.1,0.4,False,True,0.0,0.4
qpu_opportunity,133,80,0.1,0.01,0.2,False,True,0.0,0.2
qpu_opportunity,133,80,0.1,0.01,0.3,False,True,0.0,0.3
qpu_opportunity,133,80,0.1,0.01,0.4,False,True,0.0,0.4
qpu_opportunity,133,80,0.1,0.05,0.2,False,True,0.0,0.2
qpu_opportunity,133,80,0.1,0.05,0.3,False,True,0.0,0.3
qpu_opportunity,133,80,0.1,0.05,0.4,False,True,0.0,0.4
qpu_opportunity,133,80,0.1,0.1,0.2,False,True,0.0,0.2
qpu_opportunity,133,80,0.1,0.1,0.3,False,True,0.0,0.3
qpu_opportunity,133,80,0.1,0.1,0.4,False,True,0.0,0.4
qpu_opportunity,133,80,0.15,0.01,0.2,True,False,0.02,0.056620255568959034
qpu_opportunity,133,80,0.15,0.01,0.3,True,False,0.02,0.056620255568959034
qpu_opportunity,133,80,0.15,0.01,0.4,True,False,0.02,0.056620255568959034
qpu_opportunity,133,80,0.15,0.05,0.2,True,False,0.02,0.056620255568959034
qpu_opportunity,133,80,0.15,0.05,0.3,True,False,0.02,0.056620255568959034
qpu_opportunity,133,80,0.15,0.05,0.4,True,False,0.02,0.056620255568959034
qpu_opportunity,133,80,0.15,0.1,0.2,True,False,0.02,0.056620255568959034
qpu_opportunity,133,80,0.15,0.1,0.3,True,False,0.02,0.056620255568959034
qpu_opportunity,133,80,0.15,0.1,0.4,True,False,0.02,0.056620255568959034
qpu_opportunity,133,120,0.05,0.01,0.2,False,True,0.0,0.2
qpu_opportunity,133,120,0.05,0.01,0.3,False,True,0.0,0.3
qpu_opportunity,133,120,0.05,0.01,0.4,False,True,0.0,0.4
qpu_opportunity,133,120,0.05,0.05,0.2,False,True,0.0,0.2
qpu_opportunity,133,120,0.05,0.05,0.3,False,True,0.0,0.3
qpu_opportunity,133,120,0.05,0.05,0.4,False,True,0.0,0.4
qpu_opportunity,133,120,0.05,0.1,0.2,False,True,0.0,0.2
qpu_opportunity,133,120,0.05,0.1,0.3,False,True,0.0,0.3
qpu_opportunity,133,120,0.05,0.1,0.4,False,True,0.0,0.4
qpu_opportunity,133,120,0.1,0.01,0.2,True,False,0.02,0.056620255568959034
qpu_opportunity,133,120,0.1,0.01,0.3,True,False,0.02,0.056620255568959034
qpu_opportunity,133,120,0.1,0.01,0.4,True,False,0.02,0.056620255568959034
qpu_opportunity,133,120,0.1,0.05,0.2,True,False,0.02,0.056620255568959034
qpu_opportunity,133,120,0.1,0.05,0.3,True,False,0.02,0.056620255568959034
qpu_opportunity,133,120,0.1,0.05,0.4,True,False,0.02,0.056620255568959034
qpu_opportunity,133,120,0.1,0.1,0.2,True,False,0.02,0.056620255568959034
qpu_opportunity,133,120,0.1,0.1,0.3,True,False,0.02,0.056620255568959034
qpu_opportunity,133,120,0.1,0.1,0.4,True,False,0.02,0.056620255568959034
qpu_opportunity,133,120,0.15,0.01,0.2,True,False,0.02,0.056620255568959034
qpu_opportunity,133,120,0.15,0.01,0.3,True,False,0.02,0.056620255568959034
qpu_opportunity,133,120,0.15,0.01,0.4,True,False,0.02,0.056620255568959034
qpu_opportunity,133,120,0.15,0.05,0.2,True,False,0.02,0.056620255568959034
qpu_opportunity,133,120,0.15,0.05,0.3,True,False,0.02,0.056620255568959034
qpu_opportunity,133,120,0.15,0.05,0.4,True,False,0.02,0.056620255568959034
qpu_opportunity,133,120,0.15,0.1,0.2,True,False,0.02,0.056620255568959034
qpu_opportunity,133,120,0.15,0.1,0.3,True,False,0.02,0.056620255568959034
qpu_opportunity,133,120,0.15,0.1,0.4,True,False,0.02,0.056620255568959034
qpu_opportunity,134,40,0.05,0.01,0.2,False,True,0.0,0.2
qpu_opportunity,134,40,0.05,0.01,0.3,False,True,0.0,0.3
qpu_opportunity,134,40,0.05,0.01,0.4,False,True,0.0,0.4
qpu_opportunity,134,40,0.05,0.05,0.2,False,True,0.0,0.2
qpu_opportunity,134,40,0.05,0.05,0.3,False,True,0.0,0.3
qpu_opportunity,134,40,0.05,0.05,0.4,False,True,0.0,0.4
qpu_opportunity,134,40,0.05,0.1,0.2,False,True,0.0,0.2
qpu_opportunity,134,40,0.05,0.1,0.3,False,True,0.0,0.3
qpu_opportunity,134,40,0.05,0.1,0.4,False,True,0.0,0.4
qpu_opportunity,134,40,0.1,0.01,0.2,False,True,0.0,0.2
qpu_opportunity,134,40,0.1,0.01,0.3,False,True,0.0,0.3
qpu_opportunity,134,40,0.1,0.01,0.4,False,True,0.0,0.4
qpu_opportunity,134,40,0.1,0.05,0.2,False,True,0.0,0.2
qpu_opportunity,134,40,0.1,0.05,0.3,False,True,0.0,0.3
qpu_opportunity,134,40,0.1,0.05,0.4,False,True,0.0,0.4
qpu_opportunity,134,40,0.1,0.1,0.2,False,True,0.0,0.2
qpu_opportunity,134,40,0.1,0.1,0.3,False,True,0.0,0.3
qpu_opportunity,134,40,0.1,0.1,0.4,False,True,0.0,0.4
qpu_opportunity,134,40,0.15,0.01,0.2,False,True,0.0,0.2
qpu_opportunity,134,40,0.15,0.01,0.3,False,True,0.0,0.3
qpu_opportunity,134,40,0.15,0.01,0.4,False,True,0.0,0.4
qpu_opportunity,134,40,0.15,0.05,0.2,False,True,0.0,0.2
qpu_opportunity,134,40,0.15,0.05,0.3,False,True,0.0,0.3
qpu_opportunity,134,40,0.15,0.05,0.4,False,True,0.0,0.4
qpu_opportunity,134,40,0.15,0.1,0.2,False,True,0.0,0.2
qpu_opportunity,134,40,0.15,0.1,0.3,False,True,0.0,0.3
qpu_opportunity,134,40,0.15,0.1,0.4,False,True,0.0,0.4
qpu_opportunity,134,80,0.05,0.01,0.2,False,True,0.0,0.2
qpu_opportunity,134,80,0.05,0.01,0.3,False,True,0.0,0.3
qpu_opportunity,134,80,0.05,0.01,0.4,False,True,0.0,0.4
qpu_opportunity,134,80,0.05,0.05,0.2,False,True,0.0,0.2
qpu_opportunity,134,80,0.05,0.05,0.3,False,True,0.0,0.3
qpu_opportunity,134,80,0.05,0.05,0.4,False,True,0.0,0.4
qpu_opportunity,134,80,0.05,0.1,0.2,False,True,0.0,0.2
qpu_opportunity,134,80,0.05,0.1,0.3,False,True,0.0,0.3
qpu_opportunity,134,80,0.05,0.1,0.4,False,True,0.0,0.4
qpu_opportunity,134,80,0.1,0.01,0.2,False,True,0.0,0.2
qpu_opportunity,134,80,0.1,0.01,0.3,False,True,0.0,0.3
qpu_opportunity,134,80,0.1,0.01,0.4,False,True,0.0,0.4
qpu_opportunity,134,80,0.1,0.05,0.2,False,True,0.0,0.2
qpu_opportunity,134,80,0.1,0.05,0.3,False,True,0.0,0.3
qpu_opportunity,134,80,0.1,0.05,0.4,False,True,0.0,0.4
qpu_opportunity,134,80,0.1,0.1,0.2,False,True,0.0,0.2
qpu_opportunity,134,80,0.1,0.1,0.3,False,True,0.0,0.3
qpu_opportunity,134,80,0.1,0.1,0.4,False,True,0.0,0.4
qpu_opportunity,134,80,0.15,0.01,0.2,False,True,0.0,0.2
qpu_opportunity,134,80,0.15,0.01,0.3,False,True,0.0,0.3
qpu_opportunity,134,80,0.15,0.01,0.4,False,True,0.0,0.4
qpu_opportunity,134,80,0.15,0.05,0.2,False,True,0.0,0.2
qpu_opportunity,134,80,0.15,0.05,0.3,False,True,0.0,0.3
qpu_opportunity,134,80,0.15,0.05,0.4,False,True,0.0,0.4
qpu_opportunity,134,80,0.15,0.1,0.2,False,True,0.0,0.2
qpu_opportunity,134,80,0.15,0.1,0.3,False,True,0.0,0.3
qpu_opportunity,134,80,0.15,0.1,0.4,False,True,0.0,0.4
qpu_opportunity,134,120,0.05,0.01,0.2,False,True,0.0,0.2
qpu_opportunity,134,120,0.05,0.01,0.3,False,True,0.0,0.3
qpu_opportunity,134,120,0.05,0.01,0.4,False,True,0.0,0.4
qpu_opportunity,134,120,0.05,0.05,0.2,False,True,0.0,0.2
qpu_opportunity,134,120,0.05,0.05,0.3,False,True,0.0,0.3
qpu_opportunity,134,120,0.05,0.05,0.4,False,True,0.0,0.4
qpu_opportunity,134,120,0.05,0.1,0.2,False,True,0.0,0.2
qpu_opportunity,134,120,0.05,0.1,0.3,False,True,0.0,0.3
qpu_opportunity,134,120,0.05,0.1,0.4,False,True,0.0,0.4
qpu_opportunity,134,120,0.1,0.01,0.2,False,True,0.0,0.2
qpu_opportunity,134,120,0.1,0.01,0.3,False,True,0.0,0.3
qpu_opportunity,134,120,0.1,0.01,0.4,False,True,0.0,0.4
qpu_opportunity,134,120,0.1,0.05,0.2,False,True,0.0,0.2
qpu_opportunity,134,120,0.1,0.05,0.3,False,True,0.0,0.3
qpu_opportunity,134,120,0.1,0.05,0.4,False,True,0.0,0.4
qpu_opportunity,134,120,0.1,0.1,0.2,False,True,0.0,0.2
qpu_opportunity,134,120,0.1,0.1,0.3,False,True,0.0,0.3
qpu_opportunity,134,120,0.1,0.1,0.4,False,True,0.0,0.4
qpu_opportunity,134,120,0.15,0.01,0.2,False,True,0.0,0.2
qpu_opportunity,134,120,0.15,0.01,0.3,False,True,0.0,0.3
qpu_opportunity,134,120,0.15,0.01,0.4,False,True,0.0,0.4
qpu_opportunity,134,120,0.15,0.05,0.2,False,True,0.0,0.2
qpu_opportunity,134,120,0.15,0.05,0.3,False,True,0.0,0.3
qpu_opportunity,134,120,0.15,0.05,0.4,False,True,0.0,0.4
qpu_opportunity,134,120,0.15,0.1,0.2,False,True,0.0,0.2
qpu_opportunity,134,120,0.15,0.1,0.3,False,True,0.0,0.3
qpu_opportunity,134,120,0.15,0.1,0.4,False,True,0.0,0.4
qpu_opportunity,135,40,0.05,0.01,0.2,False,True,0.0,0.2
qpu_opportunity,135,40,0.05,0.01,0.3,False,True,0.0,0.3
qpu_opportunity,135,40,0.05,0.01,0.4,False,True,0.0,0.4
qpu_opportunity,135,40,0.05,0.05,0.2,False,True,0.0,0.2
qpu_opportunity,135,40,0.05,0.05,0.3,False,True,0.0,0.3
qpu_opportunity,135,40,0.05,0.05,0.4,False,True,0.0,0.4
qpu_opportunity,135,40,0.05,0.1,0.2,False,True,0.0,0.2
qpu_opportunity,135,40,0.05,0.1,0.3,False,True,0.0,0.3
qpu_opportunity,135,40,0.05,0.1,0.4,False,True,0.0,0.4
qpu_opportunity,135,40,0.1,0.01,0.2,False,True,0.0,0.2
qpu_opportunity,135,40,0.1,0.01,0.3,False,True,0.0,0.3
qpu_opportunity,135,40,0.1,0.01,0.4,False,True,0.0,0.4
qpu_opportunity,135,40,0.1,0.05,0.2,False,True,0.0,0.2
qpu_opportunity,135,40,0.1,0.05,0.3,False,True,0.0,0.3
qpu_opportunity,135,40,0.1,0.05,0.4,False,True,0.0,0.4
qpu_opportunity,135,40,0.1,0.1,0.2,False,True,0.0,0.2
qpu_opportunity,135,40,0.1,0.1,0.3,False,True,0.0,0.3
qpu_opportunity,135,40,0.1,0.1,0.4,False,True,0.0,0.4
qpu_opportunity,135,40,0.15,0.01,0.2,False,True,0.0,0.2
qpu_opportunity,135,40,0.15,0.01,0.3,False,True,0.0,0.3
qpu_opportunity,135,40,0.15,0.01,0.4,False,True,0.0,0.4
qpu_opportunity,135,40,0.15,0.05,0.2,False,True,0.0,0.2
qpu_opportunity,135,40,0.15,0.05,0.3,False,True,0.0,0.3
qpu_opportunity,135,40,0.15,0.05,0.4,False,True,0.0,0.4
qpu_opportunity,135,40,0.15,0.1,0.2,False,True,0.0,0.2
qpu_opportunity,135,40,0.15,0.1,0.3,False,True,0.0,0.3
qpu_opportunity,135,40,0.15,0.1,0.4,False,True,0.0,0.4
qpu_opportunity,135,80,0.05,0.01,0.2,False,True,0.0,0.2
qpu_opportunity,135,80,0.05,0.01,0.3,False,True,0.0,0.3
qpu_opportunity,135,80,0.05,0.01,0.4,False,True,0.0,0.4
qpu_opportunity,135,80,0.05,0.05,0.2,False,True,0.0,0.2
qpu_opportunity,135,80,0.05,0.05,0.3,False,True,0.0,0.3
qpu_opportunity,135,80,0.05,0.05,0.4,False,True,0.0,0.4
qpu_opportunity,135,80,0.05,0.1,0.2,False,True,0.0,0.2
qpu_opportunity,135,80,0.05,0.1,0.3,False,True,0.0,0.3
qpu_opportunity,135,80,0.05,0.1,0.4,False,True,0.0,0.4
qpu_opportunity,135,80,0.1,0.01,0.2,False,True,0.0,0.2
qpu_opportunity,135,80,0.1,0.01,0.3,False,True,0.0,0.3
qpu_opportunity,135,80,0.1,0.01,0.4,False,True,0.0,0.4
qpu_opportunity,135,80,0.1,0.05,0.2,False,True,0.0,0.2
qpu_opportunity,135,80,0.1,0.05,0.3,False,True,0.0,0.3
qpu_opportunity,135,80,0.1,0.05,0.4,False,True,0.0,0.4
qpu_opportunity,135,80,0.1,0.1,0.2,False,True,0.0,0.2
qpu_opportunity,135,80,0.1,0.1,0.3,False,True,0.0,0.3
qpu_opportunity,135,80,0.1,0.1,0.4,False,True,0.0,0.4
qpu_opportunity,135,80,0.15,0.01,0.2,False,True,0.0,0.2
qpu_opportunity,135,80,0.15,0.01,0.3,False,True,0.0,0.3
qpu_opportunity,135,80,0.15,0.01,0.4,False,True,0.0,0.4
qpu_opportunity,135,80,0.15,0.05,0.2,False,True,0.0,0.2
qpu_opportunity,135,80,0.15,0.05,0.3,False,True,0.0,0.3
qpu_opportunity,135,80,0.15,0.05,0.4,False,True,0.0,0.4
qpu_opportunity,135,80,0.15,0.1,0.2,False,True,0.0,0.2
qpu_opportunity,135,80,0.15,0.1,0.3,False,True,0.0,0.3
qpu_opportunity,135,80,0.15,0.1,0.4,False,True,0.0,0.4
qpu_opportunity,135,120,0.05,0.01,0.2,False,True,0.0,0.2
qpu_opportunity,135,120,0.05,0.01,0.3,False,True,0.0,0.3
qpu_opportunity,135,120,0.05,0.01,0.4,False,True,0.0,0.4
qpu_opportunity,135,120,0.05,0.05,0.2,False,True,0.0,0.2
qpu_opportunity,135,120,0.05,0.05,0.3,False,True,0.0,0.3
qpu_opportunity,135,120,0.05,0.05,0.4,False,True,0.0,0.4
qpu_opportunity,135,120,0.05,0.1,0.2,False,True,0.0,0.2
qpu_opportunity,135,120,0.05,0.1,0.3,False,True,0.0,0.3
qpu_opportunity,135,120,0.05,0.1,0.4,False,True,0.0,0.4
qpu_opportunity,135,120,0.1,0.01,0.2,False,True,0.0,0.2
qpu_opportunity,135,120,0.1,0.01,0.3,False,True,0.0,0.3
qpu_opportunity,135,120,0.1,0.01,0.4,False,True,0.0,0.4
qpu_opportunity,135,120,0.1,0.05,0.2,False,True,0.0,0.2
qpu_opportunity,135,120,0.1,0.05,0.3,False,True,0.0,0.3
qpu_opportunity,135,120,0.1,0.05,0.4,False,True,0.0,0.4
qpu_opportunity,135,120,0.1,0.1,0.2,False,True,0.0,0.2
qpu_opportunity,135,120,0.1,0.1,0.3,False,True,0.0,0.3
qpu_opportunity,135,120,0.1,0.1,0.4,False,True,0.0,0.4
qpu_opportunity,135,120,0.15,0.01,0.2,False,True,0.0,0.2
qpu_opportunity,135,120,0.15,0.01,0.3,False,True,0.0,0.3
qpu_opportunity,135,120,0.15,0.01,0.4,False,True,0.0,0.4
qpu_opportunity,135,120,0.15,0.05,0.2,False,True,0.0,0.2
qpu_opportunity,135,120,0.15,0.05,0.3,False,True,0.0,0.3
qpu_opportunity,135,120,0.15,0.05,0.4,False,True,0.0,0.4
qpu_opportunity,135,120,0.15,0.1,0.2,False,True,0.0,0.2
qpu_opportunity,135,120,0.15,0.1,0.3,False,True,0.0,0.3
qpu_opportunity,135,120,0.15,0.1,0.4,False,True,0.0,0.4
qpu_opportunity,136,40,0.05,0.01,0.2,False,True,0.0,0.2
qpu_opportunity,136,40,0.05,0.01,0.3,False,True,0.0,0.3
qpu_opportunity,136,40,0.05,0.01,0.4,False,True,0.0,0.4
qpu_opportunity,136,40,0.05,0.05,0.2,False,True,0.0,0.2
qpu_opportunity,136,40,0.05,0.05,0.3,False,True,0.0,0.3
qpu_opportunity,136,40,0.05,0.05,0.4,False,True,0.0,0.4
qpu_opportunity,136,40,0.05,0.1,0.2,False,True,0.0,0.2
qpu_opportunity,136,40,0.05,0.1,0.3,False,True,0.0,0.3
qpu_opportunity,136,40,0.05,0.1,0.4,False,True,0.0,0.4
qpu_opportunity,136,40,0.1,0.01,0.2,False,True,0.0,0.2
qpu_opportunity,136,40,0.1,0.01,0.3,False,True,0.0,0.3
qpu_opportunity,136,40,0.1,0.01,0.4,False,True,0.0,0.4
qpu_opportunity,136,40,0.1,0.05,0.2,False,True,0.0,0.2
qpu_opportunity,136,40,0.1,0.05,0.3,False,True,0.0,0.3
qpu_opportunity,136,40,0.1,0.05,0.4,False,True,0.0,0.4
qpu_opportunity,136,40,0.1,0.1,0.2,False,True,0.0,0.2
qpu_opportunity,136,40,0.1,0.1,0.3,False,True,0.0,0.3
qpu_opportunity,136,40,0.1,0.1,0.4,False,True,0.0,0.4
qpu_opportunity,136,40,0.15,0.01,0.2,False,True,0.0,0.2
qpu_opportunity,136,40,0.15,0.01,0.3,False,True,0.0,0.3
qpu_opportunity,136,40,0.15,0.01,0.4,False,True,0.0,0.4
qpu_opportunity,136,40,0.15,0.05,0.2,False,True,0.0,0.2
qpu_opportunity,136,40,0.15,0.05,0.3,False,True,0.0,0.3
qpu_opportunity,136,40,0.15,0.05,0.4,False,True,0.0,0.4
qpu_opportunity,136,40,0.15,0.1,0.2,True,False,0.01,0.01
qpu_opportunity,136,40,0.15,0.1,0.3,True,False,0.01,0.01
qpu_opportunity,136,40,0.15,0.1,0.4,True,False,0.01,0.01
qpu_opportunity,136,80,0.05,0.01,0.2,False,True,0.0,0.2
qpu_opportunity,136,80,0.05,0.01,0.3,False,True,0.0,0.3
qpu_opportunity,136,80,0.05,0.01,0.4,False,True,0.0,0.4
qpu_opportunity,136,80,0.05,0.05,0.2,False,True,0.0,0.2
qpu_opportunity,136,80,0.05,0.05,0.3,False,True,0.0,0.3
qpu_opportunity,136,80,0.05,0.05,0.4,False,True,0.0,0.4
qpu_opportunity,136,80,0.05,0.1,0.2,False,True,0.0,0.2
qpu_opportunity,136,80,0.05,0.1,0.3,False,True,0.0,0.3
qpu_opportunity,136,80,0.05,0.1,0.4,False,True,0.0,0.4
qpu_opportunity,136,80,0.1,0.01,0.2,False,True,0.0,0.2
qpu_opportunity,136,80,0.1,0.01,0.3,False,True,0.0,0.3
qpu_opportunity,136,80,0.1,0.01,0.4,False,True,0.0,0.4
qpu_opportunity,136,80,0.1,0.05,0.2,False,True,0.0,0.2
qpu_opportunity,136,80,0.1,0.05,0.3,False,True,0.0,0.3
qpu_opportunity,136,80,0.1,0.05,0.4,False,True,0.0,0.4
qpu_opportunity,136,80,0.1,0.1,0.2,True,False,0.01,0.01
qpu_opportunity,136,80,0.1,0.1,0.3,True,False,0.01,0.01
qpu_opportunity,136,80,0.1,0.1,0.4,True,False,0.01,0.01
qpu_opportunity,136,80,0.15,0.01,0.2,True,False,0.01,0.01
qpu_opportunity,136,80,0.15,0.01,0.3,True,False,0.01,0.01
qpu_opportunity,136,80,0.15,0.01,0.4,True,False,0.01,0.01
qpu_opportunity,136,80,0.15,0.05,0.2,True,False,0.01,0.01
qpu_opportunity,136,80,0.15,0.05,0.3,True,False,0.01,0.01
qpu_opportunity,136,80,0.15,0.05,0.4,True,False,0.01,0.01
qpu_opportunity,136,80,0.15,0.1,0.2,True,False,0.01,0.01
qpu_opportunity,136,80,0.15,0.1,0.3,True,False,0.01,0.01
qpu_opportunity,136,80,0.15,0.1,0.4,True,False,0.01,0.01
qpu_opportunity,136,120,0.05,0.01,0.2,False,True,0.0,0.2
qpu_opportunity,136,120,0.05,0.01,0.3,False,True,0.0,0.3
qpu_opportunity,136,120,0.05,0.01,0.4,False,True,0.0,0.4
qpu_opportunity,136,120,0.05,0.05,0.2,False,True,0.0,0.2
qpu_opportunity,136,120,0.05,0.05,0.3,False,True,0.0,0.3
qpu_opportunity,136,120,0.05,0.05,0.4,False,True,0.0,0.4
qpu_opportunity,136,120,0.05,0.1,0.2,False,True,0.0,0.2
qpu_opportunity,136,120,0.05,0.1,0.3,False,True,0.0,0.3
qpu_opportunity,136,120,0.05,0.1,0.4,False,True,0.0,0.4
qpu_opportunity,136,120,0.1,0.01,0.2,False,True,0.0,0.2
qpu_opportunity,136,120,0.1,0.01,0.3,False,True,0.0,0.3
qpu_opportunity,136,120,0.1,0.01,0.4,False,True,0.0,0.4
qpu_opportunity,136,120,0.1,0.05,0.2,True,False,0.01,0.01
qpu_opportunity,136,120,0.1,0.05,0.3,True,False,0.01,0.01
qpu_opportunity,136,120,0.1,0.05,0.4,True,False,0.01,0.01
qpu_opportunity,136,120,0.1,0.1,0.2,True,False,0.01,0.01
qpu_opportunity,136,120,0.1,0.1,0.3,True,False,0.01,0.01
qpu_opportunity,136,120,0.1,0.1,0.4,True,False,0.01,0.01
qpu_opportunity,136,120,0.15,0.01,0.2,True,False,0.01,0.01
qpu_opportunity,136,120,0.15,0.01,0.3,True,False,0.01,0.01
qpu_opportunity,136,120,0.15,0.01,0.4,True,False,0.01,0.01
qpu_opportunity,136,120,0.15,0.05,0.2,True,False,0.01,0.01
qpu_opportunity,136,120,0.15,0.05,0.3,True,False,0.01,0.01
qpu_opportunity,136,120,0.15,0.05,0.4,True,False,0.01,0.01
qpu_opportunity,136,120,0.15,0.1,0.2,True,False,0.01,0.01
qpu_opportunity,136,120,0.15,0.1,0.3,True,False,0.01,0.01
qpu_opportunity,136,120,0.15,0.1,0.4,True,False,0.01,0.01
qpu_opportunity,137,40,0.05,0.01,0.2,False,True,0.0,0.2
qpu_opportunity,137,40,0.05,0.01,0.3,False,True,0.0,0.3
qpu_opportunity,137,40,0.05,0.01,0.4,False,True,0.0,0.4
qpu_opportunity,137,40,0.05,0.05,0.2,False,True,0.0,0.2
qpu_opportunity,137,40,0.05,0.05,0.3,False,True,0.0,0.3
qpu_opportunity,137,40,0.05,0.05,0.4,False,True,0.0,0.4
qpu_opportunity,137,40,0.05,0.1,0.2,False,True,0.0,0.2
qpu_opportunity,137,40,0.05,0.1,0.3,False,True,0.0,0.3
qpu_opportunity,137,40,0.05,0.1,0.4,False,True,0.0,0.4
qpu_opportunity,137,40,0.1,0.01,0.2,False,True,0.0,0.2
qpu_opportunity,137,40,0.1,0.01,0.3,False,True,0.0,0.3
qpu_opportunity,137,40,0.1,0.01,0.4,False,True,0.0,0.4
qpu_opportunity,137,40,0.1,0.05,0.2,False,True,0.0,0.2
qpu_opportunity,137,40,0.1,0.05,0.3,False,True,0.0,0.3
qpu_opportunity,137,40,0.1,0.05,0.4,False,True,0.0,0.4
qpu_opportunity,137,40,0.1,0.1,0.2,True,False,0.01,0.012899792957816831
qpu_opportunity,137,40,0.1,0.1,0.3,True,False,0.01,0.012899792957816831
qpu_opportunity,137,40,0.1,0.1,0.4,True,False,0.01,0.012899792957816831
qpu_opportunity,137,40,0.15,0.01,0.2,True,False,0.01,0.012899792957816831
qpu_opportunity,137,40,0.15,0.01,0.3,True,False,0.01,0.012899792957816831
qpu_opportunity,137,40,0.15,0.01,0.4,True,False,0.01,0.012899792957816831
qpu_opportunity,137,40,0.15,0.05,0.2,True,False,0.01,0.012899792957816831
qpu_opportunity,137,40,0.15,0.05,0.3,True,False,0.01,0.012899792957816831
qpu_opportunity,137,40,0.15,0.05,0.4,True,False,0.01,0.012899792957816831
qpu_opportunity,137,40,0.15,0.1,0.2,True,False,0.01,0.012899792957816831
qpu_opportunity,137,40,0.15,0.1,0.3,True,False,0.01,0.012899792957816831
qpu_opportunity,137,40,0.15,0.1,0.4,True,False,0.01,0.012899792957816831
qpu_opportunity,137,80,0.05,0.01,0.2,False,True,0.0,0.2
qpu_opportunity,137,80,0.05,0.01,0.3,False,True,0.0,0.3
qpu_opportunity,137,80,0.05,0.01,0.4,False,True,0.0,0.4
qpu_opportunity,137,80,0.05,0.05,0.2,False,True,0.0,0.2
qpu_opportunity,137,80,0.05,0.05,0.3,False,True,0.0,0.3
qpu_opportunity,137,80,0.05,0.05,0.4,False,True,0.0,0.4
qpu_opportunity,137,80,0.05,0.1,0.2,False,True,0.0,0.2
qpu_opportunity,137,80,0.05,0.1,0.3,False,True,0.0,0.3
qpu_opportunity,137,80,0.05,0.1,0.4,False,True,0.0,0.4
qpu_opportunity,137,80,0.1,0.01,0.2,False,True,0.0,0.2
qpu_opportunity,137,80,0.1,0.01,0.3,False,True,0.0,0.3
qpu_opportunity,137,80,0.1,0.01,0.4,False,True,0.0,0.4
qpu_opportunity,137,80,0.1,0.05,0.2,True,False,0.01,0.042433295152754916
qpu_opportunity,137,80,0.1,0.05,0.3,True,False,0.01,0.042433295152754916
qpu_opportunity,137,80,0.1,0.05,0.4,True,False,0.01,0.042433295152754916
qpu_opportunity,137,80,0.1,0.1,0.2,True,False,0.01,0.012899792957816831
qpu_opportunity,137,80,0.1,0.1,0.3,True,False,0.01,0.012899792957816831
qpu_opportunity,137,80,0.1,0.1,0.4,True,False,0.01,0.012899792957816831
qpu_opportunity,137,80,0.15,0.01,0.2,True,False,0.01,0.012899792957816831
qpu_opportunity,137,80,0.15,0.01,0.3,True,False,0.01,0.012899792957816831
qpu_opportunity,137,80,0.15,0.01,0.4,True,False,0.01,0.012899792957816831
qpu_opportunity,137,80,0.15,0.05,0.2,True,False,0.01,0.012899792957816831
qpu_opportunity,137,80,0.15,0.05,0.3,True,False,0.01,0.012899792957816831
qpu_opportunity,137,80,0.15,0.05,0.4,True,False,0.01,0.012899792957816831
qpu_opportunity,137,80,0.15,0.1,0.2,True,False,0.01,0.012899792957816831
qpu_opportunity,137,80,0.15,0.1,0.3,True,False,0.01,0.012899792957816831
qpu_opportunity,137,80,0.15,0.1,0.4,True,False,0.01,0.012899792957816831
qpu_opportunity,137,120,0.05,0.01,0.2,False,True,0.0,0.2
qpu_opportunity,137,120,0.05,0.01,0.3,False,True,0.0,0.3
qpu_opportunity,137,120,0.05,0.01,0.4,False,True,0.0,0.4
qpu_opportunity,137,120,0.05,0.05,0.2,False,True,0.0,0.2
qpu_opportunity,137,120,0.05,0.05,0.3,False,True,0.0,0.3
qpu_opportunity,137,120,0.05,0.05,0.4,False,True,0.0,0.4
qpu_opportunity,137,120,0.05,0.1,0.2,False,True,0.0,0.2
qpu_opportunity,137,120,0.05,0.1,0.3,False,True,0.0,0.3
qpu_opportunity,137,120,0.05,0.1,0.4,False,True,0.0,0.4
qpu_opportunity,137,120,0.1,0.01,0.2,True,False,0.01,0.012899792957816831
qpu_opportunity,137,120,0.1,0.01,0.3,True,False,0.01,0.012899792957816831
qpu_opportunity,137,120,0.1,0.01,0.4,True,False,0.01,0.012899792957816831
qpu_opportunity,137,120,0.1,0.05,0.2,True,False,0.01,0.012899792957816831
qpu_opportunity,137,120,0.1,0.05,0.3,True,False,0.01,0.012899792957816831
qpu_opportunity,137,120,0.1,0.05,0.4,True,False,0.01,0.012899792957816831
qpu_opportunity,137,120,0.1,0.1,0.2,True,False,0.01,0.012899792957816831
qpu_opportunity,137,120,0.1,0.1,0.3,True,False,0.01,0.012899792957816831
qpu_opportunity,137,120,0.1,0.1,0.4,True,False,0.01,0.012899792957816831
qpu_opportunity,137,120,0.15,0.01,0.2,True,False,0.01,0.012899792957816831
qpu_opportunity,137,120,0.15,0.01,0.3,True,False,0.01,0.012899792957816831
qpu_opportunity,137,120,0.15,0.01,0.4,True,False,0.01,0.012899792957816831
qpu_opportunity,137,120,0.15,0.05,0.2,True,False,0.01,0.012899792957816831
qpu_opportunity,137,120,0.15,0.05,0.3,True,False,0.01,0.012899792957816831
qpu_opportunity,137,120,0.15,0.05,0.4,True,False,0.01,0.012899792957816831
qpu_opportunity,137,120,0.15,0.1,0.2,True,False,0.01,0.012899792957816831
qpu_opportunity,137,120,0.15,0.1,0.3,True,False,0.01,0.012899792957816831
qpu_opportunity,137,120,0.15,0.1,0.4,True,False,0.01,0.012899792957816831
qpu_opportunity,138,40,0.05,0.01,0.2,False,True,0.0,0.2
qpu_opportunity,138,40,0.05,0.01,0.3,False,True,0.0,0.3
qpu_opportunity,138,40,0.05,0.01,0.4,False,True,0.0,0.4
qpu_opportunity,138,40,0.05,0.05,0.2,False,True,0.0,0.2
qpu_opportunity,138,40,0.05,0.05,0.3,False,True,0.0,0.3
qpu_opportunity,138,40,0.05,0.05,0.4,False,True,0.0,0.4
qpu_opportunity,138,40,0.05,0.1,0.2,False,True,0.0,0.2
qpu_opportunity,138,40,0.05,0.1,0.3,False,True,0.0,0.3
qpu_opportunity,138,40,0.05,0.1,0.4,False,True,0.0,0.4
qpu_opportunity,138,40,0.1,0.01,0.2,False,True,0.0,0.2
qpu_opportunity,138,40,0.1,0.01,0.3,False,True,0.0,0.3
qpu_opportunity,138,40,0.1,0.01,0.4,False,True,0.0,0.4
qpu_opportunity,138,40,0.1,0.05,0.2,False,True,0.0,0.2
qpu_opportunity,138,40,0.1,0.05,0.3,False,True,0.0,0.3
qpu_opportunity,138,40,0.1,0.05,0.4,False,True,0.0,0.4
qpu_opportunity,138,40,0.1,0.1,0.2,False,True,0.0,0.2
qpu_opportunity,138,40,0.1,0.1,0.3,False,True,0.0,0.3
qpu_opportunity,138,40,0.1,0.1,0.4,False,True,0.0,0.4
qpu_opportunity,138,40,0.15,0.01,0.2,False,True,0.0,0.2
qpu_opportunity,138,40,0.15,0.01,0.3,False,True,0.0,0.3
qpu_opportunity,138,40,0.15,0.01,0.4,False,True,0.0,0.4
qpu_opportunity,138,40,0.15,0.05,0.2,False,True,0.0,0.2
qpu_opportunity,138,40,0.15,0.05,0.3,False,True,0.0,0.3
qpu_opportunity,138,40,0.15,0.05,0.4,False,True,0.0,0.4
qpu_opportunity,138,40,0.15,0.1,0.2,False,True,0.0,0.2
qpu_opportunity,138,40,0.15,0.1,0.3,False,True,0.0,0.3
qpu_opportunity,138,40,0.15,0.1,0.4,False,True,0.0,0.4
qpu_opportunity,138,80,0.05,0.01,0.2,False,True,0.0,0.2
qpu_opportunity,138,80,0.05,0.01,0.3,False,True,0.0,0.3
qpu_opportunity,138,80,0.05,0.01,0.4,False,True,0.0,0.4
qpu_opportunity,138,80,0.05,0.05,0.2,False,True,0.0,0.2
qpu_opportunity,138,80,0.05,0.05,0.3,False,True,0.0,0.3
qpu_opportunity,138,80,0.05,0.05,0.4,False,True,0.0,0.4
qpu_opportunity,138,80,0.05,0.1,0.2,False,True,0.0,0.2
qpu_opportunity,138,80,0.05,0.1,0.3,False,True,0.0,0.3
qpu_opportunity,138,80,0.05,0.1,0.4,False,True,0.0,0.4
qpu_opportunity,138,80,0.1,0.01,0.2,False,True,0.0,0.2
qpu_opportunity,138,80,0.1,0.01,0.3,False,True,0.0,0.3
qpu_opportunity,138,80,0.1,0.01,0.4,False,True,0.0,0.4
qpu_opportunity,138,80,0.1,0.05,0.2,False,True,0.0,0.2
qpu_opportunity,138,80,0.1,0.05,0.3,False,True,0.0,0.3
qpu_opportunity,138,80,0.1,0.05,0.4,False,True,0.0,0.4
qpu_opportunity,138,80,0.1,0.1,0.2,False,True,0.0,0.2
qpu_opportunity,138,80,0.1,0.1,0.3,False,True,0.0,0.3
qpu_opportunity,138,80,0.1,0.1,0.4,False,True,0.0,0.4
qpu_opportunity,138,80,0.15,0.01,0.2,False,True,0.0,0.2
qpu_opportunity,138,80,0.15,0.01,0.3,False,True,0.0,0.3
qpu_opportunity,138,80,0.15,0.01,0.4,False,True,0.0,0.4
qpu_opportunity,138,80,0.15,0.05,0.2,False,True,0.0,0.2
qpu_opportunity,138,80,0.15,0.05,0.3,False,True,0.0,0.3
qpu_opportunity,138,80,0.15,0.05,0.4,False,True,0.0,0.4
qpu_opportunity,138,80,0.15,0.1,0.2,False,True,0.0,0.2
qpu_opportunity,138,80,0.15,0.1,0.3,False,True,0.0,0.3
qpu_opportunity,138,80,0.15,0.1,0.4,False,True,0.0,0.4
qpu_opportunity,138,120,0.05,0.01,0.2,False,True,0.0,0.2
qpu_opportunity,138,120,0.05,0.01,0.3,False,True,0.0,0.3
qpu_opportunity,138,120,0.05,0.01,0.4,False,True,0.0,0.4
qpu_opportunity,138,120,0.05,0.05,0.2,False,True,0.0,0.2
qpu_opportunity,138,120,0.05,0.05,0.3,False,True,0.0,0.3
qpu_opportunity,138,120,0.05,0.05,0.4,False,True,0.0,0.4
qpu_opportunity,138,120,0.05,0.1,0.2,False,True,0.0,0.2
qpu_opportunity,138,120,0.05,0.1,0.3,False,True,0.0,0.3
qpu_opportunity,138,120,0.05,0.1,0.4,False,True,0.0,0.4
qpu_opportunity,138,120,0.1,0.01,0.2,False,True,0.0,0.2
qpu_opportunity,138,120,0.1,0.01,0.3,False,True,0.0,0.3
qpu_opportunity,138,120,0.1,0.01,0.4,False,True,0.0,0.4
qpu_opportunity,138,120,0.1,0.05,0.2,False,True,0.0,0.2
qpu_opportunity,138,120,0.1,0.05,0.3,False,True,0.0,0.3
qpu_opportunity,138,120,0.1,0.05,0.4,False,True,0.0,0.4
qpu_opportunity,138,120,0.1,0.1,0.2,False,True,0.0,0.2
qpu_opportunity,138,120,0.1,0.1,0.3,False,True,0.0,0.3
qpu_opportunity,138,120,0.1,0.1,0.4,False,True,0.0,0.4
qpu_opportunity,138,120,0.15,0.01,0.2,False,True,0.0,0.2
qpu_opportunity,138,120,0.15,0.01,0.3,False,True,0.0,0.3
qpu_opportunity,138,120,0.15,0.01,0.4,False,True,0.0,0.4
qpu_opportunity,138,120,0.15,0.05,0.2,False,True,0.0,0.2
qpu_opportunity,138,120,0.15,0.05,0.3,False,True,0.0,0.3
qpu_opportunity,138,120,0.15,0.05,0.4,False,True,0.0,0.4
qpu_opportunity,138,120,0.15,0.1,0.2,False,True,0.0,0.2
qpu_opportunity,138,120,0.15,0.1,0.3,False,True,0.0,0.3
qpu_opportunity,138,120,0.15,0.1,0.4,False,True,0.0,0.4
qpu_opportunity,139,40,0.05,0.01,0.2,False,True,0.0,0.2
qpu_opportunity,139,40,0.05,0.01,0.3,False,True,0.0,0.3
qpu_opportunity,139,40,0.05,0.01,0.4,False,True,0.0,0.4
qpu_opportunity,139,40,0.05,0.05,0.2,False,True,0.0,0.2
qpu_opportunity,139,40,0.05,0.05,0.3,False,True,0.0,0.3
qpu_opportunity,139,40,0.05,0.05,0.4,False,True,0.0,0.4
qpu_opportunity,139,40,0.05,0.1,0.2,False,True,0.0,0.2
qpu_opportunity,139,40,0.05,0.1,0.3,False,True,0.0,0.3
qpu_opportunity,139,40,0.05,0.1,0.4,False,True,0.0,0.4
qpu_opportunity,139,40,0.1,0.01,0.2,False,True,0.0,0.2
qpu_opportunity,139,40,0.1,0.01,0.3,False,True,0.0,0.3
qpu_opportunity,139,40,0.1,0.01,0.4,False,True,0.0,0.4
qpu_opportunity,139,40,0.1,0.05,0.2,False,True,0.0,0.2
qpu_opportunity,139,40,0.1,0.05,0.3,False,True,0.0,0.3
qpu_opportunity,139,40,0.1,0.05,0.4,False,True,0.0,0.4
qpu_opportunity,139,40,0.1,0.1,0.2,False,True,0.0,0.2
qpu_opportunity,139,40,0.1,0.1,0.3,False,True,0.0,0.3
qpu_opportunity,139,40,0.1,0.1,0.4,False,True,0.0,0.4
qpu_opportunity,139,40,0.15,0.01,0.2,False,True,0.0,0.2
qpu_opportunity,139,40,0.15,0.01,0.3,False,True,0.0,0.3
qpu_opportunity,139,40,0.15,0.01,0.4,False,True,0.0,0.4
qpu_opportunity,139,40,0.15,0.05,0.2,False,True,0.0,0.2
qpu_opportunity,139,40,0.15,0.05,0.3,False,True,0.0,0.3
qpu_opportunity,139,40,0.15,0.05,0.4,False,True,0.0,0.4
qpu_opportunity,139,40,0.15,0.1,0.2,False,True,0.0,0.2
qpu_opportunity,139,40,0.15,0.1,0.3,False,True,0.0,0.3
qpu_opportunity,139,40,0.15,0.1,0.4,False,True,0.0,0.4
qpu_opportunity,139,80,0.05,0.01,0.2,False,True,0.0,0.2
qpu_opportunity,139,80,0.05,0.01,0.3,False,True,0.0,0.3
qpu_opportunity,139,80,0.05,0.01,0.4,False,True,0.0,0.4
qpu_opportunity,139,80,0.05,0.05,0.2,False,True,0.0,0.2
qpu_opportunity,139,80,0.05,0.05,0.3,False,True,0.0,0.3
qpu_opportunity,139,80,0.05,0.05,0.4,False,True,0.0,0.4
qpu_opportunity,139,80,0.05,0.1,0.2,False,True,0.0,0.2
qpu_opportunity,139,80,0.05,0.1,0.3,False,True,0.0,0.3
qpu_opportunity,139,80,0.05,0.1,0.4,False,True,0.0,0.4
qpu_opportunity,139,80,0.1,0.01,0.2,False,True,0.0,0.2
qpu_opportunity,139,80,0.1,0.01,0.3,False,True,0.0,0.3
qpu_opportunity,139,80,0.1,0.01,0.4,False,True,0.0,0.4
qpu_opportunity,139,80,0.1,0.05,0.2,False,True,0.0,0.2
qpu_opportunity,139,80,0.1,0.05,0.3,False,True,0.0,0.3
qpu_opportunity,139,80,0.1,0.05,0.4,False,True,0.0,0.4
qpu_opportunity,139,80,0.1,0.1,0.2,False,True,0.0,0.2
qpu_opportunity,139,80,0.1,0.1,0.3,False,True,0.0,0.3
qpu_opportunity,139,80,0.1,0.1,0.4,False,True,0.0,0.4
qpu_opportunity,139,80,0.15,0.01,0.2,False,True,0.0,0.2
qpu_opportunity,139,80,0.15,0.01,0.3,False,True,0.0,0.3
qpu_opportunity,139,80,0.15,0.01,0.4,False,True,0.0,0.4
qpu_opportunity,139,80,0.15,0.05,0.2,False,True,0.0,0.2
qpu_opportunity,139,80,0.15,0.05,0.3,False,True,0.0,0.3
qpu_opportunity,139,80,0.15,0.05,0.4,False,True,0.0,0.4
qpu_opportunity,139,80,0.15,0.1,0.2,False,True,0.0,0.2
qpu_opportunity,139,80,0.15,0.1,0.3,False,True,0.0,0.3
qpu_opportunity,139,80,0.15,0.1,0.4,False,True,0.0,0.4
qpu_opportunity,139,120,0.05,0.01,0.2,False,True,0.0,0.2
qpu_opportunity,139,120,0.05,0.01,0.3,False,True,0.0,0.3
qpu_opportunity,139,120,0.05,0.01,0.4,False,True,0.0,0.4
qpu_opportunity,139,120,0.05,0.05,0.2,False,True,0.0,0.2
qpu_opportunity,139,120,0.05,0.05,0.3,False,True,0.0,0.3
qpu_opportunity,139,120,0.05,0.05,0.4,False,True,0.0,0.4
qpu_opportunity,139,120,0.05,0.1,0.2,False,True,0.0,0.2
qpu_opportunity,139,120,0.05,0.1,0.3,False,True,0.0,0.3
qpu_opportunity,139,120,0.05,0.1,0.4,False,True,0.0,0.4
qpu_opportunity,139,120,0.1,0.01,0.2,False,True,0.0,0.2
qpu_opportunity,139,120,0.1,0.01,0.3,False,True,0.0,0.3
qpu_opportunity,139,120,0.1,0.01,0.4,False,True,0.0,0.4
qpu_opportunity,139,120,0.1,0.05,0.2,False,True,0.0,0.2
qpu_opportunity,139,120,0.1,0.05,0.3,False,True,0.0,0.3
qpu_opportunity,139,120,0.1,0.05,0.4,False,True,0.0,0.4
qpu_opportunity,139,120,0.1,0.1,0.2,False,True,0.0,0.2
qpu_opportunity,139,120,0.1,0.1,0.3,False,True,0.0,0.3
qpu_opportunity,139,120,0.1,0.1,0.4,False,True,0.0,0.4
qpu_opportunity,139,120,0.15,0.01,0.2,False,True,0.0,0.2
qpu_opportunity,139,120,0.15,0.01,0.3,False,True,0.0,0.3
qpu_opportunity,139,120,0.15,0.01,0.4,False,True,0.0,0.4
qpu_opportunity,139,120,0.15,0.05,0.2,False,True,0.0,0.2
qpu_opportunity,139,120,0.15,0.05,0.3,False,True,0.0,0.3
qpu_opportunity,139,120,0.15,0.05,0.4,False,True,0.0,0.4
qpu_opportunity,139,120,0.15,0.1,0.2,False,True,0.0,0.2
qpu_opportunity,139,120,0.15,0.1,0.3,False,True,0.0,0.3
qpu_opportunity,139,120,0.15,0.1,0.4,False,True,0.0,0.4
qpu_opportunity,140,40,0.05,0.01,0.2,False,True,0.0,0.2
qpu_opportunity,140,40,0.05,0.01,0.3,False,True,0.0,0.3
qpu_opportunity,140,40,0.05,0.01,0.4,False,True,0.0,0.4
qpu_opportunity,140,40,0.05,0.05,0.2,False,True,0.0,0.2
qpu_opportunity,140,40,0.05,0.05,0.3,False,True,0.0,0.3
qpu_opportunity,140,40,0.05,0.05,0.4,False,True,0.0,0.4
qpu_opportunity,140,40,0.05,0.1,0.2,False,True,0.0,0.2
qpu_opportunity,140,40,0.05,0.1,0.3,False,True,0.0,0.3
qpu_opportunity,140,40,0.05,0.1,0.4,False,True,0.0,0.4
qpu_opportunity,140,40,0.1,0.01,0.2,False,True,0.0,0.2
qpu_opportunity,140,40,0.1,0.01,0.3,False,True,0.0,0.3
qpu_opportunity,140,40,0.1,0.01,0.4,False,True,0.0,0.4
qpu_opportunity,140,40,0.1,0.05,0.2,False,True,0.0,0.2
qpu_opportunity,140,40,0.1,0.05,0.3,False,True,0.0,0.3
qpu_opportunity,140,40,0.1,0.05,0.4,False,True,0.0,0.4
qpu_opportunity,140,40,0.1,0.1,0.2,False,True,0.0,0.2
qpu_opportunity,140,40,0.1,0.1,0.3,False,True,0.0,0.3
qpu_opportunity,140,40,0.1,0.1,0.4,False,True,0.0,0.4
qpu_opportunity,140,40,0.15,0.01,0.2,False,True,0.0,0.2
qpu_opportunity,140,40,0.15,0.01,0.3,False,True,0.0,0.3
qpu_opportunity,140,40,0.15,0.01,0.4,False,True,0.0,0.4
qpu_opportunity,140,40,0.15,0.05,0.2,False,True,0.0,0.2
qpu_opportunity,140,40,0.15,0.05,0.3,False,True,0.0,0.3
qpu_opportunity,140,40,0.15,0.05,0.4,False,True,0.0,0.4
qpu_opportunity,140,40,0.15,0.1,0.2,False,True,0.0,0.2
qpu_opportunity,140,40,0.15,0.1,0.3,False,True,0.0,0.3
qpu_opportunity,140,40,0.15,0.1,0.4,False,True,0.0,0.4
qpu_opportunity,140,80,0.05,0.01,0.2,False,True,0.0,0.2
qpu_opportunity,140,80,0.05,0.01,0.3,False,True,0.0,0.3
qpu_opportunity,140,80,0.05,0.01,0.4,False,True,0.0,0.4
qpu_opportunity,140,80,0.05,0.05,0.2,False,True,0.0,0.2
qpu_opportunity,140,80,0.05,0.05,0.3,False,True,0.0,0.3
qpu_opportunity,140,80,0.05,0.05,0.4,False,True,0.0,0.4
qpu_opportunity,140,80,0.05,0.1,0.2,False,True,0.0,0.2
qpu_opportunity,140,80,0.05,0.1,0.3,False,True,0.0,0.3
qpu_opportunity,140,80,0.05,0.1,0.4,False,True,0.0,0.4
qpu_opportunity,140,80,0.1,0.01,0.2,False,True,0.0,0.2
qpu_opportunity,140,80,0.1,0.01,0.3,False,True,0.0,0.3
qpu_opportunity,140,80,0.1,0.01,0.4,False,True,0.0,0.4
qpu_opportunity,140,80,0.1,0.05,0.2,False,True,0.0,0.2
qpu_opportunity,140,80,0.1,0.05,0.3,False,True,0.0,0.3
qpu_opportunity,140,80,0.1,0.05,0.4,False,True,0.0,0.4
qpu_opportunity,140,80,0.1,0.1,0.2,False,True,0.0,0.2
qpu_opportunity,140,80,0.1,0.1,0.3,False,True,0.0,0.3
qpu_opportunity,140,80,0.1,0.1,0.4,False,True,0.0,0.4
qpu_opportunity,140,80,0.15,0.01,0.2,False,True,0.0,0.2
qpu_opportunity,140,80,0.15,0.01,0.3,False,True,0.0,0.3
qpu_opportunity,140,80,0.15,0.01,0.4,False,True,0.0,0.4
qpu_opportunity,140,80,0.15,0.05,0.2,False,True,0.0,0.2
qpu_opportunity,140,80,0.15,0.05,0.3,False,True,0.0,0.3
qpu_opportunity,140,80,0.15,0.05,0.4,False,True,0.0,0.4
qpu_opportunity,140,80,0.15,0.1,0.2,False,True,0.0,0.2
qpu_opportunity,140,80,0.15,0.1,0.3,False,True,0.0,0.3
qpu_opportunity,140,80,0.15,0.1,0.4,False,True,0.0,0.4
qpu_opportunity,140,120,0.05,0.01,0.2,False,True,0.0,0.2
qpu_opportunity,140,120,0.05,0.01,0.3,False,True,0.0,0.3
qpu_opportunity,140,120,0.05,0.01,0.4,False,True,0.0,0.4
qpu_opportunity,140,120,0.05,0.05,0.2,False,True,0.0,0.2
qpu_opportunity,140,120,0.05,0.05,0.3,False,True,0.0,0.3
qpu_opportunity,140,120,0.05,0.05,0.4,False,True,0.0,0.4
qpu_opportunity,140,120,0.05,0.1,0.2,False,True,0.0,0.2
qpu_opportunity,140,120,0.05,0.1,0.3,False,True,0.0,0.3
qpu_opportunity,140,120,0.05,0.1,0.4,False,True,0.0,0.4
qpu_opportunity,140,120,0.1,0.01,0.2,False,True,0.0,0.2
qpu_opportunity,140,120,0.1,0.01,0.3,False,True,0.0,0.3
qpu_opportunity,140,120,0.1,0.01,0.4,False,True,0.0,0.4
qpu_opportunity,140,120,0.1,0.05,0.2,False,True,0.0,0.2
qpu_opportunity,140,120,0.1,0.05,0.3,False,True,0.0,0.3
qpu_opportunity,140,120,0.1,0.05,0.4,False,True,0.0,0.4
qpu_opportunity,140,120,0.1,0.1,0.2,False,True,0.0,0.2
qpu_opportunity,140,120,0.1,0.1,0.3,False,True,0.0,0.3
qpu_opportunity,140,120,0.1,0.1,0.4,False,True,0.0,0.4
qpu_opportunity,140,120,0.15,0.01,0.2,False,True,0.0,0.2
qpu_opportunity,140,120,0.15,0.01,0.3,False,True,0.0,0.3
qpu_opportunity,140,120,0.15,0.01,0.4,False,True,0.0,0.4
qpu_opportunity,140,120,0.15,0.05,0.2,False,True,0.0,0.2
qpu_opportunity,140,120,0.15,0.05,0.3,False,True,0.0,0.3
qpu_opportunity,140,120,0.15,0.05,0.4,False,True,0.0,0.4
qpu_opportunity,140,120,0.15,0.1,0.2,False,True,0.0,0.2
qpu_opportunity,140,120,0.15,0.1,0.3,False,True,0.0,0.3
qpu_opportunity,140,120,0.15,0.1,0.4,False,True,0.0,0.4
qpu_opportunity,141,40,0.05,0.01,0.2,False,True,0.0,0.2
qpu_opportunity,141,40,0.05,0.01,0.3,False,True,0.0,0.3
qpu_opportunity,141,40,0.05,0.01,0.4,False,True,0.0,0.4
qpu_opportunity,141,40,0.05,0.05,0.2,False,True,0.0,0.2
qpu_opportunity,141,40,0.05,0.05,0.3,False,True,0.0,0.3
qpu_opportunity,141,40,0.05,0.05,0.4,False,True,0.0,0.4
qpu_opportunity,141,40,0.05,0.1,0.2,False,True,0.0,0.2
qpu_opportunity,141,40,0.05,0.1,0.3,False,True,0.0,0.3
qpu_opportunity,141,40,0.05,0.1,0.4,False,True,0.0,0.4
qpu_opportunity,141,40,0.1,0.01,0.2,False,True,0.0,0.2
qpu_opportunity,141,40,0.1,0.01,0.3,False,True,0.0,0.3
qpu_opportunity,141,40,0.1,0.01,0.4,False,True,0.0,0.4
qpu_opportunity,141,40,0.1,0.05,0.2,False,True,0.0,0.2
qpu_opportunity,141,40,0.1,0.05,0.3,False,True,0.0,0.3
qpu_opportunity,141,40,0.1,0.05,0.4,False,True,0.0,0.4
qpu_opportunity,141,40,0.1,0.1,0.2,False,True,0.0,0.2
qpu_opportunity,141,40,0.1,0.1,0.3,False,True,0.0,0.3
qpu_opportunity,141,40,0.1,0.1,0.4,False,True,0.0,0.4
qpu_opportunity,141,40,0.15,0.01,0.2,False,True,0.0,0.2
qpu_opportunity,141,40,0.15,0.01,0.3,False,True,0.0,0.3
qpu_opportunity,141,40,0.15,0.01,0.4,False,True,0.0,0.4
qpu_opportunity,141,40,0.15,0.05,0.2,False,True,0.0,0.2
qpu_opportunity,141,40,0.15,0.05,0.3,False,True,0.0,0.3
qpu_opportunity,141,40,0.15,0.05,0.4,False,True,0.0,0.4
qpu_opportunity,141,40,0.15,0.1,0.2,False,True,0.0,0.2
qpu_opportunity,141,40,0.15,0.1,0.3,False,True,0.0,0.3
qpu_opportunity,141,40,0.15,0.1,0.4,False,True,0.0,0.4
qpu_opportunity,141,80,0.05,0.01,0.2,False,True,0.0,0.2
qpu_opportunity,141,80,0.05,0.01,0.3,False,True,0.0,0.3
qpu_opportunity,141,80,0.05,0.01,0.4,False,True,0.0,0.4
qpu_opportunity,141,80,0.05,0.05,0.2,False,True,0.0,0.2
qpu_opportunity,141,80,0.05,0.05,0.3,False,True,0.0,0.3
qpu_opportunity,141,80,0.05,0.05,0.4,False,True,0.0,0.4
qpu_opportunity,141,80,0.05,0.1,0.2,False,True,0.0,0.2
qpu_opportunity,141,80,0.05,0.1,0.3,False,True,0.0,0.3
qpu_opportunity,141,80,0.05,0.1,0.4,False,True,0.0,0.4
qpu_opportunity,141,80,0.1,0.01,0.2,False,True,0.0,0.2
qpu_opportunity,141,80,0.1,0.01,0.3,False,True,0.0,0.3
qpu_opportunity,141,80,0.1,0.01,0.4,False,True,0.0,0.4
qpu_opportunity,141,80,0.1,0.05,0.2,False,True,0.0,0.2
qpu_opportunity,141,80,0.1,0.05,0.3,False,True,0.0,0.3
qpu_opportunity,141,80,0.1,0.05,0.4,False,True,0.0,0.4
qpu_opportunity,141,80,0.1,0.1,0.2,False,True,0.0,0.2
qpu_opportunity,141,80,0.1,0.1,0.3,False,True,0.0,0.3
qpu_opportunity,141,80,0.1,0.1,0.4,False,True,0.0,0.4
qpu_opportunity,141,80,0.15,0.01,0.2,False,True,0.0,0.2
qpu_opportunity,141,80,0.15,0.01,0.3,False,True,0.0,0.3
qpu_opportunity,141,80,0.15,0.01,0.4,False,True,0.0,0.4
qpu_opportunity,141,80,0.15,0.05,0.2,False,True,0.0,0.2
qpu_opportunity,141,80,0.15,0.05,0.3,False,True,0.0,0.3
qpu_opportunity,141,80,0.15,0.05,0.4,False,True,0.0,0.4
qpu_opportunity,141,80,0.15,0.1,0.2,False,True,0.0,0.2
qpu_opportunity,141,80,0.15,0.1,0.3,False,True,0.0,0.3
qpu_opportunity,141,80,0.15,0.1,0.4,False,True,0.0,0.4
qpu_opportunity,141,120,0.05,0.01,0.2,False,True,0.0,0.2
qpu_opportunity,141,120,0.05,0.01,0.3,False,True,0.0,0.3
qpu_opportunity,141,120,0.05,0.01,0.4,False,True,0.0,0.4
qpu_opportunity,141,120,0.05,0.05,0.2,False,True,0.0,0.2
qpu_opportunity,141,120,0.05,0.05,0.3,False,True,0.0,0.3
qpu_opportunity,141,120,0.05,0.05,0.4,False,True,0.0,0.4
qpu_opportunity,141,120,0.05,0.1,0.2,False,True,0.0,0.2
qpu_opportunity,141,120,0.05,0.1,0.3,False,True,0.0,0.3
qpu_opportunity,141,120,0.05,0.1,0.4,False,True,0.0,0.4
qpu_opportunity,141,120,0.1,0.01,0.2,False,True,0.0,0.2
qpu_opportunity,141,120,0.1,0.01,0.3,False,True,0.0,0.3
qpu_opportunity,141,120,0.1,0.01,0.4,False,True,0.0,0.4
qpu_opportunity,141,120,0.1,0.05,0.2,False,True,0.0,0.2
qpu_opportunity,141,120,0.1,0.05,0.3,False,True,0.0,0.3
qpu_opportunity,141,120,0.1,0.05,0.4,False,True,0.0,0.4
qpu_opportunity,141,120,0.1,0.1,0.2,False,True,0.0,0.2
qpu_opportunity,141,120,0.1,0.1,0.3,False,True,0.0,0.3
qpu_opportunity,141,120,0.1,0.1,0.4,False,True,0.0,0.4
qpu_opportunity,141,120,0.15,0.01,0.2,False,True,0.0,0.2
qpu_opportunity,141,120,0.15,0.01,0.3,False,True,0.0,0.3
qpu_opportunity,141,120,0.15,0.01,0.4,False,True,0.0,0.4
qpu_opportunity,141,120,0.15,0.05,0.2,False,True,0.0,0.2
qpu_opportunity,141,120,0.15,0.05,0.3,False,True,0.0,0.3
qpu_opportunity,141,120,0.15,0.05,0.4,False,True,0.0,0.4
qpu_opportunity,141,120,0.15,0.1,0.2,False,True,0.0,0.2
qpu_opportunity,141,120,0.15,0.1,0.3,False,True,0.0,0.3
qpu_opportunity,141,120,0.15,0.1,0.4,False,True,0.0,0.4
qpu_opportunity,142,40,0.05,0.01,0.2,False,True,0.0,0.2
qpu_opportunity,142,40,0.05,0.01,0.3,False,True,0.0,0.3
qpu_opportunity,142,40,0.05,0.01,0.4,False,True,0.0,0.4
qpu_opportunity,142,40,0.05,0.05,0.2,False,True,0.0,0.2
qpu_opportunity,142,40,0.05,0.05,0.3,False,True,0.0,0.3
qpu_opportunity,142,40,0.05,0.05,0.4,False,True,0.0,0.4
qpu_opportunity,142,40,0.05,0.1,0.2,False,True,0.0,0.2
qpu_opportunity,142,40,0.05,0.1,0.3,False,True,0.0,0.3
qpu_opportunity,142,40,0.05,0.1,0.4,False,True,0.0,0.4
qpu_opportunity,142,40,0.1,0.01,0.2,False,True,0.0,0.2
qpu_opportunity,142,40,0.1,0.01,0.3,False,True,0.0,0.3
qpu_opportunity,142,40,0.1,0.01,0.4,False,True,0.0,0.4
qpu_opportunity,142,40,0.1,0.05,0.2,False,True,0.0,0.2
qpu_opportunity,142,40,0.1,0.05,0.3,False,True,0.0,0.3
qpu_opportunity,142,40,0.1,0.05,0.4,False,True,0.0,0.4
qpu_opportunity,142,40,0.1,0.1,0.2,False,True,0.0,0.2
qpu_opportunity,142,40,0.1,0.1,0.3,False,True,0.0,0.3
qpu_opportunity,142,40,0.1,0.1,0.4,False,True,0.0,0.4
qpu_opportunity,142,40,0.15,0.01,0.2,False,True,0.0,0.2
qpu_opportunity,142,40,0.15,0.01,0.3,False,True,0.0,0.3
qpu_opportunity,142,40,0.15,0.01,0.4,False,True,0.0,0.4
qpu_opportunity,142,40,0.15,0.05,0.2,False,True,0.0,0.2
qpu_opportunity,142,40,0.15,0.05,0.3,False,True,0.0,0.3
qpu_opportunity,142,40,0.15,0.05,0.4,False,True,0.0,0.4
qpu_opportunity,142,40,0.15,0.1,0.2,False,True,0.0,0.2
qpu_opportunity,142,40,0.15,0.1,0.3,False,True,0.0,0.3
qpu_opportunity,142,40,0.15,0.1,0.4,False,True,0.0,0.4
qpu_opportunity,142,80,0.05,0.01,0.2,False,True,0.0,0.2
qpu_opportunity,142,80,0.05,0.01,0.3,False,True,0.0,0.3
qpu_opportunity,142,80,0.05,0.01,0.4,False,True,0.0,0.4
qpu_opportunity,142,80,0.05,0.05,0.2,False,True,0.0,0.2
qpu_opportunity,142,80,0.05,0.05,0.3,False,True,0.0,0.3
qpu_opportunity,142,80,0.05,0.05,0.4,False,True,0.0,0.4
qpu_opportunity,142,80,0.05,0.1,0.2,False,True,0.0,0.2
qpu_opportunity,142,80,0.05,0.1,0.3,False,True,0.0,0.3
qpu_opportunity,142,80,0.05,0.1,0.4,False,True,0.0,0.4
qpu_opportunity,142,80,0.1,0.01,0.2,False,True,0.0,0.2
qpu_opportunity,142,80,0.1,0.01,0.3,False,True,0.0,0.3
qpu_opportunity,142,80,0.1,0.01,0.4,False,True,0.0,0.4
qpu_opportunity,142,80,0.1,0.05,0.2,False,True,0.0,0.2
qpu_opportunity,142,80,0.1,0.05,0.3,False,True,0.0,0.3
qpu_opportunity,142,80,0.1,0.05,0.4,False,True,0.0,0.4
qpu_opportunity,142,80,0.1,0.1,0.2,False,True,0.0,0.2
qpu_opportunity,142,80,0.1,0.1,0.3,False,True,0.0,0.3
qpu_opportunity,142,80,0.1,0.1,0.4,False,True,0.0,0.4
qpu_opportunity,142,80,0.15,0.01,0.2,False,True,0.0,0.2
qpu_opportunity,142,80,0.15,0.01,0.3,False,True,0.0,0.3
qpu_opportunity,142,80,0.15,0.01,0.4,False,True,0.0,0.4
qpu_opportunity,142,80,0.15,0.05,0.2,False,True,0.0,0.2
qpu_opportunity,142,80,0.15,0.05,0.3,False,True,0.0,0.3
qpu_opportunity,142,80,0.15,0.05,0.4,False,True,0.0,0.4
qpu_opportunity,142,80,0.15,0.1,0.2,False,True,0.0,0.2
qpu_opportunity,142,80,0.15,0.1,0.3,False,True,0.0,0.3
qpu_opportunity,142,80,0.15,0.1,0.4,False,True,0.0,0.4
qpu_opportunity,142,120,0.05,0.01,0.2,False,True,0.0,0.2
qpu_opportunity,142,120,0.05,0.01,0.3,False,True,0.0,0.3
qpu_opportunity,142,120,0.05,0.01,0.4,False,True,0.0,0.4
qpu_opportunity,142,120,0.05,0.05,0.2,False,True,0.0,0.2
qpu_opportunity,142,120,0.05,0.05,0.3,False,True,0.0,0.3
qpu_opportunity,142,120,0.05,0.05,0.4,False,True,0.0,0.4
qpu_opportunity,142,120,0.05,0.1,0.2,False,True,0.0,0.2
qpu_opportunity,142,120,0.05,0.1,0.3,False,True,0.0,0.3
qpu_opportunity,142,120,0.05,0.1,0.4,False,True,0.0,0.4
qpu_opportunity,142,120,0.1,0.01,0.2,False,True,0.0,0.2
qpu_opportunity,142,120,0.1,0.01,0.3,False,True,0.0,0.3
qpu_opportunity,142,120,0.1,0.01,0.4,False,True,0.0,0.4
qpu_opportunity,142,120,0.1,0.05,0.2,False,True,0.0,0.2
qpu_opportunity,142,120,0.1,0.05,0.3,False,True,0.0,0.3
qpu_opportunity,142,120,0.1,0.05,0.4,False,True,0.0,0.4
qpu_opportunity,142,120,0.1,0.1,0.2,False,True,0.0,0.2
qpu_opportunity,142,120,0.1,0.1,0.3,False,True,0.0,0.3
qpu_opportunity,142,120,0.1,0.1,0.4,False,True,0.0,0.4
qpu_opportunity,142,120,0.15,0.01,0.2,False,True,0.0,0.2
qpu_opportunity,142,120,0.15,0.01,0.3,False,True,0.0,0.3
qpu_opportunity,142,120,0.15,0.01,0.4,False,True,0.0,0.4
qpu_opportunity,142,120,0.15,0.05,0.2,False,True,0.0,0.2
qpu_opportunity,142,120,0.15,0.05,0.3,False,True,0.0,0.3
qpu_opportunity,142,120,0.15,0.05,0.4,False,True,0.0,0.4
qpu_opportunity,142,120,0.15,0.1,0.2,False,True,0.0,0.2
qpu_opportunity,142,120,0.15,0.1,0.3,False,True,0.0,0.3
qpu_opportunity,142,120,0.15,0.1,0.4,False,True,0.0,0.4
qpu_opportunity,143,40,0.05,0.01,0.2,False,True,0.0,0.2
qpu_opportunity,143,40,0.05,0.01,0.3,False,True,0.0,0.3
qpu_opportunity,143,40,0.05,0.01,0.4,False,True,0.0,0.4
qpu_opportunity,143,40,0.05,0.05,0.2,False,True,0.0,0.2
qpu_opportunity,143,40,0.05,0.05,0.3,False,True,0.0,0.3
qpu_opportunity,143,40,0.05,0.05,0.4,False,True,0.0,0.4
qpu_opportunity,143,40,0.05,0.1,0.2,False,True,0.0,0.2
qpu_opportunity,143,40,0.05,0.1,0.3,False,True,0.0,0.3
qpu_opportunity,143,40,0.05,0.1,0.4,False,True,0.0,0.4
qpu_opportunity,143,40,0.1,0.01,0.2,False,True,0.0,0.2
qpu_opportunity,143,40,0.1,0.01,0.3,False,True,0.0,0.3
qpu_opportunity,143,40,0.1,0.01,0.4,False,True,0.0,0.4
qpu_opportunity,143,40,0.1,0.05,0.2,False,True,0.0,0.2
qpu_opportunity,143,40,0.1,0.05,0.3,False,True,0.0,0.3
qpu_opportunity,143,40,0.1,0.05,0.4,False,True,0.0,0.4
qpu_opportunity,143,40,0.1,0.1,0.2,False,True,0.0,0.2
qpu_opportunity,143,40,0.1,0.1,0.3,False,True,0.0,0.3
qpu_opportunity,143,40,0.1,0.1,0.4,False,True,0.0,0.4
qpu_opportunity,143,40,0.15,0.01,0.2,False,True,0.0,0.2
qpu_opportunity,143,40,0.15,0.01,0.3,False,True,0.0,0.3
qpu_opportunity,143,40,0.15,0.01,0.4,False,True,0.0,0.4
qpu_opportunity,143,40,0.15,0.05,0.2,False,True,0.0,0.2
qpu_opportunity,143,40,0.15,0.05,0.3,False,True,0.0,0.3
qpu_opportunity,143,40,0.15,0.05,0.4,False,True,0.0,0.4
qpu_opportunity,143,40,0.15,0.1,0.2,False,True,0.0,0.2
qpu_opportunity,143,40,0.15,0.1,0.3,False,True,0.0,0.3
qpu_opportunity,143,40,0.15,0.1,0.4,False,True,0.0,0.4
qpu_opportunity,143,80,0.05,0.01,0.2,False,True,0.0,0.2
qpu_opportunity,143,80,0.05,0.01,0.3,False,True,0.0,0.3
qpu_opportunity,143,80,0.05,0.01,0.4,False,True,0.0,0.4
qpu_opportunity,143,80,0.05,0.05,0.2,False,True,0.0,0.2
qpu_opportunity,143,80,0.05,0.05,0.3,False,True,0.0,0.3
qpu_opportunity,143,80,0.05,0.05,0.4,False,True,0.0,0.4
qpu_opportunity,143,80,0.05,0.1,0.2,False,True,0.0,0.2
qpu_opportunity,143,80,0.05,0.1,0.3,False,True,0.0,0.3
qpu_opportunity,143,80,0.05,0.1,0.4,False,True,0.0,0.4
qpu_opportunity,143,80,0.1,0.01,0.2,False,True,0.0,0.2
qpu_opportunity,143,80,0.1,0.01,0.3,False,True,0.0,0.3
qpu_opportunity,143,80,0.1,0.01,0.4,False,True,0.0,0.4
qpu_opportunity,143,80,0.1,0.05,0.2,False,True,0.0,0.2
qpu_opportunity,143,80,0.1,0.05,0.3,False,True,0.0,0.3
qpu_opportunity,143,80,0.1,0.05,0.4,False,True,0.0,0.4
qpu_opportunity,143,80,0.1,0.1,0.2,False,True,0.0,0.2
qpu_opportunity,143,80,0.1,0.1,0.3,False,True,0.0,0.3
qpu_opportunity,143,80,0.1,0.1,0.4,False,True,0.0,0.4
qpu_opportunity,143,80,0.15,0.01,0.2,False,True,0.0,0.2
qpu_opportunity,143,80,0.15,0.01,0.3,False,True,0.0,0.3
qpu_opportunity,143,80,0.15,0.01,0.4,False,True,0.0,0.4
qpu_opportunity,143,80,0.15,0.05,0.2,True,False,0.1,0.1
qpu_opportunity,143,80,0.15,0.05,0.3,True,False,0.1,0.1
qpu_opportunity,143,80,0.15,0.05,0.4,True,False,0.1,0.1
qpu_opportunity,143,80,0.15,0.1,0.2,True,False,0.1,0.1
qpu_opportunity,143,80,0.15,0.1,0.3,True,False,0.1,0.1
qpu_opportunity,143,80,0.15,0.1,0.4,True,False,0.1,0.1
qpu_opportunity,143,120,0.05,0.01,0.2,False,True,0.0,0.2
qpu_opportunity,143,120,0.05,0.01,0.3,False,True,0.0,0.3
qpu_opportunity,143,120,0.05,0.01,0.4,False,True,0.0,0.4
qpu_opportunity,143,120,0.05,0.05,0.2,False,True,0.0,0.2
qpu_opportunity,143,120,0.05,0.05,0.3,False,True,0.0,0.3
qpu_opportunity,143,120,0.05,0.05,0.4,False,True,0.0,0.4
qpu_opportunity,143,120,0.05,0.1,0.2,False,True,0.0,0.2
qpu_opportunity,143,120,0.05,0.1,0.3,False,True,0.0,0.3
qpu_opportunity,143,120,0.05,0.1,0.4,False,True,0.0,0.4
qpu_opportunity,143,120,0.1,0.01,0.2,False,True,0.0,0.2
qpu_opportunity,143,120,0.1,0.01,0.3,False,True,0.0,0.3
qpu_opportunity,143,120,0.1,0.01,0.4,False,True,0.0,0.4
qpu_opportunity,143,120,0.1,0.05,0.2,False,True,0.0,0.2
qpu_opportunity,143,120,0.1,0.05,0.3,False,True,0.0,0.3
qpu_opportunity,143,120,0.1,0.05,0.4,False,True,0.0,0.4
qpu_opportunity,143,120,0.1,0.1,0.2,False,True,0.0,0.2
qpu_opportunity,143,120,0.1,0.1,0.3,False,True,0.0,0.3
qpu_opportunity,143,120,0.1,0.1,0.4,False,True,0.0,0.4
qpu_opportunity,143,120,0.15,0.01,0.2,True,False,0.1,0.1
qpu_opportunity,143,120,0.15,0.01,0.3,True,False,0.1,0.1
qpu_opportunity,143,120,0.15,0.01,0.4,True,False,0.1,0.1
qpu_opportunity,143,120,0.15,0.05,0.2,True,False,0.1,0.1
qpu_opportunity,143,120,0.15,0.05,0.3,True,False,0.1,0.1
qpu_opportunity,143,120,0.15,0.05,0.4,True,False,0.1,0.1
qpu_opportunity,143,120,0.15,0.1,0.2,True,False,0.1,0.1
qpu_opportunity,143,120,0.15,0.1,0.3,True,False,0.1,0.1
qpu_opportunity,143,120,0.15,0.1,0.4,True,False,0.1,0.1
queue_stress,120,40,0.05,0.01,0.2,False,True,0.0,0.2
queue_stress,120,40,0.05,0.01,0.3,False,True,0.0,0.3
queue_stress,120,40,0.05,0.01,0.4,False,True,0.0,0.4
queue_stress,120,40,0.05,0.05,0.2,False,True,0.0,0.2
queue_stress,120,40,0.05,0.05,0.3,False,True,0.0,0.3
queue_stress,120,40,0.05,0.05,0.4,False,True,0.0,0.4
queue_stress,120,40,0.05,0.1,0.2,False,True,0.0,0.2
queue_stress,120,40,0.05,0.1,0.3,False,True,0.0,0.3
queue_stress,120,40,0.05,0.1,0.4,False,True,0.0,0.4
queue_stress,120,40,0.1,0.01,0.2,False,True,0.0,0.2
queue_stress,120,40,0.1,0.01,0.3,False,True,0.0,0.3
queue_stress,120,40,0.1,0.01,0.4,False,True,0.0,0.4
queue_stress,120,40,0.1,0.05,0.2,False,True,0.0,0.2
queue_stress,120,40,0.1,0.05,0.3,False,True,0.0,0.3
queue_stress,120,40,0.1,0.05,0.4,False,True,0.0,0.4
queue_stress,120,40,0.1,0.1,0.2,False,True,0.0,0.2
queue_stress,120,40,0.1,0.1,0.3,False,True,0.0,0.3
queue_stress,120,40,0.1,0.1,0.4,False,True,0.0,0.4
queue_stress,120,40,0.15,0.01,0.2,False,True,0.0,0.2
queue_stress,120,40,0.15,0.01,0.3,False,True,0.0,0.3
queue_stress,120,40,0.15,0.01,0.4,False,True,0.0,0.4
queue_stress,120,40,0.15,0.05,0.2,False,True,0.0,0.2
queue_stress,120,40,0.15,0.05,0.3,False,True,0.0,0.3
queue_stress,120,40,0.15,0.05,0.4,False,True,0.0,0.4
queue_stress,120,40,0.15,0.1,0.2,False,True,0.0,0.2
queue_stress,120,40,0.15,0.1,0.3,False,True,0.0,0.3
queue_stress,120,40,0.15,0.1,0.4,False,True,0.0,0.4
queue_stress,120,80,0.05,0.01,0.2,False,True,0.0,0.2
queue_stress,120,80,0.05,0.01,0.3,False,True,0.0,0.3
queue_stress,120,80,0.05,0.01,0.4,False,True,0.0,0.4
queue_stress,120,80,0.05,0.05,0.2,False,True,0.0,0.2
queue_stress,120,80,0.05,0.05,0.3,False,True,0.0,0.3
queue_stress,120,80,0.05,0.05,0.4,False,True,0.0,0.4
queue_stress,120,80,0.05,0.1,0.2,False,True,0.0,0.2
queue_stress,120,80,0.05,0.1,0.3,False,True,0.0,0.3
queue_stress,120,80,0.05,0.1,0.4,False,True,0.0,0.4
queue_stress,120,80,0.1,0.01,0.2,False,True,0.0,0.2
queue_stress,120,80,0.1,0.01,0.3,False,True,0.0,0.3
queue_stress,120,80,0.1,0.01,0.4,False,True,0.0,0.4
queue_stress,120,80,0.1,0.05,0.2,False,True,0.0,0.2
queue_stress,120,80,0.1,0.05,0.3,False,True,0.0,0.3
queue_stress,120,80,0.1,0.05,0.4,False,True,0.0,0.4
queue_stress,120,80,0.1,0.1,0.2,False,True,0.0,0.2
queue_stress,120,80,0.1,0.1,0.3,False,True,0.0,0.3
queue_stress,120,80,0.1,0.1,0.4,False,True,0.0,0.4
queue_stress,120,80,0.15,0.01,0.2,False,True,0.0,0.2
queue_stress,120,80,0.15,0.01,0.3,False,True,0.0,0.3
queue_stress,120,80,0.15,0.01,0.4,False,True,0.0,0.4
queue_stress,120,80,0.15,0.05,0.2,False,True,0.0,0.2
queue_stress,120,80,0.15,0.05,0.3,False,True,0.0,0.3
queue_stress,120,80,0.15,0.05,0.4,False,True,0.0,0.4
queue_stress,120,80,0.15,0.1,0.2,False,True,0.0,0.2
queue_stress,120,80,0.15,0.1,0.3,False,True,0.0,0.3
queue_stress,120,80,0.15,0.1,0.4,False,True,0.0,0.4
queue_stress,120,120,0.05,0.01,0.2,False,True,0.0,0.2
queue_stress,120,120,0.05,0.01,0.3,False,True,0.0,0.3
queue_stress,120,120,0.05,0.01,0.4,False,True,0.0,0.4
queue_stress,120,120,0.05,0.05,0.2,False,True,0.0,0.2
queue_stress,120,120,0.05,0.05,0.3,False,True,0.0,0.3
queue_stress,120,120,0.05,0.05,0.4,False,True,0.0,0.4
queue_stress,120,120,0.05,0.1,0.2,False,True,0.0,0.2
queue_stress,120,120,0.05,0.1,0.3,False,True,0.0,0.3
queue_stress,120,120,0.05,0.1,0.4,False,True,0.0,0.4
queue_stress,120,120,0.1,0.01,0.2,False,True,0.0,0.2
queue_stress,120,120,0.1,0.01,0.3,False,True,0.0,0.3
queue_stress,120,120,0.1,0.01,0.4,False,True,0.0,0.4
queue_stress,120,120,0.1,0.05,0.2,False,True,0.0,0.2
queue_stress,120,120,0.1,0.05,0.3,False,True,0.0,0.3
queue_stress,120,120,0.1,0.05,0.4,False,True,0.0,0.4
queue_stress,120,120,0.1,0.1,0.2,False,True,0.0,0.2
queue_stress,120,120,0.1,0.1,0.3,False,True,0.0,0.3
queue_stress,120,120,0.1,0.1,0.4,False,True,0.0,0.4
queue_stress,120,120,0.15,0.01,0.2,False,True,0.0,0.2
queue_stress,120,120,0.15,0.01,0.3,False,True,0.0,0.3
queue_stress,120,120,0.15,0.01,0.4,False,True,0.0,0.4
queue_stress,120,120,0.15,0.05,0.2,False,True,0.0,0.2
queue_stress,120,120,0.15,0.05,0.3,False,True,0.0,0.3
queue_stress,120,120,0.15,0.05,0.4,False,True,0.0,0.4
queue_stress,120,120,0.15,0.1,0.2,False,True,0.0,0.2
queue_stress,120,120,0.15,0.1,0.3,False,True,0.0,0.3
queue_stress,120,120,0.15,0.1,0.4,False,True,0.0,0.4
queue_stress,121,40,0.05,0.01,0.2,False,True,0.0,0.2
queue_stress,121,40,0.05,0.01,0.3,False,True,0.0,0.3
queue_stress,121,40,0.05,0.01,0.4,False,True,0.0,0.4
queue_stress,121,40,0.05,0.05,0.2,False,True,0.0,0.2
queue_stress,121,40,0.05,0.05,0.3,False,True,0.0,0.3
queue_stress,121,40,0.05,0.05,0.4,False,True,0.0,0.4
queue_stress,121,40,0.05,0.1,0.2,False,True,0.0,0.2
queue_stress,121,40,0.05,0.1,0.3,False,True,0.0,0.3
queue_stress,121,40,0.05,0.1,0.4,False,True,0.0,0.4
queue_stress,121,40,0.1,0.01,0.2,False,True,0.0,0.2
queue_stress,121,40,0.1,0.01,0.3,False,True,0.0,0.3
queue_stress,121,40,0.1,0.01,0.4,False,True,0.0,0.4
queue_stress,121,40,0.1,0.05,0.2,False,True,0.0,0.2
queue_stress,121,40,0.1,0.05,0.3,False,True,0.0,0.3
queue_stress,121,40,0.1,0.05,0.4,False,True,0.0,0.4
queue_stress,121,40,0.1,0.1,0.2,False,True,0.0,0.2
queue_stress,121,40,0.1,0.1,0.3,False,True,0.0,0.3
queue_stress,121,40,0.1,0.1,0.4,False,True,0.0,0.4
queue_stress,121,40,0.15,0.01,0.2,False,True,0.0,0.2
queue_stress,121,40,0.15,0.01,0.3,False,True,0.0,0.3
queue_stress,121,40,0.15,0.01,0.4,False,True,0.0,0.4
queue_stress,121,40,0.15,0.05,0.2,False,True,0.0,0.2
queue_stress,121,40,0.15,0.05,0.3,False,True,0.0,0.3
queue_stress,121,40,0.15,0.05,0.4,False,True,0.0,0.4
queue_stress,121,40,0.15,0.1,0.2,False,True,0.0,0.2
queue_stress,121,40,0.15,0.1,0.3,False,True,0.0,0.3
queue_stress,121,40,0.15,0.1,0.4,False,True,0.0,0.4
queue_stress,121,80,0.05,0.01,0.2,False,True,0.0,0.2
queue_stress,121,80,0.05,0.01,0.3,False,True,0.0,0.3
queue_stress,121,80,0.05,0.01,0.4,False,True,0.0,0.4
queue_stress,121,80,0.05,0.05,0.2,False,True,0.0,0.2
queue_stress,121,80,0.05,0.05,0.3,False,True,0.0,0.3
queue_stress,121,80,0.05,0.05,0.4,False,True,0.0,0.4
queue_stress,121,80,0.05,0.1,0.2,False,True,0.0,0.2
queue_stress,121,80,0.05,0.1,0.3,False,True,0.0,0.3
queue_stress,121,80,0.05,0.1,0.4,False,True,0.0,0.4
queue_stress,121,80,0.1,0.01,0.2,False,True,0.0,0.2
queue_stress,121,80,0.1,0.01,0.3,False,True,0.0,0.3
queue_stress,121,80,0.1,0.01,0.4,False,True,0.0,0.4
queue_stress,121,80,0.1,0.05,0.2,False,True,0.0,0.2
queue_stress,121,80,0.1,0.05,0.3,False,True,0.0,0.3
queue_stress,121,80,0.1,0.05,0.4,False,True,0.0,0.4
queue_stress,121,80,0.1,0.1,0.2,False,True,0.0,0.2
queue_stress,121,80,0.1,0.1,0.3,False,True,0.0,0.3
queue_stress,121,80,0.1,0.1,0.4,False,True,0.0,0.4
queue_stress,121,80,0.15,0.01,0.2,False,True,0.0,0.2
queue_stress,121,80,0.15,0.01,0.3,False,True,0.0,0.3
queue_stress,121,80,0.15,0.01,0.4,False,True,0.0,0.4
queue_stress,121,80,0.15,0.05,0.2,False,True,0.0,0.2
queue_stress,121,80,0.15,0.05,0.3,False,True,0.0,0.3
queue_stress,121,80,0.15,0.05,0.4,False,True,0.0,0.4
queue_stress,121,80,0.15,0.1,0.2,False,True,0.0,0.2
queue_stress,121,80,0.15,0.1,0.3,False,True,0.0,0.3
queue_stress,121,80,0.15,0.1,0.4,False,True,0.0,0.4
queue_stress,121,120,0.05,0.01,0.2,False,True,0.0,0.2
queue_stress,121,120,0.05,0.01,0.3,False,True,0.0,0.3
queue_stress,121,120,0.05,0.01,0.4,False,True,0.0,0.4
queue_stress,121,120,0.05,0.05,0.2,False,True,0.0,0.2
queue_stress,121,120,0.05,0.05,0.3,False,True,0.0,0.3
queue_stress,121,120,0.05,0.05,0.4,False,True,0.0,0.4
queue_stress,121,120,0.05,0.1,0.2,False,True,0.0,0.2
queue_stress,121,120,0.05,0.1,0.3,False,True,0.0,0.3
queue_stress,121,120,0.05,0.1,0.4,False,True,0.0,0.4
queue_stress,121,120,0.1,0.01,0.2,False,True,0.0,0.2
queue_stress,121,120,0.1,0.01,0.3,False,True,0.0,0.3
queue_stress,121,120,0.1,0.01,0.4,False,True,0.0,0.4
queue_stress,121,120,0.1,0.05,0.2,False,True,0.0,0.2
queue_stress,121,120,0.1,0.05,0.3,False,True,0.0,0.3
queue_stress,121,120,0.1,0.05,0.4,False,True,0.0,0.4
queue_stress,121,120,0.1,0.1,0.2,False,True,0.0,0.2
queue_stress,121,120,0.1,0.1,0.3,False,True,0.0,0.3
queue_stress,121,120,0.1,0.1,0.4,False,True,0.0,0.4
queue_stress,121,120,0.15,0.01,0.2,False,True,0.0,0.2
queue_stress,121,120,0.15,0.01,0.3,False,True,0.0,0.3
queue_stress,121,120,0.15,0.01,0.4,False,True,0.0,0.4
queue_stress,121,120,0.15,0.05,0.2,False,True,0.0,0.2
queue_stress,121,120,0.15,0.05,0.3,False,True,0.0,0.3
queue_stress,121,120,0.15,0.05,0.4,False,True,0.0,0.4
queue_stress,121,120,0.15,0.1,0.2,False,True,0.0,0.2
queue_stress,121,120,0.15,0.1,0.3,False,True,0.0,0.3
queue_stress,121,120,0.15,0.1,0.4,False,True,0.0,0.4
queue_stress,122,40,0.05,0.01,0.2,False,True,0.0,0.2
queue_stress,122,40,0.05,0.01,0.3,False,True,0.0,0.3
queue_stress,122,40,0.05,0.01,0.4,False,True,0.0,0.4
queue_stress,122,40,0.05,0.05,0.2,False,True,0.0,0.2
queue_stress,122,40,0.05,0.05,0.3,False,True,0.0,0.3
queue_stress,122,40,0.05,0.05,0.4,False,True,0.0,0.4
queue_stress,122,40,0.05,0.1,0.2,False,True,0.0,0.2
queue_stress,122,40,0.05,0.1,0.3,False,True,0.0,0.3
queue_stress,122,40,0.05,0.1,0.4,False,True,0.0,0.4
queue_stress,122,40,0.1,0.01,0.2,False,True,0.0,0.2
queue_stress,122,40,0.1,0.01,0.3,False,True,0.0,0.3
queue_stress,122,40,0.1,0.01,0.4,False,True,0.0,0.4
queue_stress,122,40,0.1,0.05,0.2,False,True,0.0,0.2
queue_stress,122,40,0.1,0.05,0.3,False,True,0.0,0.3
queue_stress,122,40,0.1,0.05,0.4,False,True,0.0,0.4
queue_stress,122,40,0.1,0.1,0.2,False,True,0.0,0.2
queue_stress,122,40,0.1,0.1,0.3,False,True,0.0,0.3
queue_stress,122,40,0.1,0.1,0.4,False,True,0.0,0.4
queue_stress,122,40,0.15,0.01,0.2,False,True,0.0,0.2
queue_stress,122,40,0.15,0.01,0.3,False,True,0.0,0.3
queue_stress,122,40,0.15,0.01,0.4,False,True,0.0,0.4
queue_stress,122,40,0.15,0.05,0.2,False,True,0.0,0.2
queue_stress,122,40,0.15,0.05,0.3,False,True,0.0,0.3
queue_stress,122,40,0.15,0.05,0.4,False,True,0.0,0.4
queue_stress,122,40,0.15,0.1,0.2,False,True,0.0,0.2
queue_stress,122,40,0.15,0.1,0.3,False,True,0.0,0.3
queue_stress,122,40,0.15,0.1,0.4,False,True,0.0,0.4
queue_stress,122,80,0.05,0.01,0.2,False,True,0.0,0.2
queue_stress,122,80,0.05,0.01,0.3,False,True,0.0,0.3
queue_stress,122,80,0.05,0.01,0.4,False,True,0.0,0.4
queue_stress,122,80,0.05,0.05,0.2,False,True,0.0,0.2
queue_stress,122,80,0.05,0.05,0.3,False,True,0.0,0.3
queue_stress,122,80,0.05,0.05,0.4,False,True,0.0,0.4
queue_stress,122,80,0.05,0.1,0.2,False,True,0.0,0.2
queue_stress,122,80,0.05,0.1,0.3,False,True,0.0,0.3
queue_stress,122,80,0.05,0.1,0.4,False,True,0.0,0.4
queue_stress,122,80,0.1,0.01,0.2,False,True,0.0,0.2
queue_stress,122,80,0.1,0.01,0.3,False,True,0.0,0.3
queue_stress,122,80,0.1,0.01,0.4,False,True,0.0,0.4
queue_stress,122,80,0.1,0.05,0.2,False,True,0.0,0.2
queue_stress,122,80,0.1,0.05,0.3,False,True,0.0,0.3
queue_stress,122,80,0.1,0.05,0.4,False,True,0.0,0.4
queue_stress,122,80,0.1,0.1,0.2,False,True,0.0,0.2
queue_stress,122,80,0.1,0.1,0.3,False,True,0.0,0.3
queue_stress,122,80,0.1,0.1,0.4,False,True,0.0,0.4
queue_stress,122,80,0.15,0.01,0.2,False,True,0.0,0.2
queue_stress,122,80,0.15,0.01,0.3,False,True,0.0,0.3
queue_stress,122,80,0.15,0.01,0.4,False,True,0.0,0.4
queue_stress,122,80,0.15,0.05,0.2,False,True,0.0,0.2
queue_stress,122,80,0.15,0.05,0.3,False,True,0.0,0.3
queue_stress,122,80,0.15,0.05,0.4,False,True,0.0,0.4
queue_stress,122,80,0.15,0.1,0.2,False,True,0.0,0.2
queue_stress,122,80,0.15,0.1,0.3,False,True,0.0,0.3
queue_stress,122,80,0.15,0.1,0.4,False,True,0.0,0.4
queue_stress,122,120,0.05,0.01,0.2,False,True,0.0,0.2
queue_stress,122,120,0.05,0.01,0.3,False,True,0.0,0.3
queue_stress,122,120,0.05,0.01,0.4,False,True,0.0,0.4
queue_stress,122,120,0.05,0.05,0.2,False,True,0.0,0.2
queue_stress,122,120,0.05,0.05,0.3,False,True,0.0,0.3
queue_stress,122,120,0.05,0.05,0.4,False,True,0.0,0.4
queue_stress,122,120,0.05,0.1,0.2,False,True,0.0,0.2
queue_stress,122,120,0.05,0.1,0.3,False,True,0.0,0.3
queue_stress,122,120,0.05,0.1,0.4,False,True,0.0,0.4
queue_stress,122,120,0.1,0.01,0.2,False,True,0.0,0.2
queue_stress,122,120,0.1,0.01,0.3,False,True,0.0,0.3
queue_stress,122,120,0.1,0.01,0.4,False,True,0.0,0.4
queue_stress,122,120,0.1,0.05,0.2,False,True,0.0,0.2
queue_stress,122,120,0.1,0.05,0.3,False,True,0.0,0.3
queue_stress,122,120,0.1,0.05,0.4,False,True,0.0,0.4
queue_stress,122,120,0.1,0.1,0.2,False,True,0.0,0.2
queue_stress,122,120,0.1,0.1,0.3,False,True,0.0,0.3
queue_stress,122,120,0.1,0.1,0.4,False,True,0.0,0.4
queue_stress,122,120,0.15,0.01,0.2,False,True,0.0,0.2
queue_stress,122,120,0.15,0.01,0.3,False,True,0.0,0.3
queue_stress,122,120,0.15,0.01,0.4,False,True,0.0,0.4
queue_stress,122,120,0.15,0.05,0.2,False,True,0.0,0.2
queue_stress,122,120,0.15,0.05,0.3,False,True,0.0,0.3
queue_stress,122,120,0.15,0.05,0.4,False,True,0.0,0.4
queue_stress,122,120,0.15,0.1,0.2,False,True,0.0,0.2
queue_stress,122,120,0.15,0.1,0.3,False,True,0.0,0.3
queue_stress,122,120,0.15,0.1,0.4,False,True,0.0,0.4
queue_stress,123,40,0.05,0.01,0.2,False,True,0.0,0.2
queue_stress,123,40,0.05,0.01,0.3,False,True,0.0,0.3
queue_stress,123,40,0.05,0.01,0.4,False,True,0.0,0.4
queue_stress,123,40,0.05,0.05,0.2,False,True,0.0,0.2
queue_stress,123,40,0.05,0.05,0.3,False,True,0.0,0.3
queue_stress,123,40,0.05,0.05,0.4,False,True,0.0,0.4
queue_stress,123,40,0.05,0.1,0.2,False,True,0.0,0.2
queue_stress,123,40,0.05,0.1,0.3,False,True,0.0,0.3
queue_stress,123,40,0.05,0.1,0.4,False,True,0.0,0.4
queue_stress,123,40,0.1,0.01,0.2,False,True,0.0,0.2
queue_stress,123,40,0.1,0.01,0.3,False,True,0.0,0.3
queue_stress,123,40,0.1,0.01,0.4,False,True,0.0,0.4
queue_stress,123,40,0.1,0.05,0.2,False,True,0.0,0.2
queue_stress,123,40,0.1,0.05,0.3,False,True,0.0,0.3
queue_stress,123,40,0.1,0.05,0.4,False,True,0.0,0.4
queue_stress,123,40,0.1,0.1,0.2,False,True,0.0,0.2
queue_stress,123,40,0.1,0.1,0.3,False,True,0.0,0.3
queue_stress,123,40,0.1,0.1,0.4,False,True,0.0,0.4
queue_stress,123,40,0.15,0.01,0.2,False,True,0.0,0.2
queue_stress,123,40,0.15,0.01,0.3,False,True,0.0,0.3
queue_stress,123,40,0.15,0.01,0.4,False,True,0.0,0.4
queue_stress,123,40,0.15,0.05,0.2,False,True,0.0,0.2
queue_stress,123,40,0.15,0.05,0.3,False,True,0.0,0.3
queue_stress,123,40,0.15,0.05,0.4,False,True,0.0,0.4
queue_stress,123,40,0.15,0.1,0.2,False,True,0.0,0.2
queue_stress,123,40,0.15,0.1,0.3,False,True,0.0,0.3
queue_stress,123,40,0.15,0.1,0.4,False,True,0.0,0.4
queue_stress,123,80,0.05,0.01,0.2,False,True,0.0,0.2
queue_stress,123,80,0.05,0.01,0.3,False,True,0.0,0.3
queue_stress,123,80,0.05,0.01,0.4,False,True,0.0,0.4
queue_stress,123,80,0.05,0.05,0.2,False,True,0.0,0.2
queue_stress,123,80,0.05,0.05,0.3,False,True,0.0,0.3
queue_stress,123,80,0.05,0.05,0.4,False,True,0.0,0.4
queue_stress,123,80,0.05,0.1,0.2,False,True,0.0,0.2
queue_stress,123,80,0.05,0.1,0.3,False,True,0.0,0.3
queue_stress,123,80,0.05,0.1,0.4,False,True,0.0,0.4
queue_stress,123,80,0.1,0.01,0.2,False,True,0.0,0.2
queue_stress,123,80,0.1,0.01,0.3,False,True,0.0,0.3
queue_stress,123,80,0.1,0.01,0.4,False,True,0.0,0.4
queue_stress,123,80,0.1,0.05,0.2,False,True,0.0,0.2
queue_stress,123,80,0.1,0.05,0.3,False,True,0.0,0.3
queue_stress,123,80,0.1,0.05,0.4,False,True,0.0,0.4
queue_stress,123,80,0.1,0.1,0.2,False,True,0.0,0.2
queue_stress,123,80,0.1,0.1,0.3,False,True,0.0,0.3
queue_stress,123,80,0.1,0.1,0.4,False,True,0.0,0.4
queue_stress,123,80,0.15,0.01,0.2,False,True,0.0,0.2
queue_stress,123,80,0.15,0.01,0.3,False,True,0.0,0.3
queue_stress,123,80,0.15,0.01,0.4,False,True,0.0,0.4
queue_stress,123,80,0.15,0.05,0.2,False,True,0.0,0.2
queue_stress,123,80,0.15,0.05,0.3,False,True,0.0,0.3
queue_stress,123,80,0.15,0.05,0.4,False,True,0.0,0.4
queue_stress,123,80,0.15,0.1,0.2,False,True,0.0,0.2
queue_stress,123,80,0.15,0.1,0.3,False,True,0.0,0.3
queue_stress,123,80,0.15,0.1,0.4,False,True,0.0,0.4
queue_stress,123,120,0.05,0.01,0.2,False,True,0.0,0.2
queue_stress,123,120,0.05,0.01,0.3,False,True,0.0,0.3
queue_stress,123,120,0.05,0.01,0.4,False,True,0.0,0.4
queue_stress,123,120,0.05,0.05,0.2,False,True,0.0,0.2
queue_stress,123,120,0.05,0.05,0.3,False,True,0.0,0.3
queue_stress,123,120,0.05,0.05,0.4,False,True,0.0,0.4
queue_stress,123,120,0.05,0.1,0.2,False,True,0.0,0.2
queue_stress,123,120,0.05,0.1,0.3,False,True,0.0,0.3
queue_stress,123,120,0.05,0.1,0.4,False,True,0.0,0.4
queue_stress,123,120,0.1,0.01,0.2,False,True,0.0,0.2
queue_stress,123,120,0.1,0.01,0.3,False,True,0.0,0.3
queue_stress,123,120,0.1,0.01,0.4,False,True,0.0,0.4
queue_stress,123,120,0.1,0.05,0.2,False,True,0.0,0.2
queue_stress,123,120,0.1,0.05,0.3,False,True,0.0,0.3
queue_stress,123,120,0.1,0.05,0.4,False,True,0.0,0.4
queue_stress,123,120,0.1,0.1,0.2,False,True,0.0,0.2
queue_stress,123,120,0.1,0.1,0.3,False,True,0.0,0.3
queue_stress,123,120,0.1,0.1,0.4,False,True,0.0,0.4
queue_stress,123,120,0.15,0.01,0.2,False,True,0.0,0.2
queue_stress,123,120,0.15,0.01,0.3,False,True,0.0,0.3
queue_stress,123,120,0.15,0.01,0.4,False,True,0.0,0.4
queue_stress,123,120,0.15,0.05,0.2,False,True,0.0,0.2
queue_stress,123,120,0.15,0.05,0.3,False,True,0.0,0.3
queue_stress,123,120,0.15,0.05,0.4,False,True,0.0,0.4
queue_stress,123,120,0.15,0.1,0.2,False,True,0.0,0.2
queue_stress,123,120,0.15,0.1,0.3,False,True,0.0,0.3
queue_stress,123,120,0.15,0.1,0.4,False,True,0.0,0.4
queue_stress,124,40,0.05,0.01,0.2,False,True,0.0,0.2
queue_stress,124,40,0.05,0.01,0.3,False,True,0.0,0.3
queue_stress,124,40,0.05,0.01,0.4,False,True,0.0,0.4
queue_stress,124,40,0.05,0.05,0.2,False,True,0.0,0.2
queue_stress,124,40,0.05,0.05,0.3,False,True,0.0,0.3
queue_stress,124,40,0.05,0.05,0.4,False,True,0.0,0.4
queue_stress,124,40,0.05,0.1,0.2,False,True,0.0,0.2
queue_stress,124,40,0.05,0.1,0.3,False,True,0.0,0.3
queue_stress,124,40,0.05,0.1,0.4,False,True,0.0,0.4
queue_stress,124,40,0.1,0.01,0.2,False,True,0.0,0.2
queue_stress,124,40,0.1,0.01,0.3,False,True,0.0,0.3
queue_stress,124,40,0.1,0.01,0.4,False,True,0.0,0.4
queue_stress,124,40,0.1,0.05,0.2,False,True,0.0,0.2
queue_stress,124,40,0.1,0.05,0.3,False,True,0.0,0.3
queue_stress,124,40,0.1,0.05,0.4,False,True,0.0,0.4
queue_stress,124,40,0.1,0.1,0.2,False,True,0.0,0.2
queue_stress,124,40,0.1,0.1,0.3,False,True,0.0,0.3
queue_stress,124,40,0.1,0.1,0.4,False,True,0.0,0.4
queue_stress,124,40,0.15,0.01,0.2,False,True,0.0,0.2
queue_stress,124,40,0.15,0.01,0.3,False,True,0.0,0.3
queue_stress,124,40,0.15,0.01,0.4,False,True,0.0,0.4
queue_stress,124,40,0.15,0.05,0.2,False,True,0.0,0.2
queue_stress,124,40,0.15,0.05,0.3,False,True,0.0,0.3
queue_stress,124,40,0.15,0.05,0.4,False,True,0.0,0.4
queue_stress,124,40,0.15,0.1,0.2,False,True,0.0,0.2
queue_stress,124,40,0.15,0.1,0.3,False,True,0.0,0.3
queue_stress,124,40,0.15,0.1,0.4,False,True,0.0,0.4
queue_stress,124,80,0.05,0.01,0.2,False,True,0.0,0.2
queue_stress,124,80,0.05,0.01,0.3,False,True,0.0,0.3
queue_stress,124,80,0.05,0.01,0.4,False,True,0.0,0.4
queue_stress,124,80,0.05,0.05,0.2,False,True,0.0,0.2
queue_stress,124,80,0.05,0.05,0.3,False,True,0.0,0.3
queue_stress,124,80,0.05,0.05,0.4,False,True,0.0,0.4
queue_stress,124,80,0.05,0.1,0.2,False,True,0.0,0.2
queue_stress,124,80,0.05,0.1,0.3,False,True,0.0,0.3
queue_stress,124,80,0.05,0.1,0.4,False,True,0.0,0.4
queue_stress,124,80,0.1,0.01,0.2,False,True,0.0,0.2
queue_stress,124,80,0.1,0.01,0.3,False,True,0.0,0.3
queue_stress,124,80,0.1,0.01,0.4,False,True,0.0,0.4
queue_stress,124,80,0.1,0.05,0.2,False,True,0.0,0.2
queue_stress,124,80,0.1,0.05,0.3,False,True,0.0,0.3
queue_stress,124,80,0.1,0.05,0.4,False,True,0.0,0.4
queue_stress,124,80,0.1,0.1,0.2,False,True,0.0,0.2
queue_stress,124,80,0.1,0.1,0.3,False,True,0.0,0.3
queue_stress,124,80,0.1,0.1,0.4,False,True,0.0,0.4
queue_stress,124,80,0.15,0.01,0.2,False,True,0.0,0.2
queue_stress,124,80,0.15,0.01,0.3,False,True,0.0,0.3
queue_stress,124,80,0.15,0.01,0.4,False,True,0.0,0.4
queue_stress,124,80,0.15,0.05,0.2,False,True,0.0,0.2
queue_stress,124,80,0.15,0.05,0.3,False,True,0.0,0.3
queue_stress,124,80,0.15,0.05,0.4,False,True,0.0,0.4
queue_stress,124,80,0.15,0.1,0.2,False,True,0.0,0.2
queue_stress,124,80,0.15,0.1,0.3,False,True,0.0,0.3
queue_stress,124,80,0.15,0.1,0.4,False,True,0.0,0.4
queue_stress,124,120,0.05,0.01,0.2,False,True,0.0,0.2
queue_stress,124,120,0.05,0.01,0.3,False,True,0.0,0.3
queue_stress,124,120,0.05,0.01,0.4,False,True,0.0,0.4
queue_stress,124,120,0.05,0.05,0.2,False,True,0.0,0.2
queue_stress,124,120,0.05,0.05,0.3,False,True,0.0,0.3
queue_stress,124,120,0.05,0.05,0.4,False,True,0.0,0.4
queue_stress,124,120,0.05,0.1,0.2,False,True,0.0,0.2
queue_stress,124,120,0.05,0.1,0.3,False,True,0.0,0.3
queue_stress,124,120,0.05,0.1,0.4,False,True,0.0,0.4
queue_stress,124,120,0.1,0.01,0.2,False,True,0.0,0.2
queue_stress,124,120,0.1,0.01,0.3,False,True,0.0,0.3
queue_stress,124,120,0.1,0.01,0.4,False,True,0.0,0.4
queue_stress,124,120,0.1,0.05,0.2,False,True,0.0,0.2
queue_stress,124,120,0.1,0.05,0.3,False,True,0.0,0.3
queue_stress,124,120,0.1,0.05,0.4,False,True,0.0,0.4
queue_stress,124,120,0.1,0.1,0.2,False,True,0.0,0.2
queue_stress,124,120,0.1,0.1,0.3,False,True,0.0,0.3
queue_stress,124,120,0.1,0.1,0.4,False,True,0.0,0.4
queue_stress,124,120,0.15,0.01,0.2,False,True,0.0,0.2
queue_stress,124,120,0.15,0.01,0.3,False,True,0.0,0.3
queue_stress,124,120,0.15,0.01,0.4,False,True,0.0,0.4
queue_stress,124,120,0.15,0.05,0.2,False,True,0.0,0.2
queue_stress,124,120,0.15,0.05,0.3,False,True,0.0,0.3
queue_stress,124,120,0.15,0.05,0.4,False,True,0.0,0.4
queue_stress,124,120,0.15,0.1,0.2,False,True,0.0,0.2
queue_stress,124,120,0.15,0.1,0.3,False,True,0.0,0.3
queue_stress,124,120,0.15,0.1,0.4,False,True,0.0,0.4
queue_stress,125,40,0.05,0.01,0.2,False,True,0.0,0.2
queue_stress,125,40,0.05,0.01,0.3,False,True,0.0,0.3
queue_stress,125,40,0.05,0.01,0.4,False,True,0.0,0.4
queue_stress,125,40,0.05,0.05,0.2,False,True,0.0,0.2
queue_stress,125,40,0.05,0.05,0.3,False,True,0.0,0.3
queue_stress,125,40,0.05,0.05,0.4,False,True,0.0,0.4
queue_stress,125,40,0.05,0.1,0.2,False,True,0.0,0.2
queue_stress,125,40,0.05,0.1,0.3,False,True,0.0,0.3
queue_stress,125,40,0.05,0.1,0.4,False,True,0.0,0.4
queue_stress,125,40,0.1,0.01,0.2,False,True,0.0,0.2
queue_stress,125,40,0.1,0.01,0.3,False,True,0.0,0.3
queue_stress,125,40,0.1,0.01,0.4,False,True,0.0,0.4
queue_stress,125,40,0.1,0.05,0.2,False,True,0.0,0.2
queue_stress,125,40,0.1,0.05,0.3,False,True,0.0,0.3
queue_stress,125,40,0.1,0.05,0.4,False,True,0.0,0.4
queue_stress,125,40,0.1,0.1,0.2,False,True,0.0,0.2
queue_stress,125,40,0.1,0.1,0.3,False,True,0.0,0.3
queue_stress,125,40,0.1,0.1,0.4,False,True,0.0,0.4
queue_stress,125,40,0.15,0.01,0.2,False,True,0.0,0.2
queue_stress,125,40,0.15,0.01,0.3,False,True,0.0,0.3
queue_stress,125,40,0.15,0.01,0.4,False,True,0.0,0.4
queue_stress,125,40,0.15,0.05,0.2,False,True,0.0,0.2
queue_stress,125,40,0.15,0.05,0.3,False,True,0.0,0.3
queue_stress,125,40,0.15,0.05,0.4,False,True,0.0,0.4
queue_stress,125,40,0.15,0.1,0.2,False,True,0.0,0.2
queue_stress,125,40,0.15,0.1,0.3,False,True,0.0,0.3
queue_stress,125,40,0.15,0.1,0.4,False,True,0.0,0.4
queue_stress,125,80,0.05,0.01,0.2,False,True,0.0,0.2
queue_stress,125,80,0.05,0.01,0.3,False,True,0.0,0.3
queue_stress,125,80,0.05,0.01,0.4,False,True,0.0,0.4
queue_stress,125,80,0.05,0.05,0.2,False,True,0.0,0.2
queue_stress,125,80,0.05,0.05,0.3,False,True,0.0,0.3
queue_stress,125,80,0.05,0.05,0.4,False,True,0.0,0.4
queue_stress,125,80,0.05,0.1,0.2,False,True,0.0,0.2
queue_stress,125,80,0.05,0.1,0.3,False,True,0.0,0.3
queue_stress,125,80,0.05,0.1,0.4,False,True,0.0,0.4
queue_stress,125,80,0.1,0.01,0.2,False,True,0.0,0.2
queue_stress,125,80,0.1,0.01,0.3,False,True,0.0,0.3
queue_stress,125,80,0.1,0.01,0.4,False,True,0.0,0.4
queue_stress,125,80,0.1,0.05,0.2,False,True,0.0,0.2
queue_stress,125,80,0.1,0.05,0.3,False,True,0.0,0.3
queue_stress,125,80,0.1,0.05,0.4,False,True,0.0,0.4
queue_stress,125,80,0.1,0.1,0.2,False,True,0.0,0.2
queue_stress,125,80,0.1,0.1,0.3,False,True,0.0,0.3
queue_stress,125,80,0.1,0.1,0.4,False,True,0.0,0.4
queue_stress,125,80,0.15,0.01,0.2,False,True,0.0,0.2
queue_stress,125,80,0.15,0.01,0.3,False,True,0.0,0.3
queue_stress,125,80,0.15,0.01,0.4,False,True,0.0,0.4
queue_stress,125,80,0.15,0.05,0.2,False,True,0.0,0.2
queue_stress,125,80,0.15,0.05,0.3,False,True,0.0,0.3
queue_stress,125,80,0.15,0.05,0.4,False,True,0.0,0.4
queue_stress,125,80,0.15,0.1,0.2,False,True,0.0,0.2
queue_stress,125,80,0.15,0.1,0.3,False,True,0.0,0.3
queue_stress,125,80,0.15,0.1,0.4,False,True,0.0,0.4
queue_stress,125,120,0.05,0.01,0.2,False,True,0.0,0.2
queue_stress,125,120,0.05,0.01,0.3,False,True,0.0,0.3
queue_stress,125,120,0.05,0.01,0.4,False,True,0.0,0.4
queue_stress,125,120,0.05,0.05,0.2,False,True,0.0,0.2
queue_stress,125,120,0.05,0.05,0.3,False,True,0.0,0.3
queue_stress,125,120,0.05,0.05,0.4,False,True,0.0,0.4
queue_stress,125,120,0.05,0.1,0.2,False,True,0.0,0.2
queue_stress,125,120,0.05,0.1,0.3,False,True,0.0,0.3
queue_stress,125,120,0.05,0.1,0.4,False,True,0.0,0.4
queue_stress,125,120,0.1,0.01,0.2,False,True,0.0,0.2
queue_stress,125,120,0.1,0.01,0.3,False,True,0.0,0.3
queue_stress,125,120,0.1,0.01,0.4,False,True,0.0,0.4
queue_stress,125,120,0.1,0.05,0.2,False,True,0.0,0.2
queue_stress,125,120,0.1,0.05,0.3,False,True,0.0,0.3
queue_stress,125,120,0.1,0.05,0.4,False,True,0.0,0.4
queue_stress,125,120,0.1,0.1,0.2,False,True,0.0,0.2
queue_stress,125,120,0.1,0.1,0.3,False,True,0.0,0.3
queue_stress,125,120,0.1,0.1,0.4,False,True,0.0,0.4
queue_stress,125,120,0.15,0.01,0.2,False,True,0.0,0.2
queue_stress,125,120,0.15,0.01,0.3,False,True,0.0,0.3
queue_stress,125,120,0.15,0.01,0.4,False,True,0.0,0.4
queue_stress,125,120,0.15,0.05,0.2,False,True,0.0,0.2
queue_stress,125,120,0.15,0.05,0.3,False,True,0.0,0.3
queue_stress,125,120,0.15,0.05,0.4,False,True,0.0,0.4
queue_stress,125,120,0.15,0.1,0.2,False,True,0.0,0.2
queue_stress,125,120,0.15,0.1,0.3,False,True,0.0,0.3
queue_stress,125,120,0.15,0.1,0.4,False,True,0.0,0.4
queue_stress,126,40,0.05,0.01,0.2,False,True,0.0,0.2
queue_stress,126,40,0.05,0.01,0.3,False,True,0.0,0.3
queue_stress,126,40,0.05,0.01,0.4,False,True,0.0,0.4
queue_stress,126,40,0.05,0.05,0.2,False,True,0.0,0.2
queue_stress,126,40,0.05,0.05,0.3,False,True,0.0,0.3
queue_stress,126,40,0.05,0.05,0.4,False,True,0.0,0.4
queue_stress,126,40,0.05,0.1,0.2,False,True,0.0,0.2
queue_stress,126,40,0.05,0.1,0.3,False,True,0.0,0.3
queue_stress,126,40,0.05,0.1,0.4,False,True,0.0,0.4
queue_stress,126,40,0.1,0.01,0.2,False,True,0.0,0.2
queue_stress,126,40,0.1,0.01,0.3,False,True,0.0,0.3
queue_stress,126,40,0.1,0.01,0.4,False,True,0.0,0.4
queue_stress,126,40,0.1,0.05,0.2,False,True,0.0,0.2
queue_stress,126,40,0.1,0.05,0.3,False,True,0.0,0.3
queue_stress,126,40,0.1,0.05,0.4,False,True,0.0,0.4
queue_stress,126,40,0.1,0.1,0.2,False,True,0.0,0.2
queue_stress,126,40,0.1,0.1,0.3,False,True,0.0,0.3
queue_stress,126,40,0.1,0.1,0.4,True,False,0.0,0.3430571685996129
queue_stress,126,40,0.15,0.01,0.2,False,True,0.0,0.2
queue_stress,126,40,0.15,0.01,0.3,False,True,0.0,0.3
queue_stress,126,40,0.15,0.01,0.4,True,False,0.0,0.3430571685996129
queue_stress,126,40,0.15,0.05,0.2,False,True,0.0,0.2
queue_stress,126,40,0.15,0.05,0.3,False,True,0.0,0.3
queue_stress,126,40,0.15,0.05,0.4,True,False,0.0,0.3430571685996129
queue_stress,126,40,0.15,0.1,0.2,False,True,0.0,0.2
queue_stress,126,40,0.15,0.1,0.3,True,False,0.0,0.3486573482993635
queue_stress,126,40,0.15,0.1,0.4,True,False,0.0,0.3486573482993635
queue_stress,126,80,0.05,0.01,0.2,False,True,0.0,0.2
queue_stress,126,80,0.05,0.01,0.3,False,True,0.0,0.3
queue_stress,126,80,0.05,0.01,0.4,False,True,0.0,0.4
queue_stress,126,80,0.05,0.05,0.2,False,True,0.0,0.2
queue_stress,126,80,0.05,0.05,0.3,False,True,0.0,0.3
queue_stress,126,80,0.05,0.05,0.4,False,True,0.0,0.4
queue_stress,126,80,0.05,0.1,0.2,False,True,0.0,0.2
queue_stress,126,80,0.05,0.1,0.3,False,True,0.0,0.3
queue_stress,126,80,0.05,0.1,0.4,True,False,0.0,0.3430571685996129
queue_stress,126,80,0.1,0.01,0.2,False,True,0.0,0.2
queue_stress,126,80,0.1,0.01,0.3,False,True,0.0,0.3
queue_stress,126,80,0.1,0.01,0.4,True,False,0.0,0.3430571685996129
queue_stress,126,80,0.1,0.05,0.2,False,True,0.0,0.2
queue_stress,126,80,0.1,0.05,0.3,False,True,0.0,0.3
queue_stress,126,80,0.1,0.05,0.4,True,False,0.0,0.3486573482993635
queue_stress,126,80,0.1,0.1,0.2,False,True,0.0,0.2
queue_stress,126,80,0.1,0.1,0.3,False,True,0.0,0.3
queue_stress,126,80,0.1,0.1,0.4,True,False,0.0,0.3486573482993635
queue_stress,126,80,0.15,0.01,0.2,False,True,0.0,0.2
queue_stress,126,80,0.15,0.01,0.3,False,True,0.0,0.3
queue_stress,126,80,0.15,0.01,0.4,True,False,0.0,0.3486573482993635
queue_stress,126,80,0.15,0.05,0.2,False,True,0.0,0.2
queue_stress,126,80,0.15,0.05,0.3,False,True,0.0,0.3
queue_stress,126,80,0.15,0.05,0.4,True,False,0.0,0.3486573482993635
queue_stress,126,80,0.15,0.1,0.2,False,True,0.0,0.2
queue_stress,126,80,0.15,0.1,0.3,False,True,0.0,0.3
queue_stress,126,80,0.15,0.1,0.4,True,False,0.0,0.3486573482993635
queue_stress,126,120,0.05,0.01,0.2,False,True,0.0,0.2
queue_stress,126,120,0.05,0.01,0.3,False,True,0.0,0.3
queue_stress,126,120,0.05,0.01,0.4,False,True,0.0,0.4
queue_stress,126,120,0.05,0.05,0.2,False,True,0.0,0.2
queue_stress,126,120,0.05,0.05,0.3,False,True,0.0,0.3
queue_stress,126,120,0.05,0.05,0.4,True,False,0.0,0.3430571685996129
queue_stress,126,120,0.05,0.1,0.2,False,True,0.0,0.2
queue_stress,126,120,0.05,0.1,0.3,False,True,0.0,0.3
queue_stress,126,120,0.05,0.1,0.4,True,False,0.0,0.3486573482993635
queue_stress,126,120,0.1,0.01,0.2,False,True,0.0,0.2
queue_stress,126,120,0.1,0.01,0.3,False,True,0.0,0.3
queue_stress,126,120,0.1,0.01,0.4,True,False,0.0,0.3486573482993635
queue_stress,126,120,0.1,0.05,0.2,False,True,0.0,0.2
queue_stress,126,120,0.1,0.05,0.3,False,True,0.0,0.3
queue_stress,126,120,0.1,0.05,0.4,True,False,0.0,0.3486573482993635
queue_stress,126,120,0.1,0.1,0.2,False,True,0.0,0.2
queue_stress,126,120,0.1,0.1,0.3,False,True,0.0,0.3
queue_stress,126,120,0.1,0.1,0.4,True,False,0.0,0.3486573482993635
queue_stress,126,120,0.15,0.01,0.2,False,True,0.0,0.2
queue_stress,126,120,0.15,0.01,0.3,False,True,0.0,0.3
queue_stress,126,120,0.15,0.01,0.4,True,False,0.0,0.3486573482993635
queue_stress,126,120,0.15,0.05,0.2,False,True,0.0,0.2
queue_stress,126,120,0.15,0.05,0.3,False,True,0.0,0.3
queue_stress,126,120,0.15,0.05,0.4,True,False,0.0,0.3486573482993635
queue_stress,126,120,0.15,0.1,0.2,False,True,0.0,0.2
queue_stress,126,120,0.15,0.1,0.3,False,True,0.0,0.3
queue_stress,126,120,0.15,0.1,0.4,True,False,0.0,0.3486573482993635
queue_stress,127,40,0.05,0.01,0.2,False,True,0.0,0.2
queue_stress,127,40,0.05,0.01,0.3,False,True,0.0,0.3
queue_stress,127,40,0.05,0.01,0.4,False,True,0.0,0.4
queue_stress,127,40,0.05,0.05,0.2,False,True,0.0,0.2
queue_stress,127,40,0.05,0.05,0.3,False,True,0.0,0.3
queue_stress,127,40,0.05,0.05,0.4,False,True,0.0,0.4
queue_stress,127,40,0.05,0.1,0.2,False,True,0.0,0.2
queue_stress,127,40,0.05,0.1,0.3,False,True,0.0,0.3
queue_stress,127,40,0.05,0.1,0.4,False,True,0.0,0.4
queue_stress,127,40,0.1,0.01,0.2,False,True,0.0,0.2
queue_stress,127,40,0.1,0.01,0.3,False,True,0.0,0.3
queue_stress,127,40,0.1,0.01,0.4,False,True,0.0,0.4
queue_stress,127,40,0.1,0.05,0.2,False,True,0.0,0.2
queue_stress,127,40,0.1,0.05,0.3,False,True,0.0,0.3
queue_stress,127,40,0.1,0.05,0.4,False,True,0.0,0.4
queue_stress,127,40,0.1,0.1,0.2,False,True,0.0,0.2
queue_stress,127,40,0.1,0.1,0.3,False,True,0.0,0.3
queue_stress,127,40,0.1,0.1,0.4,False,True,0.0,0.4
queue_stress,127,40,0.15,0.01,0.2,False,True,0.0,0.2
queue_stress,127,40,0.15,0.01,0.3,False,True,0.0,0.3
queue_stress,127,40,0.15,0.01,0.4,False,True,0.0,0.4
queue_stress,127,40,0.15,0.05,0.2,False,True,0.0,0.2
queue_stress,127,40,0.15,0.05,0.3,False,True,0.0,0.3
queue_stress,127,40,0.15,0.05,0.4,False,True,0.0,0.4
queue_stress,127,40,0.15,0.1,0.2,False,True,0.0,0.2
queue_stress,127,40,0.15,0.1,0.3,False,True,0.0,0.3
queue_stress,127,40,0.15,0.1,0.4,False,True,0.0,0.4
queue_stress,127,80,0.05,0.01,0.2,False,True,0.0,0.2
queue_stress,127,80,0.05,0.01,0.3,False,True,0.0,0.3
queue_stress,127,80,0.05,0.01,0.4,False,True,0.0,0.4
queue_stress,127,80,0.05,0.05,0.2,False,True,0.0,0.2
queue_stress,127,80,0.05,0.05,0.3,False,True,0.0,0.3
queue_stress,127,80,0.05,0.05,0.4,False,True,0.0,0.4
queue_stress,127,80,0.05,0.1,0.2,False,True,0.0,0.2
queue_stress,127,80,0.05,0.1,0.3,False,True,0.0,0.3
queue_stress,127,80,0.05,0.1,0.4,False,True,0.0,0.4
queue_stress,127,80,0.1,0.01,0.2,False,True,0.0,0.2
queue_stress,127,80,0.1,0.01,0.3,False,True,0.0,0.3
queue_stress,127,80,0.1,0.01,0.4,False,True,0.0,0.4
queue_stress,127,80,0.1,0.05,0.2,False,True,0.0,0.2
queue_stress,127,80,0.1,0.05,0.3,False,True,0.0,0.3
queue_stress,127,80,0.1,0.05,0.4,False,True,0.0,0.4
queue_stress,127,80,0.1,0.1,0.2,False,True,0.0,0.2
queue_stress,127,80,0.1,0.1,0.3,False,True,0.0,0.3
queue_stress,127,80,0.1,0.1,0.4,False,True,0.0,0.4
queue_stress,127,80,0.15,0.01,0.2,False,True,0.0,0.2
queue_stress,127,80,0.15,0.01,0.3,False,True,0.0,0.3
queue_stress,127,80,0.15,0.01,0.4,False,True,0.0,0.4
queue_stress,127,80,0.15,0.05,0.2,False,True,0.0,0.2
queue_stress,127,80,0.15,0.05,0.3,False,True,0.0,0.3
queue_stress,127,80,0.15,0.05,0.4,False,True,0.0,0.4
queue_stress,127,80,0.15,0.1,0.2,False,True,0.0,0.2
queue_stress,127,80,0.15,0.1,0.3,False,True,0.0,0.3
queue_stress,127,80,0.15,0.1,0.4,False,True,0.0,0.4
queue_stress,127,120,0.05,0.01,0.2,False,True,0.0,0.2
queue_stress,127,120,0.05,0.01,0.3,False,True,0.0,0.3
queue_stress,127,120,0.05,0.01,0.4,False,True,0.0,0.4
queue_stress,127,120,0.05,0.05,0.2,False,True,0.0,0.2
queue_stress,127,120,0.05,0.05,0.3,False,True,0.0,0.3
queue_stress,127,120,0.05,0.05,0.4,False,True,0.0,0.4
queue_stress,127,120,0.05,0.1,0.2,False,True,0.0,0.2
queue_stress,127,120,0.05,0.1,0.3,False,True,0.0,0.3
queue_stress,127,120,0.05,0.1,0.4,False,True,0.0,0.4
queue_stress,127,120,0.1,0.01,0.2,False,True,0.0,0.2
queue_stress,127,120,0.1,0.01,0.3,False,True,0.0,0.3
queue_stress,127,120,0.1,0.01,0.4,False,True,0.0,0.4
queue_stress,127,120,0.1,0.05,0.2,False,True,0.0,0.2
queue_stress,127,120,0.1,0.05,0.3,False,True,0.0,0.3
queue_stress,127,120,0.1,0.05,0.4,False,True,0.0,0.4
queue_stress,127,120,0.1,0.1,0.2,False,True,0.0,0.2
queue_stress,127,120,0.1,0.1,0.3,False,True,0.0,0.3
queue_stress,127,120,0.1,0.1,0.4,False,True,0.0,0.4
queue_stress,127,120,0.15,0.01,0.2,False,True,0.0,0.2
queue_stress,127,120,0.15,0.01,0.3,False,True,0.0,0.3
queue_stress,127,120,0.15,0.01,0.4,False,True,0.0,0.4
queue_stress,127,120,0.15,0.05,0.2,False,True,0.0,0.2
queue_stress,127,120,0.15,0.05,0.3,False,True,0.0,0.3
queue_stress,127,120,0.15,0.05,0.4,False,True,0.0,0.4
queue_stress,127,120,0.15,0.1,0.2,False,True,0.0,0.2
queue_stress,127,120,0.15,0.1,0.3,False,True,0.0,0.3
queue_stress,127,120,0.15,0.1,0.4,False,True,0.0,0.4
queue_stress,128,40,0.05,0.01,0.2,False,True,0.0,0.2
queue_stress,128,40,0.05,0.01,0.3,False,True,0.0,0.3
queue_stress,128,40,0.05,0.01,0.4,False,True,0.0,0.4
queue_stress,128,40,0.05,0.05,0.2,False,True,0.0,0.2
queue_stress,128,40,0.05,0.05,0.3,False,True,0.0,0.3
queue_stress,128,40,0.05,0.05,0.4,False,True,0.0,0.4
queue_stress,128,40,0.05,0.1,0.2,False,True,0.0,0.2
queue_stress,128,40,0.05,0.1,0.3,False,True,0.0,0.3
queue_stress,128,40,0.05,0.1,0.4,False,True,0.0,0.4
queue_stress,128,40,0.1,0.01,0.2,False,True,0.0,0.2
queue_stress,128,40,0.1,0.01,0.3,False,True,0.0,0.3
queue_stress,128,40,0.1,0.01,0.4,False,True,0.0,0.4
queue_stress,128,40,0.1,0.05,0.2,False,True,0.0,0.2
queue_stress,128,40,0.1,0.05,0.3,False,True,0.0,0.3
queue_stress,128,40,0.1,0.05,0.4,False,True,0.0,0.4
queue_stress,128,40,0.1,0.1,0.2,False,True,0.0,0.2
queue_stress,128,40,0.1,0.1,0.3,False,True,0.0,0.3
queue_stress,128,40,0.1,0.1,0.4,False,True,0.0,0.4
queue_stress,128,40,0.15,0.01,0.2,False,True,0.0,0.2
queue_stress,128,40,0.15,0.01,0.3,False,True,0.0,0.3
queue_stress,128,40,0.15,0.01,0.4,False,True,0.0,0.4
queue_stress,128,40,0.15,0.05,0.2,False,True,0.0,0.2
queue_stress,128,40,0.15,0.05,0.3,False,True,0.0,0.3
queue_stress,128,40,0.15,0.05,0.4,False,True,0.0,0.4
queue_stress,128,40,0.15,0.1,0.2,False,True,0.0,0.2
queue_stress,128,40,0.15,0.1,0.3,False,True,0.0,0.3
queue_stress,128,40,0.15,0.1,0.4,False,True,0.0,0.4
queue_stress,128,80,0.05,0.01,0.2,False,True,0.0,0.2
queue_stress,128,80,0.05,0.01,0.3,False,True,0.0,0.3
queue_stress,128,80,0.05,0.01,0.4,False,True,0.0,0.4
queue_stress,128,80,0.05,0.05,0.2,False,True,0.0,0.2
queue_stress,128,80,0.05,0.05,0.3,False,True,0.0,0.3
queue_stress,128,80,0.05,0.05,0.4,False,True,0.0,0.4
queue_stress,128,80,0.05,0.1,0.2,False,True,0.0,0.2
queue_stress,128,80,0.05,0.1,0.3,False,True,0.0,0.3
queue_stress,128,80,0.05,0.1,0.4,False,True,0.0,0.4
queue_stress,128,80,0.1,0.01,0.2,False,True,0.0,0.2
queue_stress,128,80,0.1,0.01,0.3,False,True,0.0,0.3
queue_stress,128,80,0.1,0.01,0.4,False,True,0.0,0.4
queue_stress,128,80,0.1,0.05,0.2,False,True,0.0,0.2
queue_stress,128,80,0.1,0.05,0.3,False,True,0.0,0.3
queue_stress,128,80,0.1,0.05,0.4,False,True,0.0,0.4
queue_stress,128,80,0.1,0.1,0.2,False,True,0.0,0.2
queue_stress,128,80,0.1,0.1,0.3,False,True,0.0,0.3
queue_stress,128,80,0.1,0.1,0.4,False,True,0.0,0.4
queue_stress,128,80,0.15,0.01,0.2,False,True,0.0,0.2
queue_stress,128,80,0.15,0.01,0.3,False,True,0.0,0.3
queue_stress,128,80,0.15,0.01,0.4,False,True,0.0,0.4
queue_stress,128,80,0.15,0.05,0.2,False,True,0.0,0.2
queue_stress,128,80,0.15,0.05,0.3,False,True,0.0,0.3
queue_stress,128,80,0.15,0.05,0.4,False,True,0.0,0.4
queue_stress,128,80,0.15,0.1,0.2,False,True,0.0,0.2
queue_stress,128,80,0.15,0.1,0.3,False,True,0.0,0.3
queue_stress,128,80,0.15,0.1,0.4,False,True,0.0,0.4
queue_stress,128,120,0.05,0.01,0.2,False,True,0.0,0.2
queue_stress,128,120,0.05,0.01,0.3,False,True,0.0,0.3
queue_stress,128,120,0.05,0.01,0.4,False,True,0.0,0.4
queue_stress,128,120,0.05,0.05,0.2,False,True,0.0,0.2
queue_stress,128,120,0.05,0.05,0.3,False,True,0.0,0.3
queue_stress,128,120,0.05,0.05,0.4,False,True,0.0,0.4
queue_stress,128,120,0.05,0.1,0.2,False,True,0.0,0.2
queue_stress,128,120,0.05,0.1,0.3,False,True,0.0,0.3
queue_stress,128,120,0.05,0.1,0.4,False,True,0.0,0.4
queue_stress,128,120,0.1,0.01,0.2,False,True,0.0,0.2
queue_stress,128,120,0.1,0.01,0.3,False,True,0.0,0.3
queue_stress,128,120,0.1,0.01,0.4,False,True,0.0,0.4
queue_stress,128,120,0.1,0.05,0.2,False,True,0.0,0.2
queue_stress,128,120,0.1,0.05,0.3,False,True,0.0,0.3
queue_stress,128,120,0.1,0.05,0.4,False,True,0.0,0.4
queue_stress,128,120,0.1,0.1,0.2,False,True,0.0,0.2
queue_stress,128,120,0.1,0.1,0.3,False,True,0.0,0.3
queue_stress,128,120,0.1,0.1,0.4,False,True,0.0,0.4
queue_stress,128,120,0.15,0.01,0.2,False,True,0.0,0.2
queue_stress,128,120,0.15,0.01,0.3,False,True,0.0,0.3
queue_stress,128,120,0.15,0.01,0.4,False,True,0.0,0.4
queue_stress,128,120,0.15,0.05,0.2,False,True,0.0,0.2
queue_stress,128,120,0.15,0.05,0.3,False,True,0.0,0.3
queue_stress,128,120,0.15,0.05,0.4,False,True,0.0,0.4
queue_stress,128,120,0.15,0.1,0.2,False,True,0.0,0.2
queue_stress,128,120,0.15,0.1,0.3,False,True,0.0,0.3
queue_stress,128,120,0.15,0.1,0.4,False,True,0.0,0.4
queue_stress,129,40,0.05,0.01,0.2,False,True,0.0,0.2
queue_stress,129,40,0.05,0.01,0.3,False,True,0.0,0.3
queue_stress,129,40,0.05,0.01,0.4,False,True,0.0,0.4
queue_stress,129,40,0.05,0.05,0.2,False,True,0.0,0.2
queue_stress,129,40,0.05,0.05,0.3,False,True,0.0,0.3
queue_stress,129,40,0.05,0.05,0.4,False,True,0.0,0.4
queue_stress,129,40,0.05,0.1,0.2,False,True,0.0,0.2
queue_stress,129,40,0.05,0.1,0.3,False,True,0.0,0.3
queue_stress,129,40,0.05,0.1,0.4,False,True,0.0,0.4
queue_stress,129,40,0.1,0.01,0.2,False,True,0.0,0.2
queue_stress,129,40,0.1,0.01,0.3,False,True,0.0,0.3
queue_stress,129,40,0.1,0.01,0.4,False,True,0.0,0.4
queue_stress,129,40,0.1,0.05,0.2,False,True,0.0,0.2
queue_stress,129,40,0.1,0.05,0.3,False,True,0.0,0.3
queue_stress,129,40,0.1,0.05,0.4,False,True,0.0,0.4
queue_stress,129,40,0.1,0.1,0.2,False,True,0.0,0.2
queue_stress,129,40,0.1,0.1,0.3,False,True,0.0,0.3
queue_stress,129,40,0.1,0.1,0.4,False,True,0.0,0.4
queue_stress,129,40,0.15,0.01,0.2,False,True,0.0,0.2
queue_stress,129,40,0.15,0.01,0.3,False,True,0.0,0.3
queue_stress,129,40,0.15,0.01,0.4,False,True,0.0,0.4
queue_stress,129,40,0.15,0.05,0.2,False,True,0.0,0.2
queue_stress,129,40,0.15,0.05,0.3,False,True,0.0,0.3
queue_stress,129,40,0.15,0.05,0.4,False,True,0.0,0.4
queue_stress,129,40,0.15,0.1,0.2,False,True,0.0,0.2
queue_stress,129,40,0.15,0.1,0.3,False,True,0.0,0.3
queue_stress,129,40,0.15,0.1,0.4,False,True,0.0,0.4
queue_stress,129,80,0.05,0.01,0.2,False,True,0.0,0.2
queue_stress,129,80,0.05,0.01,0.3,False,True,0.0,0.3
queue_stress,129,80,0.05,0.01,0.4,False,True,0.0,0.4
queue_stress,129,80,0.05,0.05,0.2,False,True,0.0,0.2
queue_stress,129,80,0.05,0.05,0.3,False,True,0.0,0.3
queue_stress,129,80,0.05,0.05,0.4,False,True,0.0,0.4
queue_stress,129,80,0.05,0.1,0.2,False,True,0.0,0.2
queue_stress,129,80,0.05,0.1,0.3,False,True,0.0,0.3
queue_stress,129,80,0.05,0.1,0.4,False,True,0.0,0.4
queue_stress,129,80,0.1,0.01,0.2,False,True,0.0,0.2
queue_stress,129,80,0.1,0.01,0.3,False,True,0.0,0.3
queue_stress,129,80,0.1,0.01,0.4,False,True,0.0,0.4
queue_stress,129,80,0.1,0.05,0.2,False,True,0.0,0.2
queue_stress,129,80,0.1,0.05,0.3,False,True,0.0,0.3
queue_stress,129,80,0.1,0.05,0.4,False,True,0.0,0.4
queue_stress,129,80,0.1,0.1,0.2,False,True,0.0,0.2
queue_stress,129,80,0.1,0.1,0.3,False,True,0.0,0.3
queue_stress,129,80,0.1,0.1,0.4,False,True,0.0,0.4
queue_stress,129,80,0.15,0.01,0.2,False,True,0.0,0.2
queue_stress,129,80,0.15,0.01,0.3,False,True,0.0,0.3
queue_stress,129,80,0.15,0.01,0.4,False,True,0.0,0.4
queue_stress,129,80,0.15,0.05,0.2,False,True,0.0,0.2
queue_stress,129,80,0.15,0.05,0.3,False,True,0.0,0.3
queue_stress,129,80,0.15,0.05,0.4,False,True,0.0,0.4
queue_stress,129,80,0.15,0.1,0.2,False,True,0.0,0.2
queue_stress,129,80,0.15,0.1,0.3,False,True,0.0,0.3
queue_stress,129,80,0.15,0.1,0.4,False,True,0.0,0.4
queue_stress,129,120,0.05,0.01,0.2,False,True,0.0,0.2
queue_stress,129,120,0.05,0.01,0.3,False,True,0.0,0.3
queue_stress,129,120,0.05,0.01,0.4,False,True,0.0,0.4
queue_stress,129,120,0.05,0.05,0.2,False,True,0.0,0.2
queue_stress,129,120,0.05,0.05,0.3,False,True,0.0,0.3
queue_stress,129,120,0.05,0.05,0.4,False,True,0.0,0.4
queue_stress,129,120,0.05,0.1,0.2,False,True,0.0,0.2
queue_stress,129,120,0.05,0.1,0.3,False,True,0.0,0.3
queue_stress,129,120,0.05,0.1,0.4,False,True,0.0,0.4
queue_stress,129,120,0.1,0.01,0.2,False,True,0.0,0.2
queue_stress,129,120,0.1,0.01,0.3,False,True,0.0,0.3
queue_stress,129,120,0.1,0.01,0.4,False,True,0.0,0.4
queue_stress,129,120,0.1,0.05,0.2,False,True,0.0,0.2
queue_stress,129,120,0.1,0.05,0.3,False,True,0.0,0.3
queue_stress,129,120,0.1,0.05,0.4,False,True,0.0,0.4
queue_stress,129,120,0.1,0.1,0.2,False,True,0.0,0.2
queue_stress,129,120,0.1,0.1,0.3,False,True,0.0,0.3
queue_stress,129,120,0.1,0.1,0.4,False,True,0.0,0.4
queue_stress,129,120,0.15,0.01,0.2,False,True,0.0,0.2
queue_stress,129,120,0.15,0.01,0.3,False,True,0.0,0.3
queue_stress,129,120,0.15,0.01,0.4,False,True,0.0,0.4
queue_stress,129,120,0.15,0.05,0.2,False,True,0.0,0.2
queue_stress,129,120,0.15,0.05,0.3,False,True,0.0,0.3
queue_stress,129,120,0.15,0.05,0.4,False,True,0.0,0.4
queue_stress,129,120,0.15,0.1,0.2,False,True,0.0,0.2
queue_stress,129,120,0.15,0.1,0.3,False,True,0.0,0.3
queue_stress,129,120,0.15,0.1,0.4,False,True,0.0,0.4
queue_stress,130,40,0.05,0.01,0.2,False,True,0.0,0.2
queue_stress,130,40,0.05,0.01,0.3,False,True,0.0,0.3
queue_stress,130,40,0.05,0.01,0.4,False,True,0.0,0.4
queue_stress,130,40,0.05,0.05,0.2,False,True,0.0,0.2
queue_stress,130,40,0.05,0.05,0.3,False,True,0.0,0.3
queue_stress,130,40,0.05,0.05,0.4,False,True,0.0,0.4
queue_stress,130,40,0.05,0.1,0.2,False,True,0.0,0.2
queue_stress,130,40,0.05,0.1,0.3,False,True,0.0,0.3
queue_stress,130,40,0.05,0.1,0.4,False,True,0.0,0.4
queue_stress,130,40,0.1,0.01,0.2,False,True,0.0,0.2
queue_stress,130,40,0.1,0.01,0.3,False,True,0.0,0.3
queue_stress,130,40,0.1,0.01,0.4,False,True,0.0,0.4
queue_stress,130,40,0.1,0.05,0.2,False,True,0.0,0.2
queue_stress,130,40,0.1,0.05,0.3,False,True,0.0,0.3
queue_stress,130,40,0.1,0.05,0.4,False,True,0.0,0.4
queue_stress,130,40,0.1,0.1,0.2,False,True,0.0,0.2
queue_stress,130,40,0.1,0.1,0.3,False,True,0.0,0.3
queue_stress,130,40,0.1,0.1,0.4,False,True,0.0,0.4
queue_stress,130,40,0.15,0.01,0.2,False,True,0.0,0.2
queue_stress,130,40,0.15,0.01,0.3,False,True,0.0,0.3
queue_stress,130,40,0.15,0.01,0.4,False,True,0.0,0.4
queue_stress,130,40,0.15,0.05,0.2,False,True,0.0,0.2
queue_stress,130,40,0.15,0.05,0.3,False,True,0.0,0.3
queue_stress,130,40,0.15,0.05,0.4,False,True,0.0,0.4
queue_stress,130,40,0.15,0.1,0.2,False,True,0.0,0.2
queue_stress,130,40,0.15,0.1,0.3,False,True,0.0,0.3
queue_stress,130,40,0.15,0.1,0.4,False,True,0.0,0.4
queue_stress,130,80,0.05,0.01,0.2,False,True,0.0,0.2
queue_stress,130,80,0.05,0.01,0.3,False,True,0.0,0.3
queue_stress,130,80,0.05,0.01,0.4,False,True,0.0,0.4
queue_stress,130,80,0.05,0.05,0.2,False,True,0.0,0.2
queue_stress,130,80,0.05,0.05,0.3,False,True,0.0,0.3
queue_stress,130,80,0.05,0.05,0.4,False,True,0.0,0.4
queue_stress,130,80,0.05,0.1,0.2,False,True,0.0,0.2
queue_stress,130,80,0.05,0.1,0.3,False,True,0.0,0.3
queue_stress,130,80,0.05,0.1,0.4,False,True,0.0,0.4
queue_stress,130,80,0.1,0.01,0.2,False,True,0.0,0.2
queue_stress,130,80,0.1,0.01,0.3,False,True,0.0,0.3
queue_stress,130,80,0.1,0.01,0.4,False,True,0.0,0.4
queue_stress,130,80,0.1,0.05,0.2,False,True,0.0,0.2
queue_stress,130,80,0.1,0.05,0.3,False,True,0.0,0.3
queue_stress,130,80,0.1,0.05,0.4,False,True,0.0,0.4
queue_stress,130,80,0.1,0.1,0.2,False,True,0.0,0.2
queue_stress,130,80,0.1,0.1,0.3,False,True,0.0,0.3
queue_stress,130,80,0.1,0.1,0.4,False,True,0.0,0.4
queue_stress,130,80,0.15,0.01,0.2,False,True,0.0,0.2
queue_stress,130,80,0.15,0.01,0.3,False,True,0.0,0.3
queue_stress,130,80,0.15,0.01,0.4,False,True,0.0,0.4
queue_stress,130,80,0.15,0.05,0.2,False,True,0.0,0.2
queue_stress,130,80,0.15,0.05,0.3,False,True,0.0,0.3
queue_stress,130,80,0.15,0.05,0.4,False,True,0.0,0.4
queue_stress,130,80,0.15,0.1,0.2,False,True,0.0,0.2
queue_stress,130,80,0.15,0.1,0.3,False,True,0.0,0.3
queue_stress,130,80,0.15,0.1,0.4,False,True,0.0,0.4
queue_stress,130,120,0.05,0.01,0.2,False,True,0.0,0.2
queue_stress,130,120,0.05,0.01,0.3,False,True,0.0,0.3
queue_stress,130,120,0.05,0.01,0.4,False,True,0.0,0.4
queue_stress,130,120,0.05,0.05,0.2,False,True,0.0,0.2
queue_stress,130,120,0.05,0.05,0.3,False,True,0.0,0.3
queue_stress,130,120,0.05,0.05,0.4,False,True,0.0,0.4
queue_stress,130,120,0.05,0.1,0.2,False,True,0.0,0.2
queue_stress,130,120,0.05,0.1,0.3,False,True,0.0,0.3
queue_stress,130,120,0.05,0.1,0.4,False,True,0.0,0.4
queue_stress,130,120,0.1,0.01,0.2,False,True,0.0,0.2
queue_stress,130,120,0.1,0.01,0.3,False,True,0.0,0.3
queue_stress,130,120,0.1,0.01,0.4,False,True,0.0,0.4
queue_stress,130,120,0.1,0.05,0.2,False,True,0.0,0.2
queue_stress,130,120,0.1,0.05,0.3,False,True,0.0,0.3
queue_stress,130,120,0.1,0.05,0.4,False,True,0.0,0.4
queue_stress,130,120,0.1,0.1,0.2,False,True,0.0,0.2
queue_stress,130,120,0.1,0.1,0.3,False,True,0.0,0.3
queue_stress,130,120,0.1,0.1,0.4,False,True,0.0,0.4
queue_stress,130,120,0.15,0.01,0.2,False,True,0.0,0.2
queue_stress,130,120,0.15,0.01,0.3,False,True,0.0,0.3
queue_stress,130,120,0.15,0.01,0.4,False,True,0.0,0.4
queue_stress,130,120,0.15,0.05,0.2,False,True,0.0,0.2
queue_stress,130,120,0.15,0.05,0.3,False,True,0.0,0.3
queue_stress,130,120,0.15,0.05,0.4,False,True,0.0,0.4
queue_stress,130,120,0.15,0.1,0.2,False,True,0.0,0.2
queue_stress,130,120,0.15,0.1,0.3,False,True,0.0,0.3
queue_stress,130,120,0.15,0.1,0.4,False,True,0.0,0.4
queue_stress,131,40,0.05,0.01,0.2,False,True,0.0,0.2
queue_stress,131,40,0.05,0.01,0.3,False,True,0.0,0.3
queue_stress,131,40,0.05,0.01,0.4,False,True,0.0,0.4
queue_stress,131,40,0.05,0.05,0.2,False,True,0.0,0.2
queue_stress,131,40,0.05,0.05,0.3,False,True,0.0,0.3
queue_stress,131,40,0.05,0.05,0.4,False,True,0.0,0.4
queue_stress,131,40,0.05,0.1,0.2,False,True,0.0,0.2
queue_stress,131,40,0.05,0.1,0.3,False,True,0.0,0.3
queue_stress,131,40,0.05,0.1,0.4,False,True,0.0,0.4
queue_stress,131,40,0.1,0.01,0.2,False,True,0.0,0.2
queue_stress,131,40,0.1,0.01,0.3,False,True,0.0,0.3
queue_stress,131,40,0.1,0.01,0.4,False,True,0.0,0.4
queue_stress,131,40,0.1,0.05,0.2,False,True,0.0,0.2
queue_stress,131,40,0.1,0.05,0.3,False,True,0.0,0.3
queue_stress,131,40,0.1,0.05,0.4,False,True,0.0,0.4
queue_stress,131,40,0.1,0.1,0.2,False,True,0.0,0.2
queue_stress,131,40,0.1,0.1,0.3,False,True,0.0,0.3
queue_stress,131,40,0.1,0.1,0.4,False,True,0.0,0.4
queue_stress,131,40,0.15,0.01,0.2,False,True,0.0,0.2
queue_stress,131,40,0.15,0.01,0.3,False,True,0.0,0.3
queue_stress,131,40,0.15,0.01,0.4,False,True,0.0,0.4
queue_stress,131,40,0.15,0.05,0.2,False,True,0.0,0.2
queue_stress,131,40,0.15,0.05,0.3,False,True,0.0,0.3
queue_stress,131,40,0.15,0.05,0.4,False,True,0.0,0.4
queue_stress,131,40,0.15,0.1,0.2,False,True,0.0,0.2
queue_stress,131,40,0.15,0.1,0.3,False,True,0.0,0.3
queue_stress,131,40,0.15,0.1,0.4,False,True,0.0,0.4
queue_stress,131,80,0.05,0.01,0.2,False,True,0.0,0.2
queue_stress,131,80,0.05,0.01,0.3,False,True,0.0,0.3
queue_stress,131,80,0.05,0.01,0.4,False,True,0.0,0.4
queue_stress,131,80,0.05,0.05,0.2,False,True,0.0,0.2
queue_stress,131,80,0.05,0.05,0.3,False,True,0.0,0.3
queue_stress,131,80,0.05,0.05,0.4,False,True,0.0,0.4
queue_stress,131,80,0.05,0.1,0.2,False,True,0.0,0.2
queue_stress,131,80,0.05,0.1,0.3,False,True,0.0,0.3
queue_stress,131,80,0.05,0.1,0.4,False,True,0.0,0.4
queue_stress,131,80,0.1,0.01,0.2,False,True,0.0,0.2
queue_stress,131,80,0.1,0.01,0.3,False,True,0.0,0.3
queue_stress,131,80,0.1,0.01,0.4,False,True,0.0,0.4
queue_stress,131,80,0.1,0.05,0.2,False,True,0.0,0.2
queue_stress,131,80,0.1,0.05,0.3,False,True,0.0,0.3
queue_stress,131,80,0.1,0.05,0.4,False,True,0.0,0.4
queue_stress,131,80,0.1,0.1,0.2,False,True,0.0,0.2
queue_stress,131,80,0.1,0.1,0.3,False,True,0.0,0.3
queue_stress,131,80,0.1,0.1,0.4,False,True,0.0,0.4
queue_stress,131,80,0.15,0.01,0.2,False,True,0.0,0.2
queue_stress,131,80,0.15,0.01,0.3,False,True,0.0,0.3
queue_stress,131,80,0.15,0.01,0.4,False,True,0.0,0.4
queue_stress,131,80,0.15,0.05,0.2,False,True,0.0,0.2
queue_stress,131,80,0.15,0.05,0.3,False,True,0.0,0.3
queue_stress,131,80,0.15,0.05,0.4,False,True,0.0,0.4
queue_stress,131,80,0.15,0.1,0.2,False,True,0.0,0.2
queue_stress,131,80,0.15,0.1,0.3,False,True,0.0,0.3
queue_stress,131,80,0.15,0.1,0.4,False,True,0.0,0.4
queue_stress,131,120,0.05,0.01,0.2,False,True,0.0,0.2
queue_stress,131,120,0.05,0.01,0.3,False,True,0.0,0.3
queue_stress,131,120,0.05,0.01,0.4,False,True,0.0,0.4
queue_stress,131,120,0.05,0.05,0.2,False,True,0.0,0.2
queue_stress,131,120,0.05,0.05,0.3,False,True,0.0,0.3
queue_stress,131,120,0.05,0.05,0.4,False,True,0.0,0.4
queue_stress,131,120,0.05,0.1,0.2,False,True,0.0,0.2
queue_stress,131,120,0.05,0.1,0.3,False,True,0.0,0.3
queue_stress,131,120,0.05,0.1,0.4,False,True,0.0,0.4
queue_stress,131,120,0.1,0.01,0.2,False,True,0.0,0.2
queue_stress,131,120,0.1,0.01,0.3,False,True,0.0,0.3
queue_stress,131,120,0.1,0.01,0.4,False,True,0.0,0.4
queue_stress,131,120,0.1,0.05,0.2,False,True,0.0,0.2
queue_stress,131,120,0.1,0.05,0.3,False,True,0.0,0.3
queue_stress,131,120,0.1,0.05,0.4,False,True,0.0,0.4
queue_stress,131,120,0.1,0.1,0.2,False,True,0.0,0.2
queue_stress,131,120,0.1,0.1,0.3,False,True,0.0,0.3
queue_stress,131,120,0.1,0.1,0.4,False,True,0.0,0.4
queue_stress,131,120,0.15,0.01,0.2,False,True,0.0,0.2
queue_stress,131,120,0.15,0.01,0.3,False,True,0.0,0.3
queue_stress,131,120,0.15,0.01,0.4,False,True,0.0,0.4
queue_stress,131,120,0.15,0.05,0.2,False,True,0.0,0.2
queue_stress,131,120,0.15,0.05,0.3,False,True,0.0,0.3
queue_stress,131,120,0.15,0.05,0.4,False,True,0.0,0.4
queue_stress,131,120,0.15,0.1,0.2,False,True,0.0,0.2
queue_stress,131,120,0.15,0.1,0.3,False,True,0.0,0.3
queue_stress,131,120,0.15,0.1,0.4,False,True,0.0,0.4
queue_stress,132,40,0.05,0.01,0.2,False,True,0.0,0.2
queue_stress,132,40,0.05,0.01,0.3,False,True,0.0,0.3
queue_stress,132,40,0.05,0.01,0.4,False,True,0.0,0.4
queue_stress,132,40,0.05,0.05,0.2,False,True,0.0,0.2
queue_stress,132,40,0.05,0.05,0.3,False,True,0.0,0.3
queue_stress,132,40,0.05,0.05,0.4,False,True,0.0,0.4
queue_stress,132,40,0.05,0.1,0.2,False,True,0.0,0.2
queue_stress,132,40,0.05,0.1,0.3,False,True,0.0,0.3
queue_stress,132,40,0.05,0.1,0.4,False,True,0.0,0.4
queue_stress,132,40,0.1,0.01,0.2,False,True,0.0,0.2
queue_stress,132,40,0.1,0.01,0.3,False,True,0.0,0.3
queue_stress,132,40,0.1,0.01,0.4,False,True,0.0,0.4
queue_stress,132,40,0.1,0.05,0.2,False,True,0.0,0.2
queue_stress,132,40,0.1,0.05,0.3,False,True,0.0,0.3
queue_stress,132,40,0.1,0.05,0.4,False,True,0.0,0.4
queue_stress,132,40,0.1,0.1,0.2,False,True,0.0,0.2
queue_stress,132,40,0.1,0.1,0.3,False,True,0.0,0.3
queue_stress,132,40,0.1,0.1,0.4,False,True,0.0,0.4
queue_stress,132,40,0.15,0.01,0.2,False,True,0.0,0.2
queue_stress,132,40,0.15,0.01,0.3,False,True,0.0,0.3
queue_stress,132,40,0.15,0.01,0.4,False,True,0.0,0.4
queue_stress,132,40,0.15,0.05,0.2,False,True,0.0,0.2
queue_stress,132,40,0.15,0.05,0.3,False,True,0.0,0.3
queue_stress,132,40,0.15,0.05,0.4,False,True,0.0,0.4
queue_stress,132,40,0.15,0.1,0.2,False,True,0.0,0.2
queue_stress,132,40,0.15,0.1,0.3,False,True,0.0,0.3
queue_stress,132,40,0.15,0.1,0.4,False,True,0.0,0.4
queue_stress,132,80,0.05,0.01,0.2,False,True,0.0,0.2
queue_stress,132,80,0.05,0.01,0.3,False,True,0.0,0.3
queue_stress,132,80,0.05,0.01,0.4,False,True,0.0,0.4
queue_stress,132,80,0.05,0.05,0.2,False,True,0.0,0.2
queue_stress,132,80,0.05,0.05,0.3,False,True,0.0,0.3
queue_stress,132,80,0.05,0.05,0.4,False,True,0.0,0.4
queue_stress,132,80,0.05,0.1,0.2,False,True,0.0,0.2
queue_stress,132,80,0.05,0.1,0.3,False,True,0.0,0.3
queue_stress,132,80,0.05,0.1,0.4,False,True,0.0,0.4
queue_stress,132,80,0.1,0.01,0.2,False,True,0.0,0.2
queue_stress,132,80,0.1,0.01,0.3,False,True,0.0,0.3
queue_stress,132,80,0.1,0.01,0.4,False,True,0.0,0.4
queue_stress,132,80,0.1,0.05,0.2,False,True,0.0,0.2
queue_stress,132,80,0.1,0.05,0.3,False,True,0.0,0.3
queue_stress,132,80,0.1,0.05,0.4,False,True,0.0,0.4
queue_stress,132,80,0.1,0.1,0.2,False,True,0.0,0.2
queue_stress,132,80,0.1,0.1,0.3,False,True,0.0,0.3
queue_stress,132,80,0.1,0.1,0.4,False,True,0.0,0.4
queue_stress,132,80,0.15,0.01,0.2,False,True,0.0,0.2
queue_stress,132,80,0.15,0.01,0.3,False,True,0.0,0.3
queue_stress,132,80,0.15,0.01,0.4,False,True,0.0,0.4
queue_stress,132,80,0.15,0.05,0.2,False,True,0.0,0.2
queue_stress,132,80,0.15,0.05,0.3,False,True,0.0,0.3
queue_stress,132,80,0.15,0.05,0.4,False,True,0.0,0.4
queue_stress,132,80,0.15,0.1,0.2,False,True,0.0,0.2
queue_stress,132,80,0.15,0.1,0.3,False,True,0.0,0.3
queue_stress,132,80,0.15,0.1,0.4,False,True,0.0,0.4
queue_stress,132,120,0.05,0.01,0.2,False,True,0.0,0.2
queue_stress,132,120,0.05,0.01,0.3,False,True,0.0,0.3
queue_stress,132,120,0.05,0.01,0.4,False,True,0.0,0.4
queue_stress,132,120,0.05,0.05,0.2,False,True,0.0,0.2
queue_stress,132,120,0.05,0.05,0.3,False,True,0.0,0.3
queue_stress,132,120,0.05,0.05,0.4,False,True,0.0,0.4
queue_stress,132,120,0.05,0.1,0.2,False,True,0.0,0.2
queue_stress,132,120,0.05,0.1,0.3,False,True,0.0,0.3
queue_stress,132,120,0.05,0.1,0.4,False,True,0.0,0.4
queue_stress,132,120,0.1,0.01,0.2,False,True,0.0,0.2
queue_stress,132,120,0.1,0.01,0.3,False,True,0.0,0.3
queue_stress,132,120,0.1,0.01,0.4,False,True,0.0,0.4
queue_stress,132,120,0.1,0.05,0.2,False,True,0.0,0.2
queue_stress,132,120,0.1,0.05,0.3,False,True,0.0,0.3
queue_stress,132,120,0.1,0.05,0.4,False,True,0.0,0.4
queue_stress,132,120,0.1,0.1,0.2,False,True,0.0,0.2
queue_stress,132,120,0.1,0.1,0.3,False,True,0.0,0.3
queue_stress,132,120,0.1,0.1,0.4,False,True,0.0,0.4
queue_stress,132,120,0.15,0.01,0.2,False,True,0.0,0.2
queue_stress,132,120,0.15,0.01,0.3,False,True,0.0,0.3
queue_stress,132,120,0.15,0.01,0.4,False,True,0.0,0.4
queue_stress,132,120,0.15,0.05,0.2,False,True,0.0,0.2
queue_stress,132,120,0.15,0.05,0.3,False,True,0.0,0.3
queue_stress,132,120,0.15,0.05,0.4,False,True,0.0,0.4
queue_stress,132,120,0.15,0.1,0.2,False,True,0.0,0.2
queue_stress,132,120,0.15,0.1,0.3,False,True,0.0,0.3
queue_stress,132,120,0.15,0.1,0.4,False,True,0.0,0.4
queue_stress,133,40,0.05,0.01,0.2,False,True,0.0,0.2
queue_stress,133,40,0.05,0.01,0.3,False,True,0.0,0.3
queue_stress,133,40,0.05,0.01,0.4,False,True,0.0,0.4
queue_stress,133,40,0.05,0.05,0.2,False,True,0.0,0.2
queue_stress,133,40,0.05,0.05,0.3,False,True,0.0,0.3
queue_stress,133,40,0.05,0.05,0.4,False,True,0.0,0.4
queue_stress,133,40,0.05,0.1,0.2,False,True,0.0,0.2
queue_stress,133,40,0.05,0.1,0.3,False,True,0.0,0.3
queue_stress,133,40,0.05,0.1,0.4,False,True,0.0,0.4
queue_stress,133,40,0.1,0.01,0.2,False,True,0.0,0.2
queue_stress,133,40,0.1,0.01,0.3,False,True,0.0,0.3
queue_stress,133,40,0.1,0.01,0.4,False,True,0.0,0.4
queue_stress,133,40,0.1,0.05,0.2,False,True,0.0,0.2
queue_stress,133,40,0.1,0.05,0.3,False,True,0.0,0.3
queue_stress,133,40,0.1,0.05,0.4,False,True,0.0,0.4
queue_stress,133,40,0.1,0.1,0.2,False,True,0.0,0.2
queue_stress,133,40,0.1,0.1,0.3,False,True,0.0,0.3
queue_stress,133,40,0.1,0.1,0.4,False,True,0.0,0.4
queue_stress,133,40,0.15,0.01,0.2,False,True,0.0,0.2
queue_stress,133,40,0.15,0.01,0.3,False,True,0.0,0.3
queue_stress,133,40,0.15,0.01,0.4,False,True,0.0,0.4
queue_stress,133,40,0.15,0.05,0.2,False,True,0.0,0.2
queue_stress,133,40,0.15,0.05,0.3,False,True,0.0,0.3
queue_stress,133,40,0.15,0.05,0.4,False,True,0.0,0.4
queue_stress,133,40,0.15,0.1,0.2,False,True,0.0,0.2
queue_stress,133,40,0.15,0.1,0.3,False,True,0.0,0.3
queue_stress,133,40,0.15,0.1,0.4,False,True,0.0,0.4
queue_stress,133,80,0.05,0.01,0.2,False,True,0.0,0.2
queue_stress,133,80,0.05,0.01,0.3,False,True,0.0,0.3
queue_stress,133,80,0.05,0.01,0.4,False,True,0.0,0.4
queue_stress,133,80,0.05,0.05,0.2,False,True,0.0,0.2
queue_stress,133,80,0.05,0.05,0.3,False,True,0.0,0.3
queue_stress,133,80,0.05,0.05,0.4,False,True,0.0,0.4
queue_stress,133,80,0.05,0.1,0.2,False,True,0.0,0.2
queue_stress,133,80,0.05,0.1,0.3,False,True,0.0,0.3
queue_stress,133,80,0.05,0.1,0.4,False,True,0.0,0.4
queue_stress,133,80,0.1,0.01,0.2,False,True,0.0,0.2
queue_stress,133,80,0.1,0.01,0.3,False,True,0.0,0.3
queue_stress,133,80,0.1,0.01,0.4,False,True,0.0,0.4
queue_stress,133,80,0.1,0.05,0.2,False,True,0.0,0.2
queue_stress,133,80,0.1,0.05,0.3,False,True,0.0,0.3
queue_stress,133,80,0.1,0.05,0.4,False,True,0.0,0.4
queue_stress,133,80,0.1,0.1,0.2,False,True,0.0,0.2
queue_stress,133,80,0.1,0.1,0.3,False,True,0.0,0.3
queue_stress,133,80,0.1,0.1,0.4,False,True,0.0,0.4
queue_stress,133,80,0.15,0.01,0.2,False,True,0.0,0.2
queue_stress,133,80,0.15,0.01,0.3,False,True,0.0,0.3
queue_stress,133,80,0.15,0.01,0.4,False,True,0.0,0.4
queue_stress,133,80,0.15,0.05,0.2,False,True,0.0,0.2
queue_stress,133,80,0.15,0.05,0.3,False,True,0.0,0.3
queue_stress,133,80,0.15,0.05,0.4,False,True,0.0,0.4
queue_stress,133,80,0.15,0.1,0.2,False,True,0.0,0.2
queue_stress,133,80,0.15,0.1,0.3,False,True,0.0,0.3
queue_stress,133,80,0.15,0.1,0.4,False,True,0.0,0.4
queue_stress,133,120,0.05,0.01,0.2,False,True,0.0,0.2
queue_stress,133,120,0.05,0.01,0.3,False,True,0.0,0.3
queue_stress,133,120,0.05,0.01,0.4,False,True,0.0,0.4
queue_stress,133,120,0.05,0.05,0.2,False,True,0.0,0.2
queue_stress,133,120,0.05,0.05,0.3,False,True,0.0,0.3
queue_stress,133,120,0.05,0.05,0.4,False,True,0.0,0.4
queue_stress,133,120,0.05,0.1,0.2,False,True,0.0,0.2
queue_stress,133,120,0.05,0.1,0.3,False,True,0.0,0.3
queue_stress,133,120,0.05,0.1,0.4,False,True,0.0,0.4
queue_stress,133,120,0.1,0.01,0.2,False,True,0.0,0.2
queue_stress,133,120,0.1,0.01,0.3,False,True,0.0,0.3
queue_stress,133,120,0.1,0.01,0.4,False,True,0.0,0.4
queue_stress,133,120,0.1,0.05,0.2,False,True,0.0,0.2
queue_stress,133,120,0.1,0.05,0.3,False,True,0.0,0.3
queue_stress,133,120,0.1,0.05,0.4,False,True,0.0,0.4
queue_stress,133,120,0.1,0.1,0.2,False,True,0.0,0.2
queue_stress,133,120,0.1,0.1,0.3,False,True,0.0,0.3
queue_stress,133,120,0.1,0.1,0.4,False,True,0.0,0.4
queue_stress,133,120,0.15,0.01,0.2,False,True,0.0,0.2
queue_stress,133,120,0.15,0.01,0.3,False,True,0.0,0.3
queue_stress,133,120,0.15,0.01,0.4,False,True,0.0,0.4
queue_stress,133,120,0.15,0.05,0.2,False,True,0.0,0.2
queue_stress,133,120,0.15,0.05,0.3,False,True,0.0,0.3
queue_stress,133,120,0.15,0.05,0.4,False,True,0.0,0.4
queue_stress,133,120,0.15,0.1,0.2,False,True,0.0,0.2
queue_stress,133,120,0.15,0.1,0.3,False,True,0.0,0.3
queue_stress,133,120,0.15,0.1,0.4,False,True,0.0,0.4
queue_stress,134,40,0.05,0.01,0.2,False,True,0.0,0.2
queue_stress,134,40,0.05,0.01,0.3,False,True,0.0,0.3
queue_stress,134,40,0.05,0.01,0.4,False,True,0.0,0.4
queue_stress,134,40,0.05,0.05,0.2,False,True,0.0,0.2
queue_stress,134,40,0.05,0.05,0.3,False,True,0.0,0.3
queue_stress,134,40,0.05,0.05,0.4,False,True,0.0,0.4
queue_stress,134,40,0.05,0.1,0.2,False,True,0.0,0.2
queue_stress,134,40,0.05,0.1,0.3,False,True,0.0,0.3
queue_stress,134,40,0.05,0.1,0.4,False,True,0.0,0.4
queue_stress,134,40,0.1,0.01,0.2,False,True,0.0,0.2
queue_stress,134,40,0.1,0.01,0.3,False,True,0.0,0.3
queue_stress,134,40,0.1,0.01,0.4,False,True,0.0,0.4
queue_stress,134,40,0.1,0.05,0.2,False,True,0.0,0.2
queue_stress,134,40,0.1,0.05,0.3,False,True,0.0,0.3
queue_stress,134,40,0.1,0.05,0.4,False,True,0.0,0.4
queue_stress,134,40,0.1,0.1,0.2,False,True,0.0,0.2
queue_stress,134,40,0.1,0.1,0.3,False,True,0.0,0.3
queue_stress,134,40,0.1,0.1,0.4,False,True,0.0,0.4
queue_stress,134,40,0.15,0.01,0.2,False,True,0.0,0.2
queue_stress,134,40,0.15,0.01,0.3,False,True,0.0,0.3
queue_stress,134,40,0.15,0.01,0.4,False,True,0.0,0.4
queue_stress,134,40,0.15,0.05,0.2,False,True,0.0,0.2
queue_stress,134,40,0.15,0.05,0.3,False,True,0.0,0.3
queue_stress,134,40,0.15,0.05,0.4,False,True,0.0,0.4
queue_stress,134,40,0.15,0.1,0.2,False,True,0.0,0.2
queue_stress,134,40,0.15,0.1,0.3,False,True,0.0,0.3
queue_stress,134,40,0.15,0.1,0.4,False,True,0.0,0.4
queue_stress,134,80,0.05,0.01,0.2,False,True,0.0,0.2
queue_stress,134,80,0.05,0.01,0.3,False,True,0.0,0.3
queue_stress,134,80,0.05,0.01,0.4,False,True,0.0,0.4
queue_stress,134,80,0.05,0.05,0.2,False,True,0.0,0.2
queue_stress,134,80,0.05,0.05,0.3,False,True,0.0,0.3
queue_stress,134,80,0.05,0.05,0.4,False,True,0.0,0.4
queue_stress,134,80,0.05,0.1,0.2,False,True,0.0,0.2
queue_stress,134,80,0.05,0.1,0.3,False,True,0.0,0.3
queue_stress,134,80,0.05,0.1,0.4,False,True,0.0,0.4
queue_stress,134,80,0.1,0.01,0.2,False,True,0.0,0.2
queue_stress,134,80,0.1,0.01,0.3,False,True,0.0,0.3
queue_stress,134,80,0.1,0.01,0.4,False,True,0.0,0.4
queue_stress,134,80,0.1,0.05,0.2,False,True,0.0,0.2
queue_stress,134,80,0.1,0.05,0.3,False,True,0.0,0.3
queue_stress,134,80,0.1,0.05,0.4,False,True,0.0,0.4
queue_stress,134,80,0.1,0.1,0.2,False,True,0.0,0.2
queue_stress,134,80,0.1,0.1,0.3,False,True,0.0,0.3
queue_stress,134,80,0.1,0.1,0.4,False,True,0.0,0.4
queue_stress,134,80,0.15,0.01,0.2,False,True,0.0,0.2
queue_stress,134,80,0.15,0.01,0.3,False,True,0.0,0.3
queue_stress,134,80,0.15,0.01,0.4,False,True,0.0,0.4
queue_stress,134,80,0.15,0.05,0.2,False,True,0.0,0.2
queue_stress,134,80,0.15,0.05,0.3,False,True,0.0,0.3
queue_stress,134,80,0.15,0.05,0.4,False,True,0.0,0.4
queue_stress,134,80,0.15,0.1,0.2,False,True,0.0,0.2
queue_stress,134,80,0.15,0.1,0.3,False,True,0.0,0.3
queue_stress,134,80,0.15,0.1,0.4,False,True,0.0,0.4
queue_stress,134,120,0.05,0.01,0.2,False,True,0.0,0.2
queue_stress,134,120,0.05,0.01,0.3,False,True,0.0,0.3
queue_stress,134,120,0.05,0.01,0.4,False,True,0.0,0.4
queue_stress,134,120,0.05,0.05,0.2,False,True,0.0,0.2
queue_stress,134,120,0.05,0.05,0.3,False,True,0.0,0.3
queue_stress,134,120,0.05,0.05,0.4,False,True,0.0,0.4
queue_stress,134,120,0.05,0.1,0.2,False,True,0.0,0.2
queue_stress,134,120,0.05,0.1,0.3,False,True,0.0,0.3
queue_stress,134,120,0.05,0.1,0.4,False,True,0.0,0.4
queue_stress,134,120,0.1,0.01,0.2,False,True,0.0,0.2
queue_stress,134,120,0.1,0.01,0.3,False,True,0.0,0.3
queue_stress,134,120,0.1,0.01,0.4,False,True,0.0,0.4
queue_stress,134,120,0.1,0.05,0.2,False,True,0.0,0.2
queue_stress,134,120,0.1,0.05,0.3,False,True,0.0,0.3
queue_stress,134,120,0.1,0.05,0.4,False,True,0.0,0.4
queue_stress,134,120,0.1,0.1,0.2,False,True,0.0,0.2
queue_stress,134,120,0.1,0.1,0.3,False,True,0.0,0.3
queue_stress,134,120,0.1,0.1,0.4,False,True,0.0,0.4
queue_stress,134,120,0.15,0.01,0.2,False,True,0.0,0.2
queue_stress,134,120,0.15,0.01,0.3,False,True,0.0,0.3
queue_stress,134,120,0.15,0.01,0.4,False,True,0.0,0.4
queue_stress,134,120,0.15,0.05,0.2,False,True,0.0,0.2
queue_stress,134,120,0.15,0.05,0.3,False,True,0.0,0.3
queue_stress,134,120,0.15,0.05,0.4,False,True,0.0,0.4
queue_stress,134,120,0.15,0.1,0.2,False,True,0.0,0.2
queue_stress,134,120,0.15,0.1,0.3,False,True,0.0,0.3
queue_stress,134,120,0.15,0.1,0.4,False,True,0.0,0.4
queue_stress,135,40,0.05,0.01,0.2,False,True,0.0,0.2
queue_stress,135,40,0.05,0.01,0.3,False,True,0.0,0.3
queue_stress,135,40,0.05,0.01,0.4,False,True,0.0,0.4
queue_stress,135,40,0.05,0.05,0.2,False,True,0.0,0.2
queue_stress,135,40,0.05,0.05,0.3,False,True,0.0,0.3
queue_stress,135,40,0.05,0.05,0.4,False,True,0.0,0.4
queue_stress,135,40,0.05,0.1,0.2,False,True,0.0,0.2
queue_stress,135,40,0.05,0.1,0.3,False,True,0.0,0.3
queue_stress,135,40,0.05,0.1,0.4,False,True,0.0,0.4
queue_stress,135,40,0.1,0.01,0.2,False,True,0.0,0.2
queue_stress,135,40,0.1,0.01,0.3,False,True,0.0,0.3
queue_stress,135,40,0.1,0.01,0.4,False,True,0.0,0.4
queue_stress,135,40,0.1,0.05,0.2,False,True,0.0,0.2
queue_stress,135,40,0.1,0.05,0.3,False,True,0.0,0.3
queue_stress,135,40,0.1,0.05,0.4,False,True,0.0,0.4
queue_stress,135,40,0.1,0.1,0.2,False,True,0.0,0.2
queue_stress,135,40,0.1,0.1,0.3,False,True,0.0,0.3
queue_stress,135,40,0.1,0.1,0.4,False,True,0.0,0.4
queue_stress,135,40,0.15,0.01,0.2,False,True,0.0,0.2
queue_stress,135,40,0.15,0.01,0.3,False,True,0.0,0.3
queue_stress,135,40,0.15,0.01,0.4,False,True,0.0,0.4
queue_stress,135,40,0.15,0.05,0.2,False,True,0.0,0.2
queue_stress,135,40,0.15,0.05,0.3,False,True,0.0,0.3
queue_stress,135,40,0.15,0.05,0.4,False,True,0.0,0.4
queue_stress,135,40,0.15,0.1,0.2,False,True,0.0,0.2
queue_stress,135,40,0.15,0.1,0.3,False,True,0.0,0.3
queue_stress,135,40,0.15,0.1,0.4,False,True,0.0,0.4
queue_stress,135,80,0.05,0.01,0.2,False,True,0.0,0.2
queue_stress,135,80,0.05,0.01,0.3,False,True,0.0,0.3
queue_stress,135,80,0.05,0.01,0.4,False,True,0.0,0.4
queue_stress,135,80,0.05,0.05,0.2,False,True,0.0,0.2
queue_stress,135,80,0.05,0.05,0.3,False,True,0.0,0.3
queue_stress,135,80,0.05,0.05,0.4,False,True,0.0,0.4
queue_stress,135,80,0.05,0.1,0.2,False,True,0.0,0.2
queue_stress,135,80,0.05,0.1,0.3,False,True,0.0,0.3
queue_stress,135,80,0.05,0.1,0.4,False,True,0.0,0.4
queue_stress,135,80,0.1,0.01,0.2,False,True,0.0,0.2
queue_stress,135,80,0.1,0.01,0.3,False,True,0.0,0.3
queue_stress,135,80,0.1,0.01,0.4,False,True,0.0,0.4
queue_stress,135,80,0.1,0.05,0.2,False,True,0.0,0.2
queue_stress,135,80,0.1,0.05,0.3,False,True,0.0,0.3
queue_stress,135,80,0.1,0.05,0.4,False,True,0.0,0.4
queue_stress,135,80,0.1,0.1,0.2,False,True,0.0,0.2
queue_stress,135,80,0.1,0.1,0.3,False,True,0.0,0.3
queue_stress,135,80,0.1,0.1,0.4,False,True,0.0,0.4
queue_stress,135,80,0.15,0.01,0.2,False,True,0.0,0.2
queue_stress,135,80,0.15,0.01,0.3,False,True,0.0,0.3
queue_stress,135,80,0.15,0.01,0.4,False,True,0.0,0.4
queue_stress,135,80,0.15,0.05,0.2,False,True,0.0,0.2
queue_stress,135,80,0.15,0.05,0.3,False,True,0.0,0.3
queue_stress,135,80,0.15,0.05,0.4,False,True,0.0,0.4
queue_stress,135,80,0.15,0.1,0.2,False,True,0.0,0.2
queue_stress,135,80,0.15,0.1,0.3,False,True,0.0,0.3
queue_stress,135,80,0.15,0.1,0.4,False,True,0.0,0.4
queue_stress,135,120,0.05,0.01,0.2,False,True,0.0,0.2
queue_stress,135,120,0.05,0.01,0.3,False,True,0.0,0.3
queue_stress,135,120,0.05,0.01,0.4,False,True,0.0,0.4
queue_stress,135,120,0.05,0.05,0.2,False,True,0.0,0.2
queue_stress,135,120,0.05,0.05,0.3,False,True,0.0,0.3
queue_stress,135,120,0.05,0.05,0.4,False,True,0.0,0.4
queue_stress,135,120,0.05,0.1,0.2,False,True,0.0,0.2
queue_stress,135,120,0.05,0.1,0.3,False,True,0.0,0.3
queue_stress,135,120,0.05,0.1,0.4,False,True,0.0,0.4
queue_stress,135,120,0.1,0.01,0.2,False,True,0.0,0.2
queue_stress,135,120,0.1,0.01,0.3,False,True,0.0,0.3
queue_stress,135,120,0.1,0.01,0.4,False,True,0.0,0.4
queue_stress,135,120,0.1,0.05,0.2,False,True,0.0,0.2
queue_stress,135,120,0.1,0.05,0.3,False,True,0.0,0.3
queue_stress,135,120,0.1,0.05,0.4,False,True,0.0,0.4
queue_stress,135,120,0.1,0.1,0.2,False,True,0.0,0.2
queue_stress,135,120,0.1,0.1,0.3,False,True,0.0,0.3
queue_stress,135,120,0.1,0.1,0.4,False,True,0.0,0.4
queue_stress,135,120,0.15,0.01,0.2,False,True,0.0,0.2
queue_stress,135,120,0.15,0.01,0.3,False,True,0.0,0.3
queue_stress,135,120,0.15,0.01,0.4,False,True,0.0,0.4
queue_stress,135,120,0.15,0.05,0.2,False,True,0.0,0.2
queue_stress,135,120,0.15,0.05,0.3,False,True,0.0,0.3
queue_stress,135,120,0.15,0.05,0.4,False,True,0.0,0.4
queue_stress,135,120,0.15,0.1,0.2,False,True,0.0,0.2
queue_stress,135,120,0.15,0.1,0.3,False,True,0.0,0.3
queue_stress,135,120,0.15,0.1,0.4,False,True,0.0,0.4
queue_stress,136,40,0.05,0.01,0.2,False,True,0.0,0.2
queue_stress,136,40,0.05,0.01,0.3,False,True,0.0,0.3
queue_stress,136,40,0.05,0.01,0.4,False,True,0.0,0.4
queue_stress,136,40,0.05,0.05,0.2,False,True,0.0,0.2
queue_stress,136,40,0.05,0.05,0.3,False,True,0.0,0.3
queue_stress,136,40,0.05,0.05,0.4,False,True,0.0,0.4
queue_stress,136,40,0.05,0.1,0.2,False,True,0.0,0.2
queue_stress,136,40,0.05,0.1,0.3,False,True,0.0,0.3
queue_stress,136,40,0.05,0.1,0.4,False,True,0.0,0.4
queue_stress,136,40,0.1,0.01,0.2,False,True,0.0,0.2
queue_stress,136,40,0.1,0.01,0.3,False,True,0.0,0.3
queue_stress,136,40,0.1,0.01,0.4,False,True,0.0,0.4
queue_stress,136,40,0.1,0.05,0.2,False,True,0.0,0.2
queue_stress,136,40,0.1,0.05,0.3,False,True,0.0,0.3
queue_stress,136,40,0.1,0.05,0.4,False,True,0.0,0.4
queue_stress,136,40,0.1,0.1,0.2,False,True,0.0,0.2
queue_stress,136,40,0.1,0.1,0.3,False,True,0.0,0.3
queue_stress,136,40,0.1,0.1,0.4,False,True,0.0,0.4
queue_stress,136,40,0.15,0.01,0.2,False,True,0.0,0.2
queue_stress,136,40,0.15,0.01,0.3,False,True,0.0,0.3
queue_stress,136,40,0.15,0.01,0.4,False,True,0.0,0.4
queue_stress,136,40,0.15,0.05,0.2,False,True,0.0,0.2
queue_stress,136,40,0.15,0.05,0.3,False,True,0.0,0.3
queue_stress,136,40,0.15,0.05,0.4,False,True,0.0,0.4
queue_stress,136,40,0.15,0.1,0.2,False,True,0.0,0.2
queue_stress,136,40,0.15,0.1,0.3,False,True,0.0,0.3
queue_stress,136,40,0.15,0.1,0.4,False,True,0.0,0.4
queue_stress,136,80,0.05,0.01,0.2,False,True,0.0,0.2
queue_stress,136,80,0.05,0.01,0.3,False,True,0.0,0.3
queue_stress,136,80,0.05,0.01,0.4,False,True,0.0,0.4
queue_stress,136,80,0.05,0.05,0.2,False,True,0.0,0.2
queue_stress,136,80,0.05,0.05,0.3,False,True,0.0,0.3
queue_stress,136,80,0.05,0.05,0.4,False,True,0.0,0.4
queue_stress,136,80,0.05,0.1,0.2,False,True,0.0,0.2
queue_stress,136,80,0.05,0.1,0.3,False,True,0.0,0.3
queue_stress,136,80,0.05,0.1,0.4,False,True,0.0,0.4
queue_stress,136,80,0.1,0.01,0.2,False,True,0.0,0.2
queue_stress,136,80,0.1,0.01,0.3,False,True,0.0,0.3
queue_stress,136,80,0.1,0.01,0.4,False,True,0.0,0.4
queue_stress,136,80,0.1,0.05,0.2,False,True,0.0,0.2
queue_stress,136,80,0.1,0.05,0.3,False,True,0.0,0.3
queue_stress,136,80,0.1,0.05,0.4,False,True,0.0,0.4
queue_stress,136,80,0.1,0.1,0.2,False,True,0.0,0.2
queue_stress,136,80,0.1,0.1,0.3,False,True,0.0,0.3
queue_stress,136,80,0.1,0.1,0.4,False,True,0.0,0.4
queue_stress,136,80,0.15,0.01,0.2,False,True,0.0,0.2
queue_stress,136,80,0.15,0.01,0.3,False,True,0.0,0.3
queue_stress,136,80,0.15,0.01,0.4,False,True,0.0,0.4
queue_stress,136,80,0.15,0.05,0.2,False,True,0.0,0.2
queue_stress,136,80,0.15,0.05,0.3,False,True,0.0,0.3
queue_stress,136,80,0.15,0.05,0.4,False,True,0.0,0.4
queue_stress,136,80,0.15,0.1,0.2,False,True,0.0,0.2
queue_stress,136,80,0.15,0.1,0.3,False,True,0.0,0.3
queue_stress,136,80,0.15,0.1,0.4,False,True,0.0,0.4
queue_stress,136,120,0.05,0.01,0.2,False,True,0.0,0.2
queue_stress,136,120,0.05,0.01,0.3,False,True,0.0,0.3
queue_stress,136,120,0.05,0.01,0.4,False,True,0.0,0.4
queue_stress,136,120,0.05,0.05,0.2,False,True,0.0,0.2
queue_stress,136,120,0.05,0.05,0.3,False,True,0.0,0.3
queue_stress,136,120,0.05,0.05,0.4,False,True,0.0,0.4
queue_stress,136,120,0.05,0.1,0.2,False,True,0.0,0.2
queue_stress,136,120,0.05,0.1,0.3,False,True,0.0,0.3
queue_stress,136,120,0.05,0.1,0.4,False,True,0.0,0.4
queue_stress,136,120,0.1,0.01,0.2,False,True,0.0,0.2
queue_stress,136,120,0.1,0.01,0.3,False,True,0.0,0.3
queue_stress,136,120,0.1,0.01,0.4,False,True,0.0,0.4
queue_stress,136,120,0.1,0.05,0.2,False,True,0.0,0.2
queue_stress,136,120,0.1,0.05,0.3,False,True,0.0,0.3
queue_stress,136,120,0.1,0.05,0.4,False,True,0.0,0.4
queue_stress,136,120,0.1,0.1,0.2,False,True,0.0,0.2
queue_stress,136,120,0.1,0.1,0.3,False,True,0.0,0.3
queue_stress,136,120,0.1,0.1,0.4,False,True,0.0,0.4
queue_stress,136,120,0.15,0.01,0.2,False,True,0.0,0.2
queue_stress,136,120,0.15,0.01,0.3,False,True,0.0,0.3
queue_stress,136,120,0.15,0.01,0.4,False,True,0.0,0.4
queue_stress,136,120,0.15,0.05,0.2,False,True,0.0,0.2
queue_stress,136,120,0.15,0.05,0.3,False,True,0.0,0.3
queue_stress,136,120,0.15,0.05,0.4,False,True,0.0,0.4
queue_stress,136,120,0.15,0.1,0.2,False,True,0.0,0.2
queue_stress,136,120,0.15,0.1,0.3,False,True,0.0,0.3
queue_stress,136,120,0.15,0.1,0.4,False,True,0.0,0.4
queue_stress,137,40,0.05,0.01,0.2,False,True,0.0,0.2
queue_stress,137,40,0.05,0.01,0.3,False,True,0.0,0.3
queue_stress,137,40,0.05,0.01,0.4,False,True,0.0,0.4
queue_stress,137,40,0.05,0.05,0.2,False,True,0.0,0.2
queue_stress,137,40,0.05,0.05,0.3,False,True,0.0,0.3
queue_stress,137,40,0.05,0.05,0.4,False,True,0.0,0.4
queue_stress,137,40,0.05,0.1,0.2,False,True,0.0,0.2
queue_stress,137,40,0.05,0.1,0.3,False,True,0.0,0.3
queue_stress,137,40,0.05,0.1,0.4,False,True,0.0,0.4
queue_stress,137,40,0.1,0.01,0.2,False,True,0.0,0.2
queue_stress,137,40,0.1,0.01,0.3,False,True,0.0,0.3
queue_stress,137,40,0.1,0.01,0.4,False,True,0.0,0.4
queue_stress,137,40,0.1,0.05,0.2,False,True,0.0,0.2
queue_stress,137,40,0.1,0.05,0.3,False,True,0.0,0.3
queue_stress,137,40,0.1,0.05,0.4,False,True,0.0,0.4
queue_stress,137,40,0.1,0.1,0.2,False,True,0.0,0.2
queue_stress,137,40,0.1,0.1,0.3,False,True,0.0,0.3
queue_stress,137,40,0.1,0.1,0.4,False,True,0.0,0.4
queue_stress,137,40,0.15,0.01,0.2,False,True,0.0,0.2
queue_stress,137,40,0.15,0.01,0.3,False,True,0.0,0.3
queue_stress,137,40,0.15,0.01,0.4,False,True,0.0,0.4
queue_stress,137,40,0.15,0.05,0.2,False,True,0.0,0.2
queue_stress,137,40,0.15,0.05,0.3,False,True,0.0,0.3
queue_stress,137,40,0.15,0.05,0.4,False,True,0.0,0.4
queue_stress,137,40,0.15,0.1,0.2,False,True,0.0,0.2
queue_stress,137,40,0.15,0.1,0.3,False,True,0.0,0.3
queue_stress,137,40,0.15,0.1,0.4,False,True,0.0,0.4
queue_stress,137,80,0.05,0.01,0.2,False,True,0.0,0.2
queue_stress,137,80,0.05,0.01,0.3,False,True,0.0,0.3
queue_stress,137,80,0.05,0.01,0.4,False,True,0.0,0.4
queue_stress,137,80,0.05,0.05,0.2,False,True,0.0,0.2
queue_stress,137,80,0.05,0.05,0.3,False,True,0.0,0.3
queue_stress,137,80,0.05,0.05,0.4,False,True,0.0,0.4
queue_stress,137,80,0.05,0.1,0.2,False,True,0.0,0.2
queue_stress,137,80,0.05,0.1,0.3,False,True,0.0,0.3
queue_stress,137,80,0.05,0.1,0.4,False,True,0.0,0.4
queue_stress,137,80,0.1,0.01,0.2,False,True,0.0,0.2
queue_stress,137,80,0.1,0.01,0.3,False,True,0.0,0.3
queue_stress,137,80,0.1,0.01,0.4,False,True,0.0,0.4
queue_stress,137,80,0.1,0.05,0.2,False,True,0.0,0.2
queue_stress,137,80,0.1,0.05,0.3,False,True,0.0,0.3
queue_stress,137,80,0.1,0.05,0.4,False,True,0.0,0.4
queue_stress,137,80,0.1,0.1,0.2,False,True,0.0,0.2
queue_stress,137,80,0.1,0.1,0.3,False,True,0.0,0.3
queue_stress,137,80,0.1,0.1,0.4,False,True,0.0,0.4
queue_stress,137,80,0.15,0.01,0.2,False,True,0.0,0.2
queue_stress,137,80,0.15,0.01,0.3,False,True,0.0,0.3
queue_stress,137,80,0.15,0.01,0.4,False,True,0.0,0.4
queue_stress,137,80,0.15,0.05,0.2,False,True,0.0,0.2
queue_stress,137,80,0.15,0.05,0.3,False,True,0.0,0.3
queue_stress,137,80,0.15,0.05,0.4,False,True,0.0,0.4
queue_stress,137,80,0.15,0.1,0.2,False,True,0.0,0.2
queue_stress,137,80,0.15,0.1,0.3,False,True,0.0,0.3
queue_stress,137,80,0.15,0.1,0.4,False,True,0.0,0.4
queue_stress,137,120,0.05,0.01,0.2,False,True,0.0,0.2
queue_stress,137,120,0.05,0.01,0.3,False,True,0.0,0.3
queue_stress,137,120,0.05,0.01,0.4,False,True,0.0,0.4
queue_stress,137,120,0.05,0.05,0.2,False,True,0.0,0.2
queue_stress,137,120,0.05,0.05,0.3,False,True,0.0,0.3
queue_stress,137,120,0.05,0.05,0.4,False,True,0.0,0.4
queue_stress,137,120,0.05,0.1,0.2,False,True,0.0,0.2
queue_stress,137,120,0.05,0.1,0.3,False,True,0.0,0.3
queue_stress,137,120,0.05,0.1,0.4,False,True,0.0,0.4
queue_stress,137,120,0.1,0.01,0.2,False,True,0.0,0.2
queue_stress,137,120,0.1,0.01,0.3,False,True,0.0,0.3
queue_stress,137,120,0.1,0.01,0.4,False,True,0.0,0.4
queue_stress,137,120,0.1,0.05,0.2,False,True,0.0,0.2
queue_stress,137,120,0.1,0.05,0.3,False,True,0.0,0.3
queue_stress,137,120,0.1,0.05,0.4,False,True,0.0,0.4
queue_stress,137,120,0.1,0.1,0.2,False,True,0.0,0.2
queue_stress,137,120,0.1,0.1,0.3,False,True,0.0,0.3
queue_stress,137,120,0.1,0.1,0.4,False,True,0.0,0.4
queue_stress,137,120,0.15,0.01,0.2,False,True,0.0,0.2
queue_stress,137,120,0.15,0.01,0.3,False,True,0.0,0.3
queue_stress,137,120,0.15,0.01,0.4,False,True,0.0,0.4
queue_stress,137,120,0.15,0.05,0.2,False,True,0.0,0.2
queue_stress,137,120,0.15,0.05,0.3,False,True,0.0,0.3
queue_stress,137,120,0.15,0.05,0.4,False,True,0.0,0.4
queue_stress,137,120,0.15,0.1,0.2,False,True,0.0,0.2
queue_stress,137,120,0.15,0.1,0.3,False,True,0.0,0.3
queue_stress,137,120,0.15,0.1,0.4,False,True,0.0,0.4
queue_stress,138,40,0.05,0.01,0.2,False,True,0.0,0.2
queue_stress,138,40,0.05,0.01,0.3,False,True,0.0,0.3
queue_stress,138,40,0.05,0.01,0.4,False,True,0.0,0.4
queue_stress,138,40,0.05,0.05,0.2,False,True,0.0,0.2
queue_stress,138,40,0.05,0.05,0.3,False,True,0.0,0.3
queue_stress,138,40,0.05,0.05,0.4,False,True,0.0,0.4
queue_stress,138,40,0.05,0.1,0.2,False,True,0.0,0.2
queue_stress,138,40,0.05,0.1,0.3,False,True,0.0,0.3
queue_stress,138,40,0.05,0.1,0.4,False,True,0.0,0.4
queue_stress,138,40,0.1,0.01,0.2,False,True,0.0,0.2
queue_stress,138,40,0.1,0.01,0.3,False,True,0.0,0.3
queue_stress,138,40,0.1,0.01,0.4,False,True,0.0,0.4
queue_stress,138,40,0.1,0.05,0.2,False,True,0.0,0.2
queue_stress,138,40,0.1,0.05,0.3,False,True,0.0,0.3
queue_stress,138,40,0.1,0.05,0.4,False,True,0.0,0.4
queue_stress,138,40,0.1,0.1,0.2,False,True,0.0,0.2
queue_stress,138,40,0.1,0.1,0.3,False,True,0.0,0.3
queue_stress,138,40,0.1,0.1,0.4,False,True,0.0,0.4
queue_stress,138,40,0.15,0.01,0.2,False,True,0.0,0.2
queue_stress,138,40,0.15,0.01,0.3,False,True,0.0,0.3
queue_stress,138,40,0.15,0.01,0.4,False,True,0.0,0.4
queue_stress,138,40,0.15,0.05,0.2,False,True,0.0,0.2
queue_stress,138,40,0.15,0.05,0.3,False,True,0.0,0.3
queue_stress,138,40,0.15,0.05,0.4,False,True,0.0,0.4
queue_stress,138,40,0.15,0.1,0.2,False,True,0.0,0.2
queue_stress,138,40,0.15,0.1,0.3,False,True,0.0,0.3
queue_stress,138,40,0.15,0.1,0.4,False,True,0.0,0.4
queue_stress,138,80,0.05,0.01,0.2,False,True,0.0,0.2
queue_stress,138,80,0.05,0.01,0.3,False,True,0.0,0.3
queue_stress,138,80,0.05,0.01,0.4,False,True,0.0,0.4
queue_stress,138,80,0.05,0.05,0.2,False,True,0.0,0.2
queue_stress,138,80,0.05,0.05,0.3,False,True,0.0,0.3
queue_stress,138,80,0.05,0.05,0.4,False,True,0.0,0.4
queue_stress,138,80,0.05,0.1,0.2,False,True,0.0,0.2
queue_stress,138,80,0.05,0.1,0.3,False,True,0.0,0.3
queue_stress,138,80,0.05,0.1,0.4,False,True,0.0,0.4
queue_stress,138,80,0.1,0.01,0.2,False,True,0.0,0.2
queue_stress,138,80,0.1,0.01,0.3,False,True,0.0,0.3
queue_stress,138,80,0.1,0.01,0.4,False,True,0.0,0.4
queue_stress,138,80,0.1,0.05,0.2,False,True,0.0,0.2
queue_stress,138,80,0.1,0.05,0.3,False,True,0.0,0.3
queue_stress,138,80,0.1,0.05,0.4,False,True,0.0,0.4
queue_stress,138,80,0.1,0.1,0.2,False,True,0.0,0.2
queue_stress,138,80,0.1,0.1,0.3,False,True,0.0,0.3
queue_stress,138,80,0.1,0.1,0.4,False,True,0.0,0.4
queue_stress,138,80,0.15,0.01,0.2,False,True,0.0,0.2
queue_stress,138,80,0.15,0.01,0.3,False,True,0.0,0.3
queue_stress,138,80,0.15,0.01,0.4,False,True,0.0,0.4
queue_stress,138,80,0.15,0.05,0.2,False,True,0.0,0.2
queue_stress,138,80,0.15,0.05,0.3,False,True,0.0,0.3
queue_stress,138,80,0.15,0.05,0.4,False,True,0.0,0.4
queue_stress,138,80,0.15,0.1,0.2,False,True,0.0,0.2
queue_stress,138,80,0.15,0.1,0.3,False,True,0.0,0.3
queue_stress,138,80,0.15,0.1,0.4,False,True,0.0,0.4
queue_stress,138,120,0.05,0.01,0.2,False,True,0.0,0.2
queue_stress,138,120,0.05,0.01,0.3,False,True,0.0,0.3
queue_stress,138,120,0.05,0.01,0.4,False,True,0.0,0.4
queue_stress,138,120,0.05,0.05,0.2,False,True,0.0,0.2
queue_stress,138,120,0.05,0.05,0.3,False,True,0.0,0.3
queue_stress,138,120,0.05,0.05,0.4,False,True,0.0,0.4
queue_stress,138,120,0.05,0.1,0.2,False,True,0.0,0.2
queue_stress,138,120,0.05,0.1,0.3,False,True,0.0,0.3
queue_stress,138,120,0.05,0.1,0.4,False,True,0.0,0.4
queue_stress,138,120,0.1,0.01,0.2,False,True,0.0,0.2
queue_stress,138,120,0.1,0.01,0.3,False,True,0.0,0.3
queue_stress,138,120,0.1,0.01,0.4,False,True,0.0,0.4
queue_stress,138,120,0.1,0.05,0.2,False,True,0.0,0.2
queue_stress,138,120,0.1,0.05,0.3,False,True,0.0,0.3
queue_stress,138,120,0.1,0.05,0.4,False,True,0.0,0.4
queue_stress,138,120,0.1,0.1,0.2,False,True,0.0,0.2
queue_stress,138,120,0.1,0.1,0.3,False,True,0.0,0.3
queue_stress,138,120,0.1,0.1,0.4,False,True,0.0,0.4
queue_stress,138,120,0.15,0.01,0.2,False,True,0.0,0.2
queue_stress,138,120,0.15,0.01,0.3,False,True,0.0,0.3
queue_stress,138,120,0.15,0.01,0.4,False,True,0.0,0.4
queue_stress,138,120,0.15,0.05,0.2,False,True,0.0,0.2
queue_stress,138,120,0.15,0.05,0.3,False,True,0.0,0.3
queue_stress,138,120,0.15,0.05,0.4,False,True,0.0,0.4
queue_stress,138,120,0.15,0.1,0.2,False,True,0.0,0.2
queue_stress,138,120,0.15,0.1,0.3,False,True,0.0,0.3
queue_stress,138,120,0.15,0.1,0.4,False,True,0.0,0.4
queue_stress,139,40,0.05,0.01,0.2,False,True,0.0,0.2
queue_stress,139,40,0.05,0.01,0.3,False,True,0.0,0.3
queue_stress,139,40,0.05,0.01,0.4,False,True,0.0,0.4
queue_stress,139,40,0.05,0.05,0.2,False,True,0.0,0.2
queue_stress,139,40,0.05,0.05,0.3,False,True,0.0,0.3
queue_stress,139,40,0.05,0.05,0.4,False,True,0.0,0.4
queue_stress,139,40,0.05,0.1,0.2,False,True,0.0,0.2
queue_stress,139,40,0.05,0.1,0.3,False,True,0.0,0.3
queue_stress,139,40,0.05,0.1,0.4,False,True,0.0,0.4
queue_stress,139,40,0.1,0.01,0.2,False,True,0.0,0.2
queue_stress,139,40,0.1,0.01,0.3,False,True,0.0,0.3
queue_stress,139,40,0.1,0.01,0.4,False,True,0.0,0.4
queue_stress,139,40,0.1,0.05,0.2,False,True,0.0,0.2
queue_stress,139,40,0.1,0.05,0.3,False,True,0.0,0.3
queue_stress,139,40,0.1,0.05,0.4,False,True,0.0,0.4
queue_stress,139,40,0.1,0.1,0.2,False,True,0.0,0.2
queue_stress,139,40,0.1,0.1,0.3,False,True,0.0,0.3
queue_stress,139,40,0.1,0.1,0.4,False,True,0.0,0.4
queue_stress,139,40,0.15,0.01,0.2,False,True,0.0,0.2
queue_stress,139,40,0.15,0.01,0.3,False,True,0.0,0.3
queue_stress,139,40,0.15,0.01,0.4,False,True,0.0,0.4
queue_stress,139,40,0.15,0.05,0.2,False,True,0.0,0.2
queue_stress,139,40,0.15,0.05,0.3,False,True,0.0,0.3
queue_stress,139,40,0.15,0.05,0.4,False,True,0.0,0.4
queue_stress,139,40,0.15,0.1,0.2,False,True,0.0,0.2
queue_stress,139,40,0.15,0.1,0.3,False,True,0.0,0.3
queue_stress,139,40,0.15,0.1,0.4,False,True,0.0,0.4
queue_stress,139,80,0.05,0.01,0.2,False,True,0.0,0.2
queue_stress,139,80,0.05,0.01,0.3,False,True,0.0,0.3
queue_stress,139,80,0.05,0.01,0.4,False,True,0.0,0.4
queue_stress,139,80,0.05,0.05,0.2,False,True,0.0,0.2
queue_stress,139,80,0.05,0.05,0.3,False,True,0.0,0.3
queue_stress,139,80,0.05,0.05,0.4,False,True,0.0,0.4
queue_stress,139,80,0.05,0.1,0.2,False,True,0.0,0.2
queue_stress,139,80,0.05,0.1,0.3,False,True,0.0,0.3
queue_stress,139,80,0.05,0.1,0.4,False,True,0.0,0.4
queue_stress,139,80,0.1,0.01,0.2,False,True,0.0,0.2
queue_stress,139,80,0.1,0.01,0.3,False,True,0.0,0.3
queue_stress,139,80,0.1,0.01,0.4,False,True,0.0,0.4
queue_stress,139,80,0.1,0.05,0.2,False,True,0.0,0.2
queue_stress,139,80,0.1,0.05,0.3,False,True,0.0,0.3
queue_stress,139,80,0.1,0.05,0.4,False,True,0.0,0.4
queue_stress,139,80,0.1,0.1,0.2,False,True,0.0,0.2
queue_stress,139,80,0.1,0.1,0.3,False,True,0.0,0.3
queue_stress,139,80,0.1,0.1,0.4,False,True,0.0,0.4
queue_stress,139,80,0.15,0.01,0.2,False,True,0.0,0.2
queue_stress,139,80,0.15,0.01,0.3,False,True,0.0,0.3
queue_stress,139,80,0.15,0.01,0.4,False,True,0.0,0.4
queue_stress,139,80,0.15,0.05,0.2,False,True,0.0,0.2
queue_stress,139,80,0.15,0.05,0.3,False,True,0.0,0.3
queue_stress,139,80,0.15,0.05,0.4,False,True,0.0,0.4
queue_stress,139,80,0.15,0.1,0.2,False,True,0.0,0.2
queue_stress,139,80,0.15,0.1,0.3,False,True,0.0,0.3
queue_stress,139,80,0.15,0.1,0.4,False,True,0.0,0.4
queue_stress,139,120,0.05,0.01,0.2,False,True,0.0,0.2
queue_stress,139,120,0.05,0.01,0.3,False,True,0.0,0.3
queue_stress,139,120,0.05,0.01,0.4,False,True,0.0,0.4
queue_stress,139,120,0.05,0.05,0.2,False,True,0.0,0.2
queue_stress,139,120,0.05,0.05,0.3,False,True,0.0,0.3
queue_stress,139,120,0.05,0.05,0.4,False,True,0.0,0.4
queue_stress,139,120,0.05,0.1,0.2,False,True,0.0,0.2
queue_stress,139,120,0.05,0.1,0.3,False,True,0.0,0.3
queue_stress,139,120,0.05,0.1,0.4,False,True,0.0,0.4
queue_stress,139,120,0.1,0.01,0.2,False,True,0.0,0.2
queue_stress,139,120,0.1,0.01,0.3,False,True,0.0,0.3
queue_stress,139,120,0.1,0.01,0.4,False,True,0.0,0.4
queue_stress,139,120,0.1,0.05,0.2,False,True,0.0,0.2
queue_stress,139,120,0.1,0.05,0.3,False,True,0.0,0.3
queue_stress,139,120,0.1,0.05,0.4,False,True,0.0,0.4
queue_stress,139,120,0.1,0.1,0.2,False,True,0.0,0.2
queue_stress,139,120,0.1,0.1,0.3,False,True,0.0,0.3
queue_stress,139,120,0.1,0.1,0.4,False,True,0.0,0.4
queue_stress,139,120,0.15,0.01,0.2,False,True,0.0,0.2
queue_stress,139,120,0.15,0.01,0.3,False,True,0.0,0.3
queue_stress,139,120,0.15,0.01,0.4,False,True,0.0,0.4
queue_stress,139,120,0.15,0.05,0.2,False,True,0.0,0.2
queue_stress,139,120,0.15,0.05,0.3,False,True,0.0,0.3
queue_stress,139,120,0.15,0.05,0.4,False,True,0.0,0.4
queue_stress,139,120,0.15,0.1,0.2,False,True,0.0,0.2
queue_stress,139,120,0.15,0.1,0.3,False,True,0.0,0.3
queue_stress,139,120,0.15,0.1,0.4,False,True,0.0,0.4
queue_stress,140,40,0.05,0.01,0.2,False,True,0.0,0.2
queue_stress,140,40,0.05,0.01,0.3,False,True,0.0,0.3
queue_stress,140,40,0.05,0.01,0.4,False,True,0.0,0.4
queue_stress,140,40,0.05,0.05,0.2,False,True,0.0,0.2
queue_stress,140,40,0.05,0.05,0.3,False,True,0.0,0.3
queue_stress,140,40,0.05,0.05,0.4,False,True,0.0,0.4
queue_stress,140,40,0.05,0.1,0.2,False,True,0.0,0.2
queue_stress,140,40,0.05,0.1,0.3,False,True,0.0,0.3
queue_stress,140,40,0.05,0.1,0.4,False,True,0.0,0.4
queue_stress,140,40,0.1,0.01,0.2,False,True,0.0,0.2
queue_stress,140,40,0.1,0.01,0.3,False,True,0.0,0.3
queue_stress,140,40,0.1,0.01,0.4,False,True,0.0,0.4
queue_stress,140,40,0.1,0.05,0.2,False,True,0.0,0.2
queue_stress,140,40,0.1,0.05,0.3,False,True,0.0,0.3
queue_stress,140,40,0.1,0.05,0.4,False,True,0.0,0.4
queue_stress,140,40,0.1,0.1,0.2,False,True,0.0,0.2
queue_stress,140,40,0.1,0.1,0.3,False,True,0.0,0.3
queue_stress,140,40,0.1,0.1,0.4,False,True,0.0,0.4
queue_stress,140,40,0.15,0.01,0.2,False,True,0.0,0.2
queue_stress,140,40,0.15,0.01,0.3,False,True,0.0,0.3
queue_stress,140,40,0.15,0.01,0.4,False,True,0.0,0.4
queue_stress,140,40,0.15,0.05,0.2,False,True,0.0,0.2
queue_stress,140,40,0.15,0.05,0.3,False,True,0.0,0.3
queue_stress,140,40,0.15,0.05,0.4,False,True,0.0,0.4
queue_stress,140,40,0.15,0.1,0.2,False,True,0.0,0.2
queue_stress,140,40,0.15,0.1,0.3,False,True,0.0,0.3
queue_stress,140,40,0.15,0.1,0.4,False,True,0.0,0.4
queue_stress,140,80,0.05,0.01,0.2,False,True,0.0,0.2
queue_stress,140,80,0.05,0.01,0.3,False,True,0.0,0.3
queue_stress,140,80,0.05,0.01,0.4,False,True,0.0,0.4
queue_stress,140,80,0.05,0.05,0.2,False,True,0.0,0.2
queue_stress,140,80,0.05,0.05,0.3,False,True,0.0,0.3
queue_stress,140,80,0.05,0.05,0.4,False,True,0.0,0.4
queue_stress,140,80,0.05,0.1,0.2,False,True,0.0,0.2
queue_stress,140,80,0.05,0.1,0.3,False,True,0.0,0.3
queue_stress,140,80,0.05,0.1,0.4,False,True,0.0,0.4
queue_stress,140,80,0.1,0.01,0.2,False,True,0.0,0.2
queue_stress,140,80,0.1,0.01,0.3,False,True,0.0,0.3
queue_stress,140,80,0.1,0.01,0.4,False,True,0.0,0.4
queue_stress,140,80,0.1,0.05,0.2,False,True,0.0,0.2
queue_stress,140,80,0.1,0.05,0.3,False,True,0.0,0.3
queue_stress,140,80,0.1,0.05,0.4,False,True,0.0,0.4
queue_stress,140,80,0.1,0.1,0.2,False,True,0.0,0.2
queue_stress,140,80,0.1,0.1,0.3,False,True,0.0,0.3
queue_stress,140,80,0.1,0.1,0.4,False,True,0.0,0.4
queue_stress,140,80,0.15,0.01,0.2,False,True,0.0,0.2
queue_stress,140,80,0.15,0.01,0.3,False,True,0.0,0.3
queue_stress,140,80,0.15,0.01,0.4,False,True,0.0,0.4
queue_stress,140,80,0.15,0.05,0.2,False,True,0.0,0.2
queue_stress,140,80,0.15,0.05,0.3,False,True,0.0,0.3
queue_stress,140,80,0.15,0.05,0.4,False,True,0.0,0.4
queue_stress,140,80,0.15,0.1,0.2,False,True,0.0,0.2
queue_stress,140,80,0.15,0.1,0.3,False,True,0.0,0.3
queue_stress,140,80,0.15,0.1,0.4,False,True,0.0,0.4
queue_stress,140,120,0.05,0.01,0.2,False,True,0.0,0.2
queue_stress,140,120,0.05,0.01,0.3,False,True,0.0,0.3
queue_stress,140,120,0.05,0.01,0.4,False,True,0.0,0.4
queue_stress,140,120,0.05,0.05,0.2,False,True,0.0,0.2
queue_stress,140,120,0.05,0.05,0.3,False,True,0.0,0.3
queue_stress,140,120,0.05,0.05,0.4,False,True,0.0,0.4
queue_stress,140,120,0.05,0.1,0.2,False,True,0.0,0.2
queue_stress,140,120,0.05,0.1,0.3,False,True,0.0,0.3
queue_stress,140,120,0.05,0.1,0.4,False,True,0.0,0.4
queue_stress,140,120,0.1,0.01,0.2,False,True,0.0,0.2
queue_stress,140,120,0.1,0.01,0.3,False,True,0.0,0.3
queue_stress,140,120,0.1,0.01,0.4,False,True,0.0,0.4
queue_stress,140,120,0.1,0.05,0.2,False,True,0.0,0.2
queue_stress,140,120,0.1,0.05,0.3,False,True,0.0,0.3
queue_stress,140,120,0.1,0.05,0.4,False,True,0.0,0.4
queue_stress,140,120,0.1,0.1,0.2,False,True,0.0,0.2
queue_stress,140,120,0.1,0.1,0.3,False,True,0.0,0.3
queue_stress,140,120,0.1,0.1,0.4,False,True,0.0,0.4
queue_stress,140,120,0.15,0.01,0.2,False,True,0.0,0.2
queue_stress,140,120,0.15,0.01,0.3,False,True,0.0,0.3
queue_stress,140,120,0.15,0.01,0.4,False,True,0.0,0.4
queue_stress,140,120,0.15,0.05,0.2,False,True,0.0,0.2
queue_stress,140,120,0.15,0.05,0.3,False,True,0.0,0.3
queue_stress,140,120,0.15,0.05,0.4,False,True,0.0,0.4
queue_stress,140,120,0.15,0.1,0.2,False,True,0.0,0.2
queue_stress,140,120,0.15,0.1,0.3,False,True,0.0,0.3
queue_stress,140,120,0.15,0.1,0.4,False,True,0.0,0.4
queue_stress,141,40,0.05,0.01,0.2,False,True,0.0,0.2
queue_stress,141,40,0.05,0.01,0.3,False,True,0.0,0.3
queue_stress,141,40,0.05,0.01,0.4,False,True,0.0,0.4
queue_stress,141,40,0.05,0.05,0.2,False,True,0.0,0.2
queue_stress,141,40,0.05,0.05,0.3,False,True,0.0,0.3
queue_stress,141,40,0.05,0.05,0.4,False,True,0.0,0.4
queue_stress,141,40,0.05,0.1,0.2,False,True,0.0,0.2
queue_stress,141,40,0.05,0.1,0.3,False,True,0.0,0.3
queue_stress,141,40,0.05,0.1,0.4,False,True,0.0,0.4
queue_stress,141,40,0.1,0.01,0.2,False,True,0.0,0.2
queue_stress,141,40,0.1,0.01,0.3,False,True,0.0,0.3
queue_stress,141,40,0.1,0.01,0.4,False,True,0.0,0.4
queue_stress,141,40,0.1,0.05,0.2,False,True,0.0,0.2
queue_stress,141,40,0.1,0.05,0.3,False,True,0.0,0.3
queue_stress,141,40,0.1,0.05,0.4,False,True,0.0,0.4
queue_stress,141,40,0.1,0.1,0.2,False,True,0.0,0.2
queue_stress,141,40,0.1,0.1,0.3,False,True,0.0,0.3
queue_stress,141,40,0.1,0.1,0.4,False,True,0.0,0.4
queue_stress,141,40,0.15,0.01,0.2,False,True,0.0,0.2
queue_stress,141,40,0.15,0.01,0.3,False,True,0.0,0.3
queue_stress,141,40,0.15,0.01,0.4,False,True,0.0,0.4
queue_stress,141,40,0.15,0.05,0.2,False,True,0.0,0.2
queue_stress,141,40,0.15,0.05,0.3,False,True,0.0,0.3
queue_stress,141,40,0.15,0.05,0.4,False,True,0.0,0.4
queue_stress,141,40,0.15,0.1,0.2,False,True,0.0,0.2
queue_stress,141,40,0.15,0.1,0.3,False,True,0.0,0.3
queue_stress,141,40,0.15,0.1,0.4,False,True,0.0,0.4
queue_stress,141,80,0.05,0.01,0.2,False,True,0.0,0.2
queue_stress,141,80,0.05,0.01,0.3,False,True,0.0,0.3
queue_stress,141,80,0.05,0.01,0.4,False,True,0.0,0.4
queue_stress,141,80,0.05,0.05,0.2,False,True,0.0,0.2
queue_stress,141,80,0.05,0.05,0.3,False,True,0.0,0.3
queue_stress,141,80,0.05,0.05,0.4,False,True,0.0,0.4
queue_stress,141,80,0.05,0.1,0.2,False,True,0.0,0.2
queue_stress,141,80,0.05,0.1,0.3,False,True,0.0,0.3
queue_stress,141,80,0.05,0.1,0.4,False,True,0.0,0.4
queue_stress,141,80,0.1,0.01,0.2,False,True,0.0,0.2
queue_stress,141,80,0.1,0.01,0.3,False,True,0.0,0.3
queue_stress,141,80,0.1,0.01,0.4,False,True,0.0,0.4
queue_stress,141,80,0.1,0.05,0.2,False,True,0.0,0.2
queue_stress,141,80,0.1,0.05,0.3,False,True,0.0,0.3
queue_stress,141,80,0.1,0.05,0.4,False,True,0.0,0.4
queue_stress,141,80,0.1,0.1,0.2,False,True,0.0,0.2
queue_stress,141,80,0.1,0.1,0.3,False,True,0.0,0.3
queue_stress,141,80,0.1,0.1,0.4,False,True,0.0,0.4
queue_stress,141,80,0.15,0.01,0.2,False,True,0.0,0.2
queue_stress,141,80,0.15,0.01,0.3,False,True,0.0,0.3
queue_stress,141,80,0.15,0.01,0.4,False,True,0.0,0.4
queue_stress,141,80,0.15,0.05,0.2,False,True,0.0,0.2
queue_stress,141,80,0.15,0.05,0.3,False,True,0.0,0.3
queue_stress,141,80,0.15,0.05,0.4,False,True,0.0,0.4
queue_stress,141,80,0.15,0.1,0.2,False,True,0.0,0.2
queue_stress,141,80,0.15,0.1,0.3,False,True,0.0,0.3
queue_stress,141,80,0.15,0.1,0.4,False,True,0.0,0.4
queue_stress,141,120,0.05,0.01,0.2,False,True,0.0,0.2
queue_stress,141,120,0.05,0.01,0.3,False,True,0.0,0.3
queue_stress,141,120,0.05,0.01,0.4,False,True,0.0,0.4
queue_stress,141,120,0.05,0.05,0.2,False,True,0.0,0.2
queue_stress,141,120,0.05,0.05,0.3,False,True,0.0,0.3
queue_stress,141,120,0.05,0.05,0.4,False,True,0.0,0.4
queue_stress,141,120,0.05,0.1,0.2,False,True,0.0,0.2
queue_stress,141,120,0.05,0.1,0.3,False,True,0.0,0.3
queue_stress,141,120,0.05,0.1,0.4,False,True,0.0,0.4
queue_stress,141,120,0.1,0.01,0.2,False,True,0.0,0.2
queue_stress,141,120,0.1,0.01,0.3,False,True,0.0,0.3
queue_stress,141,120,0.1,0.01,0.4,False,True,0.0,0.4
queue_stress,141,120,0.1,0.05,0.2,False,True,0.0,0.2
queue_stress,141,120,0.1,0.05,0.3,False,True,0.0,0.3
queue_stress,141,120,0.1,0.05,0.4,False,True,0.0,0.4
queue_stress,141,120,0.1,0.1,0.2,False,True,0.0,0.2
queue_stress,141,120,0.1,0.1,0.3,False,True,0.0,0.3
queue_stress,141,120,0.1,0.1,0.4,False,True,0.0,0.4
queue_stress,141,120,0.15,0.01,0.2,False,True,0.0,0.2
queue_stress,141,120,0.15,0.01,0.3,False,True,0.0,0.3
queue_stress,141,120,0.15,0.01,0.4,False,True,0.0,0.4
queue_stress,141,120,0.15,0.05,0.2,False,True,0.0,0.2
queue_stress,141,120,0.15,0.05,0.3,False,True,0.0,0.3
queue_stress,141,120,0.15,0.05,0.4,False,True,0.0,0.4
queue_stress,141,120,0.15,0.1,0.2,False,True,0.0,0.2
queue_stress,141,120,0.15,0.1,0.3,False,True,0.0,0.3
queue_stress,141,120,0.15,0.1,0.4,False,True,0.0,0.4
queue_stress,142,40,0.05,0.01,0.2,False,True,0.0,0.2
queue_stress,142,40,0.05,0.01,0.3,False,True,0.0,0.3
queue_stress,142,40,0.05,0.01,0.4,False,True,0.0,0.4
queue_stress,142,40,0.05,0.05,0.2,False,True,0.0,0.2
queue_stress,142,40,0.05,0.05,0.3,False,True,0.0,0.3
queue_stress,142,40,0.05,0.05,0.4,False,True,0.0,0.4
queue_stress,142,40,0.05,0.1,0.2,False,True,0.0,0.2
queue_stress,142,40,0.05,0.1,0.3,False,True,0.0,0.3
queue_stress,142,40,0.05,0.1,0.4,False,True,0.0,0.4
queue_stress,142,40,0.1,0.01,0.2,False,True,0.0,0.2
queue_stress,142,40,0.1,0.01,0.3,False,True,0.0,0.3
queue_stress,142,40,0.1,0.01,0.4,False,True,0.0,0.4
queue_stress,142,40,0.1,0.05,0.2,False,True,0.0,0.2
queue_stress,142,40,0.1,0.05,0.3,False,True,0.0,0.3
queue_stress,142,40,0.1,0.05,0.4,False,True,0.0,0.4
queue_stress,142,40,0.1,0.1,0.2,False,True,0.0,0.2
queue_stress,142,40,0.1,0.1,0.3,False,True,0.0,0.3
queue_stress,142,40,0.1,0.1,0.4,False,True,0.0,0.4
queue_stress,142,40,0.15,0.01,0.2,False,True,0.0,0.2
queue_stress,142,40,0.15,0.01,0.3,False,True,0.0,0.3
queue_stress,142,40,0.15,0.01,0.4,False,True,0.0,0.4
queue_stress,142,40,0.15,0.05,0.2,False,True,0.0,0.2
queue_stress,142,40,0.15,0.05,0.3,False,True,0.0,0.3
queue_stress,142,40,0.15,0.05,0.4,False,True,0.0,0.4
queue_stress,142,40,0.15,0.1,0.2,False,True,0.0,0.2
queue_stress,142,40,0.15,0.1,0.3,False,True,0.0,0.3
queue_stress,142,40,0.15,0.1,0.4,False,True,0.0,0.4
queue_stress,142,80,0.05,0.01,0.2,False,True,0.0,0.2
queue_stress,142,80,0.05,0.01,0.3,False,True,0.0,0.3
queue_stress,142,80,0.05,0.01,0.4,False,True,0.0,0.4
queue_stress,142,80,0.05,0.05,0.2,False,True,0.0,0.2
queue_stress,142,80,0.05,0.05,0.3,False,True,0.0,0.3
queue_stress,142,80,0.05,0.05,0.4,False,True,0.0,0.4
queue_stress,142,80,0.05,0.1,0.2,False,True,0.0,0.2
queue_stress,142,80,0.05,0.1,0.3,False,True,0.0,0.3
queue_stress,142,80,0.05,0.1,0.4,False,True,0.0,0.4
queue_stress,142,80,0.1,0.01,0.2,False,True,0.0,0.2
queue_stress,142,80,0.1,0.01,0.3,False,True,0.0,0.3
queue_stress,142,80,0.1,0.01,0.4,False,True,0.0,0.4
queue_stress,142,80,0.1,0.05,0.2,False,True,0.0,0.2
queue_stress,142,80,0.1,0.05,0.3,False,True,0.0,0.3
queue_stress,142,80,0.1,0.05,0.4,False,True,0.0,0.4
queue_stress,142,80,0.1,0.1,0.2,False,True,0.0,0.2
queue_stress,142,80,0.1,0.1,0.3,False,True,0.0,0.3
queue_stress,142,80,0.1,0.1,0.4,False,True,0.0,0.4
queue_stress,142,80,0.15,0.01,0.2,False,True,0.0,0.2
queue_stress,142,80,0.15,0.01,0.3,False,True,0.0,0.3
queue_stress,142,80,0.15,0.01,0.4,False,True,0.0,0.4
queue_stress,142,80,0.15,0.05,0.2,False,True,0.0,0.2
queue_stress,142,80,0.15,0.05,0.3,False,True,0.0,0.3
queue_stress,142,80,0.15,0.05,0.4,False,True,0.0,0.4
queue_stress,142,80,0.15,0.1,0.2,False,True,0.0,0.2
queue_stress,142,80,0.15,0.1,0.3,False,True,0.0,0.3
queue_stress,142,80,0.15,0.1,0.4,False,True,0.0,0.4
queue_stress,142,120,0.05,0.01,0.2,False,True,0.0,0.2
queue_stress,142,120,0.05,0.01,0.3,False,True,0.0,0.3
queue_stress,142,120,0.05,0.01,0.4,False,True,0.0,0.4
queue_stress,142,120,0.05,0.05,0.2,False,True,0.0,0.2
queue_stress,142,120,0.05,0.05,0.3,False,True,0.0,0.3
queue_stress,142,120,0.05,0.05,0.4,False,True,0.0,0.4
queue_stress,142,120,0.05,0.1,0.2,False,True,0.0,0.2
queue_stress,142,120,0.05,0.1,0.3,False,True,0.0,0.3
queue_stress,142,120,0.05,0.1,0.4,False,True,0.0,0.4
queue_stress,142,120,0.1,0.01,0.2,False,True,0.0,0.2
queue_stress,142,120,0.1,0.01,0.3,False,True,0.0,0.3
queue_stress,142,120,0.1,0.01,0.4,False,True,0.0,0.4
queue_stress,142,120,0.1,0.05,0.2,False,True,0.0,0.2
queue_stress,142,120,0.1,0.05,0.3,False,True,0.0,0.3
queue_stress,142,120,0.1,0.05,0.4,False,True,0.0,0.4
queue_stress,142,120,0.1,0.1,0.2,False,True,0.0,0.2
queue_stress,142,120,0.1,0.1,0.3,False,True,0.0,0.3
queue_stress,142,120,0.1,0.1,0.4,False,True,0.0,0.4
queue_stress,142,120,0.15,0.01,0.2,False,True,0.0,0.2
queue_stress,142,120,0.15,0.01,0.3,False,True,0.0,0.3
queue_stress,142,120,0.15,0.01,0.4,False,True,0.0,0.4
queue_stress,142,120,0.15,0.05,0.2,False,True,0.0,0.2
queue_stress,142,120,0.15,0.05,0.3,False,True,0.0,0.3
queue_stress,142,120,0.15,0.05,0.4,False,True,0.0,0.4
queue_stress,142,120,0.15,0.1,0.2,False,True,0.0,0.2
queue_stress,142,120,0.15,0.1,0.3,False,True,0.0,0.3
queue_stress,142,120,0.15,0.1,0.4,False,True,0.0,0.4
queue_stress,143,40,0.05,0.01,0.2,False,True,0.0,0.2
queue_stress,143,40,0.05,0.01,0.3,False,True,0.0,0.3
queue_stress,143,40,0.05,0.01,0.4,False,True,0.0,0.4
queue_stress,143,40,0.05,0.05,0.2,False,True,0.0,0.2
queue_stress,143,40,0.05,0.05,0.3,False,True,0.0,0.3
queue_stress,143,40,0.05,0.05,0.4,False,True,0.0,0.4
queue_stress,143,40,0.05,0.1,0.2,False,True,0.0,0.2
queue_stress,143,40,0.05,0.1,0.3,False,True,0.0,0.3
queue_stress,143,40,0.05,0.1,0.4,False,True,0.0,0.4
queue_stress,143,40,0.1,0.01,0.2,False,True,0.0,0.2
queue_stress,143,40,0.1,0.01,0.3,False,True,0.0,0.3
queue_stress,143,40,0.1,0.01,0.4,False,True,0.0,0.4
queue_stress,143,40,0.1,0.05,0.2,False,True,0.0,0.2
queue_stress,143,40,0.1,0.05,0.3,False,True,0.0,0.3
queue_stress,143,40,0.1,0.05,0.4,False,True,0.0,0.4
queue_stress,143,40,0.1,0.1,0.2,False,True,0.0,0.2
queue_stress,143,40,0.1,0.1,0.3,False,True,0.0,0.3
queue_stress,143,40,0.1,0.1,0.4,False,True,0.0,0.4
queue_stress,143,40,0.15,0.01,0.2,False,True,0.0,0.2
queue_stress,143,40,0.15,0.01,0.3,False,True,0.0,0.3
queue_stress,143,40,0.15,0.01,0.4,False,True,0.0,0.4
queue_stress,143,40,0.15,0.05,0.2,False,True,0.0,0.2
queue_stress,143,40,0.15,0.05,0.3,False,True,0.0,0.3
queue_stress,143,40,0.15,0.05,0.4,False,True,0.0,0.4
queue_stress,143,40,0.15,0.1,0.2,False,True,0.0,0.2
queue_stress,143,40,0.15,0.1,0.3,False,True,0.0,0.3
queue_stress,143,40,0.15,0.1,0.4,False,True,0.0,0.4
queue_stress,143,80,0.05,0.01,0.2,False,True,0.0,0.2
queue_stress,143,80,0.05,0.01,0.3,False,True,0.0,0.3
queue_stress,143,80,0.05,0.01,0.4,False,True,0.0,0.4
queue_stress,143,80,0.05,0.05,0.2,False,True,0.0,0.2
queue_stress,143,80,0.05,0.05,0.3,False,True,0.0,0.3
queue_stress,143,80,0.05,0.05,0.4,False,True,0.0,0.4
queue_stress,143,80,0.05,0.1,0.2,False,True,0.0,0.2
queue_stress,143,80,0.05,0.1,0.3,False,True,0.0,0.3
queue_stress,143,80,0.05,0.1,0.4,False,True,0.0,0.4
queue_stress,143,80,0.1,0.01,0.2,False,True,0.0,0.2
queue_stress,143,80,0.1,0.01,0.3,False,True,0.0,0.3
queue_stress,143,80,0.1,0.01,0.4,False,True,0.0,0.4
queue_stress,143,80,0.1,0.05,0.2,False,True,0.0,0.2
queue_stress,143,80,0.1,0.05,0.3,False,True,0.0,0.3
queue_stress,143,80,0.1,0.05,0.4,False,True,0.0,0.4
queue_stress,143,80,0.1,0.1,0.2,False,True,0.0,0.2
queue_stress,143,80,0.1,0.1,0.3,False,True,0.0,0.3
queue_stress,143,80,0.1,0.1,0.4,False,True,0.0,0.4
queue_stress,143,80,0.15,0.01,0.2,False,True,0.0,0.2
queue_stress,143,80,0.15,0.01,0.3,False,True,0.0,0.3
queue_stress,143,80,0.15,0.01,0.4,False,True,0.0,0.4
queue_stress,143,80,0.15,0.05,0.2,False,True,0.0,0.2
queue_stress,143,80,0.15,0.05,0.3,False,True,0.0,0.3
queue_stress,143,80,0.15,0.05,0.4,False,True,0.0,0.4
queue_stress,143,80,0.15,0.1,0.2,False,True,0.0,0.2
queue_stress,143,80,0.15,0.1,0.3,False,True,0.0,0.3
queue_stress,143,80,0.15,0.1,0.4,False,True,0.0,0.4
queue_stress,143,120,0.05,0.01,0.2,False,True,0.0,0.2
queue_stress,143,120,0.05,0.01,0.3,False,True,0.0,0.3
queue_stress,143,120,0.05,0.01,0.4,False,True,0.0,0.4
queue_stress,143,120,0.05,0.05,0.2,False,True,0.0,0.2
queue_stress,143,120,0.05,0.05,0.3,False,True,0.0,0.3
queue_stress,143,120,0.05,0.05,0.4,False,True,0.0,0.4
queue_stress,143,120,0.05,0.1,0.2,False,True,0.0,0.2
queue_stress,143,120,0.05,0.1,0.3,False,True,0.0,0.3
queue_stress,143,120,0.05,0.1,0.4,False,True,0.0,0.4
queue_stress,143,120,0.1,0.01,0.2,False,True,0.0,0.2
queue_stress,143,120,0.1,0.01,0.3,False,True,0.0,0.3
queue_stress,143,120,0.1,0.01,0.4,False,True,0.0,0.4
queue_stress,143,120,0.1,0.05,0.2,False,True,0.0,0.2
queue_stress,143,120,0.1,0.05,0.3,False,True,0.0,0.3
queue_stress,143,120,0.1,0.05,0.4,False,True,0.0,0.4
queue_stress,143,120,0.1,0.1,0.2,False,True,0.0,0.2
queue_stress,143,120,0.1,0.1,0.3,False,True,0.0,0.3
queue_stress,143,120,0.1,0.1,0.4,False,True,0.0,0.4
queue_stress,143,120,0.15,0.01,0.2,False,True,0.0,0.2
queue_stress,143,120,0.15,0.01,0.3,False,True,0.0,0.3
queue_stress,143,120,0.15,0.01,0.4,False,True,0.0,0.4
queue_stress,143,120,0.15,0.05,0.2,False,True,0.0,0.2
queue_stress,143,120,0.15,0.05,0.3,False,True,0.0,0.3
queue_stress,143,120,0.15,0.05,0.4,False,True,0.0,0.4
queue_stress,143,120,0.15,0.1,0.2,False,True,0.0,0.2
queue_stress,143,120,0.15,0.1,0.3,False,True,0.0,0.3
queue_stress,143,120,0.15,0.1,0.4,False,True,0.0,0.4
