seed,regime,phase,shifted,candidate,draw,placement,action_loss,service_violation,quality_loss,delay_s,deadline_s
120,qpu_opportunity,2,False,0,0,classical,1.0,1,0.014436959281245158,0.011848125141113997,0.35
120,qpu_opportunity,2,False,0,1,classical,0.08005980985626623,0,0.08005980985626623,0.012193334987387061,0.35
120,qpu_opportunity,2,False,0,2,classical,1.0,1,0.0062291686777490324,0.012162704952061176,0.35
120,qpu_opportunity,2,False,0,3,classical,1.0,1,0.5738292037900561,0.011935625225305557,0.35
120,qpu_opportunity,2,False,0,4,classical,0.1781676152188882,0,0.1781676152188882,0.011961249983869493,0.35
120,qpu_opportunity,2,False,0,5,classical,1.0,1,0.2892050740589693,0.011546039604581892,0.35
120,qpu_opportunity,2,False,0,6,classical,0.2011065285750439,0,0.2011065285750439,0.011639794684015214,0.35
120,qpu_opportunity,2,False,0,7,classical,1.0,1,0.6130099544950551,0.011427085264585912,0.35
120,qpu_opportunity,2,False,0,8,classical,0.00770851541560303,0,0.00770851541560303,0.011666250065900385,0.35
120,qpu_opportunity,2,False,0,9,classical,1.0,1,0.2892050740589693,0.011570000206120312,0.35
120,qpu_opportunity,2,False,0,10,classical,0.08005980985626623,0,0.08005980985626623,0.010899999761022627,0.35
120,qpu_opportunity,2,False,0,11,classical,0.0,0,0.0,0.012607289827428758,0.35
120,qpu_opportunity,2,False,0,12,classical,1.0,1,1.0172257687763837,0.011725829681381583,0.35
120,qpu_opportunity,2,False,0,13,classical,1.0,1,0.30339978702985887,0.011992710060440004,0.35
120,qpu_opportunity,2,False,0,14,classical,0.06846506302782733,0,0.06846506302782733,0.012159584439359605,0.35
120,qpu_opportunity,2,False,0,15,classical,1.0,1,0.5508902904339003,0.011728330282494426,0.35
120,qpu_opportunity,2,False,0,16,classical,0.08776832527186926,0,0.08776832527186926,0.011718749883584678,0.35
120,qpu_opportunity,2,False,0,17,classical,0.0,0,0.0,0.011010415037162602,0.35
120,qpu_opportunity,2,False,0,18,classical,1.0,1,0.014436959281245158,0.011902920086868107,0.35
120,qpu_opportunity,2,False,0,19,classical,1.0,1,0.31214398741512517,0.011461250251159072,0.35
120,qpu_opportunity,2,False,0,20,classical,0.030647428771758925,0,0.030647428771758925,0.01107957970816642,0.35
120,qpu_opportunity,2,False,0,21,classical,0.0,0,0.0,0.01182479492854327,0.35
120,qpu_opportunity,2,False,0,22,classical,0.00770851541560303,0,0.00770851541560303,0.01141770975664258,0.35
120,qpu_opportunity,2,False,0,23,classical,1.0,1,0.28873317312278957,0.011985210003331304,0.35
120,qpu_opportunity,2,False,0,24,classical,0.08005980985626623,0,0.08005980985626623,0.01221249985974282,0.35
120,qpu_opportunity,2,False,0,25,classical,0.030647428771758925,0,0.030647428771758925,0.0114266702439636,0.35
120,qpu_opportunity,2,False,0,26,classical,1.0,1,0.635948867851211,0.011930419714190066,0.35
120,qpu_opportunity,2,False,0,27,classical,0.00770851541560303,0,0.00770851541560303,0.011058749514631927,0.35
120,qpu_opportunity,2,False,0,28,classical,0.022938913356155895,0,0.022938913356155895,0.012777290539816022,0.35
120,qpu_opportunity,2,False,0,29,classical,1.0,1,0.7217411986864757,0.011407914571464062,0.35
120,qpu_opportunity,2,False,0,30,classical,0.06846506302782733,0,0.06846506302782733,0.01102499954868108,0.35
120,qpu_opportunity,2,False,0,31,classical,0.08005980985626623,0,0.08005980985626623,0.012282709940336645,0.35
120,qpu_opportunity,2,False,0,32,classical,1.0,1,0.09964265908238187,0.011681040050461888,0.35
120,qpu_opportunity,2,False,0,33,classical,1.0,1,0.3873128794215912,0.011681460309773684,0.35
120,qpu_opportunity,2,False,0,34,classical,1.0,1,0.687489510423286,0.013448330573737621,0.35
120,qpu_opportunity,2,False,0,35,classical,0.1781676152188882,0,0.1781676152188882,0.011452084872871637,0.35
120,qpu_opportunity,2,False,0,36,classical,0.07667285363132327,0,0.07667285363132327,0.011530420160852373,0.35
120,qpu_opportunity,2,False,0,37,classical,1.0,1,0.014436959281245158,0.012028960045427084,0.35
120,qpu_opportunity,2,False,0,38,classical,0.06846506302782733,0,0.06846506302782733,0.011452704784460366,0.35
120,qpu_opportunity,2,False,0,39,classical,0.0,0,0.0,0.011032085167244077,0.35
120,qpu_opportunity,2,False,0,40,classical,1.0,1,0.014436959281245158,0.011333334841765463,0.35
120,qpu_opportunity,2,False,0,41,classical,1.0,1,0.014436959281245158,0.013278330443426967,0.35
120,qpu_opportunity,2,False,0,42,classical,0.00770851541560303,0,0.00770851541560303,0.010856459848582745,0.35
120,qpu_opportunity,2,False,0,43,classical,1.0,1,0.014436959281245158,0.011419375077821314,0.35
120,qpu_opportunity,2,False,0,44,classical,0.00770851541560303,0,0.00770851541560303,0.011775415041483939,0.35
120,qpu_opportunity,2,False,0,45,classical,1.0,1,0.3039025840033074,0.01180958526674658,0.35
120,qpu_opportunity,2,False,0,46,classical,0.08776832527186926,0,0.08776832527186926,0.011227084905840456,0.35
120,qpu_opportunity,2,False,0,47,classical,1.0,1,0.3039025840033074,0.012298540095798671,0.35
120,qpu_opportunity,2,False,0,48,classical,1.0,1,0.2805253825192938,0.013187084696255624,0.35
120,qpu_opportunity,2,False,0,49,classical,1.0,1,0.014436959281245158,0.012327710282988846,0.35
120,qpu_opportunity,2,False,0,50,classical,0.08005980985626623,0,0.08005980985626623,0.011573960073292255,0.35
120,qpu_opportunity,2,False,0,51,classical,1.0,1,0.12258157243853758,0.01224583014845848,0.35
120,qpu_opportunity,2,False,0,52,classical,1.0,1,0.0062291686777490324,0.012190210400149226,0.35
120,qpu_opportunity,2,False,0,53,classical,0.08005980985626623,0,0.08005980985626623,0.013281670399010181,0.35
120,qpu_opportunity,2,False,0,54,classical,1.0,1,0.2892050740589693,0.012605625088326633,0.35
120,qpu_opportunity,2,False,0,55,classical,1.0,1,0.749725404773364,0.011450420133769512,0.35
120,qpu_opportunity,2,False,0,56,classical,1.0,1,0.28873317312278957,0.011379375355318189,0.35
120,qpu_opportunity,2,False,0,57,classical,0.06846506302782733,0,0.06846506302782733,0.012913335231132805,0.35
120,qpu_opportunity,2,False,0,58,classical,1.0,1,0.6574413289260497,0.01137187471613288,0.35
120,qpu_opportunity,2,False,0,59,classical,1.0,1,1.0643667928115554,0.011395415058359504,0.35
120,qpu_opportunity,2,False,0,60,classical,0.030647428771758925,0,0.030647428771758925,0.011949164909310639,0.35
120,qpu_opportunity,2,False,0,61,classical,1.0,1,0.5266179877669395,0.011337499599903822,0.35
120,qpu_opportunity,2,False,0,62,classical,1.0,1,0.2805253825192938,0.011542084976099432,0.35
120,qpu_opportunity,2,False,0,63,classical,0.07667285363132327,0,0.07667285363132327,0.010933125158771873,0.35
120,qpu_opportunity,2,False,0,64,classical,0.06846506302782733,0,0.06846506302782733,0.011870834860019386,0.35
120,qpu_opportunity,2,False,0,65,classical,1.0,1,0.5189094723513364,0.011889169691130519,0.35
120,qpu_opportunity,2,False,0,66,classical,1.0,1,0.9183710509950788,0.011752500431612134,0.35
120,qpu_opportunity,2,False,0,67,classical,1.0,1,0.2805253825192938,0.012552085099741817,0.35
120,qpu_opportunity,2,False,0,68,classical,0.00770851541560303,0,0.00770851541560303,0.011093124630860984,0.35
120,qpu_opportunity,2,False,0,69,classical,1.0,1,0.014436959281245158,0.01225895481184125,0.35
120,qpu_opportunity,2,False,0,70,classical,1.0,1,0.0062291686777490324,0.013302500010468066,0.35
120,qpu_opportunity,2,False,0,71,classical,0.08776832527186926,0,0.08776832527186926,0.011206459603272378,0.35
120,qpu_opportunity,2,False,0,72,classical,0.00770851541560303,0,0.00770851541560303,0.011588335037231445,0.35
120,qpu_opportunity,2,False,0,73,classical,0.06846506302782733,0,0.06846506302782733,0.011914580245502293,0.35
120,qpu_opportunity,2,False,0,74,classical,1.0,1,0.6130099544950551,0.01147854549344629,0.35
120,qpu_opportunity,2,False,0,75,classical,0.06846506302782733,0,0.06846506302782733,0.011057709925808012,0.35
120,qpu_opportunity,2,False,0,76,classical,0.3661384783533855,0,0.3661384783533855,0.011186040355823934,0.35
120,qpu_opportunity,2,False,0,77,classical,1.0,1,0.09964265908238187,0.012226250255480409,0.35
120,qpu_opportunity,2,False,0,78,classical,0.00770851541560303,0,0.00770851541560303,0.011400624644011259,0.35
120,qpu_opportunity,2,False,0,79,classical,0.3661384783533855,0,0.3661384783533855,0.011373749584890902,0.35
120,qpu_opportunity,2,False,0,80,classical,0.00770851541560303,0,0.00770851541560303,0.012449584901332855,0.35
120,qpu_opportunity,2,False,0,81,classical,0.022938913356155895,0,0.022938913356155895,0.011173125240020454,0.35
120,qpu_opportunity,2,False,0,82,classical,0.07667285363132327,0,0.07667285363132327,0.011491040349937975,0.35
120,qpu_opportunity,2,False,0,83,classical,0.07667285363132327,0,0.07667285363132327,0.012786454753950238,0.35
120,qpu_opportunity,2,False,0,84,classical,0.030647428771758925,0,0.030647428771758925,0.011099374969489872,0.35
120,qpu_opportunity,2,False,0,85,classical,1.0,1,0.2969135894745723,0.01155645470134914,0.35
120,qpu_opportunity,2,False,0,86,classical,0.0,0,0.0,0.010898540494963527,0.35
120,qpu_opportunity,2,False,0,87,classical,0.022938913356155895,0,0.022938913356155895,0.011443960247561336,0.35
120,qpu_opportunity,2,False,0,88,classical,1.0,1,0.014436959281245158,0.011246874928474426,0.35
120,qpu_opportunity,2,False,0,89,classical,1.0,1,0.5738292037900561,0.01141770975664258,0.35
120,qpu_opportunity,2,False,0,90,classical,0.3661384783533855,0,0.3661384783533855,0.01142770517617464,0.35
120,qpu_opportunity,2,False,0,91,classical,1.0,1,0.3039025840033074,0.011433960171416402,0.35
120,qpu_opportunity,2,False,0,92,classical,0.030647428771758925,0,0.030647428771758925,0.010968749993480742,0.35
120,qpu_opportunity,2,False,0,93,classical,1.0,1,0.3039025840033074,0.011287914821878076,0.35
120,qpu_opportunity,2,False,0,94,classical,1.0,1,0.7144738239877171,0.013698330149054527,0.35
120,qpu_opportunity,2,False,0,95,classical,1.0,1,0.0062291686777490324,0.012602499919012189,0.35
120,qpu_opportunity,2,False,0,96,classical,0.06846506302782733,0,0.06846506302782733,0.012109795352444053,0.35
120,qpu_opportunity,2,False,0,97,classical,1.0,1,0.28873317312278957,0.014301040209829807,0.35
120,qpu_opportunity,2,False,0,98,classical,1.0,1,0.014436959281245158,0.01157645951025188,0.35
120,qpu_opportunity,2,False,0,99,classical,0.08005980985626623,0,0.08005980985626623,0.01092374965082854,0.35
120,qpu_opportunity,2,False,1,0,classical,1.0,1,0.5266179877669395,0.013064165250398219,0.35
120,qpu_opportunity,2,False,1,1,classical,1.0,1,0.014436959281245158,0.011596460244618356,0.35
120,qpu_opportunity,2,False,1,2,classical,1.0,1,0.5672535933843681,0.011472500045783818,0.35
120,qpu_opportunity,2,False,1,3,classical,1.0,1,0.2969135894745723,0.012194999726489186,0.35
120,qpu_opportunity,2,False,1,4,classical,1.0,1,0.2892050740589693,0.01144353998824954,0.35
120,qpu_opportunity,2,False,1,5,classical,0.2011065285750439,0,0.2011065285750439,0.011056875227950513,0.35
120,qpu_opportunity,2,False,1,6,classical,0.0,0,0.0,0.011913334601558745,0.35
120,qpu_opportunity,2,False,1,7,classical,1.0,1,0.3873128794215912,0.013296875404193997,0.35
120,qpu_opportunity,2,False,1,8,classical,0.3661384783533855,0,0.3661384783533855,0.011192499659955502,0.35
120,qpu_opportunity,2,False,1,9,classical,0.2011065285750439,0,0.2011065285750439,0.012898750137537718,0.35
120,qpu_opportunity,2,False,1,10,classical,0.08005980985626623,0,0.08005980985626623,0.013362084864638746,0.35
120,qpu_opportunity,2,False,1,11,classical,0.2011065285750439,0,0.2011065285750439,0.012969165109097958,0.35
120,qpu_opportunity,2,False,1,12,classical,0.06846506302782733,0,0.06846506302782733,0.014661665190942585,0.35
120,qpu_opportunity,2,False,1,13,classical,0.022938913356155895,0,0.022938913356155895,0.014827289851382375,0.35
120,qpu_opportunity,2,False,1,14,classical,0.00770851541560303,0,0.00770851541560303,0.013575624907389283,0.35
120,qpu_opportunity,2,False,1,15,classical,0.022938913356155895,0,0.022938913356155895,0.012833125074394047,0.35
120,qpu_opportunity,2,False,1,16,classical,1.0,1,0.3873128794215912,0.013070415006950498,0.35
120,qpu_opportunity,2,False,1,17,classical,0.1781676152188882,0,0.1781676152188882,0.01308333477936685,0.35
120,qpu_opportunity,2,False,1,18,classical,1.0,1,0.31214398741512517,0.011766250245273113,0.35
120,qpu_opportunity,2,False,1,19,classical,0.1781676152188882,0,0.1781676152188882,0.011437084758654237,0.35
120,qpu_opportunity,2,False,1,20,classical,0.06846506302782733,0,0.06846506302782733,0.013611874892376363,0.35
120,qpu_opportunity,2,False,1,21,classical,1.0,1,0.6574413289260497,0.011519790277816355,0.35
120,qpu_opportunity,2,False,1,22,classical,1.0,1,0.0062291686777490324,0.011342290090397,0.35
120,qpu_opportunity,2,False,1,23,classical,0.08776832527186926,0,0.08776832527186926,0.013104169629514217,0.35
120,qpu_opportunity,2,False,1,24,classical,0.06846506302782733,0,0.06846506302782733,0.011074999929405749,0.35
120,qpu_opportunity,2,False,1,25,classical,0.06846506302782733,0,0.06846506302782733,0.011273749987594783,0.35
120,qpu_opportunity,2,False,1,26,classical,1.0,1,0.09964265908238187,0.011365414829924703,0.35
120,qpu_opportunity,2,False,1,27,classical,1.0,1,0.2805253825192938,0.013632705085910857,0.35
120,qpu_opportunity,2,False,1,28,classical,1.0,1,0.2892050740589693,0.01147520961239934,0.35
120,qpu_opportunity,2,False,1,29,classical,1.0,1,0.30339978702985887,0.011531669879332185,0.35
120,qpu_opportunity,2,False,1,30,classical,1.0,1,1.150282180353257,0.014385625254362822,0.35
120,qpu_opportunity,2,False,1,31,classical,0.030647428771758925,0,0.030647428771758925,0.011504375142976642,0.35
120,qpu_opportunity,2,False,1,32,classical,0.08776832527186926,0,0.08776832527186926,0.011437914799898863,0.35
120,qpu_opportunity,2,False,1,33,classical,1.0,1,0.9545096684419024,0.013403750490397215,0.35
120,qpu_opportunity,2,False,1,34,classical,0.06846506302782733,0,0.06846506302782733,0.01112687517888844,0.35
120,qpu_opportunity,2,False,1,35,classical,0.1781676152188882,0,0.1781676152188882,0.011341039789840579,0.35
120,qpu_opportunity,2,False,1,36,classical,1.0,1,0.0062291686777490324,0.013321875012479722,0.35
120,qpu_opportunity,2,False,1,37,classical,1.0,1,0.2805253825192938,0.011862919782288373,0.35
120,qpu_opportunity,2,False,1,38,classical,1.0,1,0.2892050740589693,0.01194645999930799,0.35
120,qpu_opportunity,2,False,1,39,classical,1.0,1,0.30339978702985887,0.012834579683840275,0.35
120,qpu_opportunity,2,False,1,40,classical,0.07667285363132327,0,0.07667285363132327,0.011694374843500555,0.35
120,qpu_opportunity,2,False,1,41,classical,1.0,1,0.3827068269566472,0.011749999830499291,0.35
120,qpu_opportunity,2,False,1,42,classical,0.1781676152188882,0,0.1781676152188882,0.011303124483674765,0.35
120,qpu_opportunity,2,False,1,43,classical,0.1781676152188882,0,0.1781676152188882,0.012389165349304676,0.35
120,qpu_opportunity,2,False,1,44,classical,0.030647428771758925,0,0.030647428771758925,0.01157895545475185,0.35
120,qpu_opportunity,2,False,1,45,classical,1.0,1,0.09964265908238187,0.013069374836049974,0.35
120,qpu_opportunity,2,False,1,46,classical,1.0,1,0.783977093036554,0.012959165032953024,0.35
120,qpu_opportunity,2,False,1,47,classical,0.1781676152188882,0,0.1781676152188882,0.011069165193475783,0.35
120,qpu_opportunity,2,False,1,48,classical,1.0,1,0.12258157243853758,0.01132124976720661,0.35
120,qpu_opportunity,2,False,1,49,classical,1.0,1,0.41025179277774715,0.01359166984912008,0.35
120,qpu_opportunity,2,False,1,50,classical,1.0,1,1.0642575858465737,0.011598335113376379,0.35
120,qpu_opportunity,2,False,1,51,classical,1.0,1,0.6066777976232056,0.011423334944993258,0.35
120,qpu_opportunity,2,False,1,52,classical,0.08776832527186926,0,0.08776832527186926,0.013226874871179461,0.35
120,qpu_opportunity,2,False,1,53,classical,1.0,1,0.5266179877669395,0.011440204689279199,0.35
120,qpu_opportunity,2,False,1,54,classical,0.08005980985626623,0,0.08005980985626623,0.011464165290817618,0.35
120,qpu_opportunity,2,False,1,55,classical,0.022938913356155895,0,0.022938913356155895,0.012641670182347298,0.35
120,qpu_opportunity,2,False,1,56,classical,0.022938913356155895,0,0.022938913356155895,0.011592080118134618,0.35
120,qpu_opportunity,2,False,1,57,classical,1.0,1,0.741517614169868,0.01235687464941293,0.35
120,qpu_opportunity,2,False,1,58,classical,1.0,1,0.6834363269930471,0.011904374696314335,0.35
120,qpu_opportunity,2,False,1,59,classical,0.022938913356155895,0,0.022938913356155895,0.011563544976525009,0.35
120,qpu_opportunity,2,False,1,60,classical,0.1781676152188882,0,0.1781676152188882,0.012187085230834782,0.35
120,qpu_opportunity,2,False,1,61,classical,0.0,0,0.0,0.01151062489952892,0.35
120,qpu_opportunity,2,False,1,62,classical,1.0,1,0.2969135894745723,0.013574999757111073,0.35
120,qpu_opportunity,2,False,1,63,classical,0.030647428771758925,0,0.030647428771758925,0.011178335407748818,0.35
120,qpu_opportunity,2,False,1,64,classical,0.0,0,0.0,0.011053335038013756,0.35
120,qpu_opportunity,2,False,1,65,classical,0.0,0,0.0,0.012976665166206658,0.35
120,qpu_opportunity,2,False,1,66,classical,0.022938913356155895,0,0.022938913356155895,0.010817500296980143,0.35
120,qpu_opportunity,2,False,1,67,classical,1.0,1,0.0062291686777490324,0.011409164872020483,0.35
120,qpu_opportunity,2,False,1,68,classical,1.0,1,0.5672535933843681,0.013271454954519868,0.35
120,qpu_opportunity,2,False,1,69,classical,1.0,1,0.5266179877669395,0.011310414993204176,0.35
120,qpu_opportunity,2,False,1,70,classical,0.0,0,0.0,0.011750624980777502,0.35
120,qpu_opportunity,2,False,1,71,classical,0.0,0,0.0,0.012344790156930685,0.35
120,qpu_opportunity,2,False,1,72,classical,1.0,1,0.6130099544950551,0.01185000000987202,0.35
120,qpu_opportunity,2,False,1,73,classical,1.0,1,0.3827068269566472,0.011579790152609348,0.35
120,qpu_opportunity,2,False,1,74,classical,1.0,1,1.150282180353257,0.011364580132067204,0.35
120,qpu_opportunity,2,False,1,75,classical,0.00770851541560303,0,0.00770851541560303,0.011878749937750399,0.35
120,qpu_opportunity,2,False,1,76,classical,0.0,0,0.0,0.010781250311993062,0.35
120,qpu_opportunity,2,False,1,77,classical,0.07667285363132327,0,0.07667285363132327,0.010844795033335686,0.35
120,qpu_opportunity,2,False,1,78,classical,0.0,0,0.0,0.012019164860248566,0.35
120,qpu_opportunity,2,False,1,79,classical,0.08005980985626623,0,0.08005980985626623,0.011901459656655788,0.35
120,qpu_opportunity,2,False,1,80,classical,0.07667285363132327,0,0.07667285363132327,0.01182333508040756,0.35
120,qpu_opportunity,2,False,1,81,classical,1.0,1,0.12258157243853758,0.012913960381411016,0.35
120,qpu_opportunity,2,False,1,82,classical,1.0,1,0.12258157243853758,0.01248062530066818,0.35
120,qpu_opportunity,2,False,1,83,classical,1.0,1,0.6130099544950551,0.011539795086719096,0.35
120,qpu_opportunity,2,False,1,84,classical,1.0,1,0.6066777976232056,0.012063540052622557,0.35
120,qpu_opportunity,2,False,1,85,classical,0.0,0,0.0,0.011766875395551324,0.35
120,qpu_opportunity,2,False,1,86,classical,0.022938913356155895,0,0.022938913356155895,0.011570624774321914,0.35
120,qpu_opportunity,2,False,1,87,classical,1.0,1,0.31214398741512517,0.011364375241100788,0.35
120,qpu_opportunity,2,False,1,88,classical,0.030647428771758925,0,0.030647428771758925,0.012071664677932858,0.35
120,qpu_opportunity,2,False,1,89,classical,0.022938913356155895,0,0.022938913356155895,0.01188750029541552,0.35
120,qpu_opportunity,2,False,1,90,classical,1.0,1,0.2805253825192938,0.01149562478531152,0.35
120,qpu_opportunity,2,False,1,91,classical,1.0,1,0.49490229894370485,0.012895624968223274,0.35
120,qpu_opportunity,2,False,1,92,classical,1.0,1,0.30339978702985887,0.011682499898597598,0.35
120,qpu_opportunity,2,False,1,93,classical,0.3661384783533855,0,0.3661384783533855,0.011361039942130446,0.35
120,qpu_opportunity,2,False,1,94,classical,1.0,1,0.9337730754650431,0.012209165142849088,0.35
120,qpu_opportunity,2,False,1,95,classical,1.0,1,0.09964265908238187,0.01139770494773984,0.35
120,qpu_opportunity,2,False,1,96,classical,0.0,0,0.0,0.01065833494067192,0.35
120,qpu_opportunity,2,False,1,97,classical,0.0,0,0.0,0.010697710094973445,0.35
120,qpu_opportunity,2,False,1,98,classical,1.0,1,0.5266179877669395,0.01213854004163295,0.35
120,qpu_opportunity,2,False,1,99,classical,1.0,1,0.3827068269566472,0.011299584875814617,0.35
120,qpu_opportunity,2,False,2,0,qpu_A,1.0,1,0.0,1.4628645117088745,0.35
120,qpu_opportunity,2,False,2,1,qpu_A,0.00770851541560303,0,0.00770851541560303,0.23069433324491637,0.35
120,qpu_opportunity,2,False,2,2,qpu_A,0.00770851541560303,0,0.00770851541560303,0.20470703415053546,0.35
120,qpu_opportunity,2,False,2,3,qpu_A,0.030647428771758925,0,0.030647428771758925,0.22159989667224775,0.35
120,qpu_opportunity,2,False,2,4,qpu_A,0.022938913356155895,0,0.022938913356155895,0.20681562209860901,0.35
120,qpu_opportunity,2,False,2,5,qpu_A,0.00770851541560303,0,0.00770851541560303,0.19928747048765344,0.35
120,qpu_opportunity,2,False,2,6,qpu_A,0.0,0,0.0,0.21339953104618714,0.35
120,qpu_opportunity,2,False,2,7,qpu_A,1.0,1,0.06846506302782733,1.415984297023666,0.35
120,qpu_opportunity,2,False,2,8,qpu_A,0.0,0,0.0,0.19619377377522265,0.35
120,qpu_opportunity,2,False,2,9,qpu_A,0.06846506302782733,0,0.06846506302782733,0.2002998277665257,0.35
120,qpu_opportunity,2,False,2,10,qpu_A,0.08776832527186926,0,0.08776832527186926,0.21481695192474087,0.35
120,qpu_opportunity,2,False,2,11,qpu_A,0.06846506302782733,0,0.06846506302782733,0.19929095425524299,0.35
120,qpu_opportunity,2,False,2,12,qpu_A,0.00770851541560303,0,0.00770851541560303,0.19601593791933,0.35
120,qpu_opportunity,2,False,2,13,qpu_A,0.0,0,0.0,0.21947916297801015,0.35
120,qpu_opportunity,2,False,2,14,qpu_A,0.0,0,0.0,0.22537008045292153,0.35
120,qpu_opportunity,2,False,2,15,qpu_A,0.022938913356155895,0,0.022938913356155895,0.2186830619289399,0.35
120,qpu_opportunity,2,False,2,16,qpu_A,0.0,0,0.0,0.2031034357054344,0.35
120,qpu_opportunity,2,False,2,17,qpu_A,0.030647428771758925,0,0.030647428771758925,0.2019028165883446,0.35
120,qpu_opportunity,2,False,2,18,qpu_A,0.0,0,0.0,0.20077011719447033,0.35
120,qpu_opportunity,2,False,2,19,qpu_A,0.022938913356155895,0,0.022938913356155895,0.20528699502053352,0.35
120,qpu_opportunity,2,False,2,20,qpu_A,0.00770851541560303,0,0.00770851541560303,0.21311952906764023,0.35
120,qpu_opportunity,2,False,2,21,qpu_A,1.0,1,0.0,1.6019756913259278,0.35
120,qpu_opportunity,2,False,2,22,qpu_A,0.00770851541560303,0,0.00770851541560303,0.20088968253288444,0.35
120,qpu_opportunity,2,False,2,23,qpu_A,1.0,1,0.0,1.8607184488728976,0.35
120,qpu_opportunity,2,False,2,24,qpu_A,1.0,1,0.0,1.3110103802876605,0.35
120,qpu_opportunity,2,False,2,25,qpu_A,0.00770851541560303,0,0.00770851541560303,0.21504686455259953,0.35
120,qpu_opportunity,2,False,2,26,qpu_A,0.0,0,0.0,0.22557396581769446,0.35
120,qpu_opportunity,2,False,2,27,qpu_A,0.030647428771758925,0,0.030647428771758925,0.2108826347385679,0.35
120,qpu_opportunity,2,False,2,28,qpu_A,0.0,0,0.0,0.2133548544115396,0.35
120,qpu_opportunity,2,False,2,29,qpu_A,0.00770851541560303,0,0.00770851541560303,0.2074803003461699,0.35
120,qpu_opportunity,2,False,2,30,qpu_A,0.0,0,0.0,0.2035959130498182,0.35
120,qpu_opportunity,2,False,2,31,qpu_A,0.022938913356155895,0,0.022938913356155895,0.20106702678504776,0.35
120,qpu_opportunity,2,False,2,32,qpu_A,0.0,0,0.0,0.21775554084408139,0.35
120,qpu_opportunity,2,False,2,33,qpu_A,0.0,0,0.0,0.2049637650555959,0.35
120,qpu_opportunity,2,False,2,34,qpu_A,0.0,0,0.0,0.20989660182694295,0.35
120,qpu_opportunity,2,False,2,35,qpu_A,0.022938913356155895,0,0.022938913356155895,0.2075742759013702,0.35
120,qpu_opportunity,2,False,2,36,qpu_A,0.00770851541560303,0,0.00770851541560303,0.20261410302242758,0.35
120,qpu_opportunity,2,False,2,37,qpu_A,0.07667285363132327,0,0.07667285363132327,0.20492411214670583,0.35
120,qpu_opportunity,2,False,2,38,qpu_A,0.0,0,0.0,0.20529606428326444,0.35
120,qpu_opportunity,2,False,2,39,qpu_A,0.0,0,0.0,0.19873256730674438,0.35
120,qpu_opportunity,2,False,2,40,qpu_A,0.0,0,0.0,0.22318218641197746,0.35
120,qpu_opportunity,2,False,2,41,qpu_A,1.0,1,0.00770851541560303,1.527182870544312,0.35
120,qpu_opportunity,2,False,2,42,qpu_A,1.0,1,0.0,2.25626714762464,0.35
120,qpu_opportunity,2,False,2,43,qpu_A,0.0,0,0.0,0.2195244555743537,0.35
120,qpu_opportunity,2,False,2,44,qpu_A,0.00770851541560303,0,0.00770851541560303,0.21644938236607364,0.35
120,qpu_opportunity,2,False,2,45,qpu_A,0.00770851541560303,0,0.00770851541560303,0.22053559164449746,0.35
120,qpu_opportunity,2,False,2,46,qpu_A,0.00770851541560303,0,0.00770851541560303,0.21122428645388294,0.35
120,qpu_opportunity,2,False,2,47,qpu_A,0.00770851541560303,0,0.00770851541560303,0.21071856841858663,0.35
120,qpu_opportunity,2,False,2,48,qpu_A,0.0,0,0.0,0.199898557952201,0.35
120,qpu_opportunity,2,False,2,49,qpu_A,0.00770851541560303,0,0.00770851541560303,0.19394733439664907,0.35
120,qpu_opportunity,2,False,2,50,qpu_A,0.00770851541560303,0,0.00770851541560303,0.20007725369878976,0.35
120,qpu_opportunity,2,False,2,51,qpu_A,0.0,0,0.0,0.2230553579297211,0.35
120,qpu_opportunity,2,False,2,52,qpu_A,1.0,1,0.00770851541560303,1.953191910512533,0.35
120,qpu_opportunity,2,False,2,53,qpu_A,0.07667285363132327,0,0.07667285363132327,0.20705608697565206,0.35
120,qpu_opportunity,2,False,2,54,qpu_A,0.0,0,0.0,0.19898833210050418,0.35
120,qpu_opportunity,2,False,2,55,qpu_A,1.0,1,0.06846506302782733,2.3041473797064764,0.35
120,qpu_opportunity,2,False,2,56,qpu_A,1.0,1,0.00770851541560303,2.4858238138847017,0.35
120,qpu_opportunity,2,False,2,57,qpu_A,0.0,0,0.0,0.20310460144805106,0.35
120,qpu_opportunity,2,False,2,58,qpu_A,0.0,0,0.0,0.21132931023708898,0.35
120,qpu_opportunity,2,False,2,59,qpu_A,0.08005980985626623,0,0.08005980985626623,0.2434857488458779,0.35
120,qpu_opportunity,2,False,2,60,qpu_A,0.00770851541560303,0,0.00770851541560303,0.1910057907214979,0.35
120,qpu_opportunity,2,False,2,61,qpu_A,0.0,0,0.0,0.20440717758666813,0.35
120,qpu_opportunity,2,False,2,62,qpu_A,0.0,0,0.0,0.20701421188654132,0.35
120,qpu_opportunity,2,False,2,63,qpu_A,0.00770851541560303,0,0.00770851541560303,0.21311115852066867,0.35
120,qpu_opportunity,2,False,2,64,qpu_A,0.00770851541560303,0,0.00770851541560303,0.19751255683577526,0.35
120,qpu_opportunity,2,False,2,65,qpu_A,1.0,1,0.0,2.1565407504900502,0.35
120,qpu_opportunity,2,False,2,66,qpu_A,0.022938913356155895,0,0.022938913356155895,0.20138143250650317,0.35
120,qpu_opportunity,2,False,2,67,qpu_A,0.022938913356155895,0,0.022938913356155895,0.23069261947079794,0.35
120,qpu_opportunity,2,False,2,68,qpu_A,0.0,0,0.0,0.20113792339452655,0.35
120,qpu_opportunity,2,False,2,69,qpu_A,0.0,0,0.0,0.22813129975468996,0.35
120,qpu_opportunity,2,False,2,70,qpu_A,0.030647428771758925,0,0.030647428771758925,0.20252774074322621,0.35
120,qpu_opportunity,2,False,2,71,qpu_A,0.0,0,0.0,0.21214620962499978,0.35
120,qpu_opportunity,2,False,2,72,qpu_A,0.00770851541560303,0,0.00770851541560303,0.2027364063492965,0.35
120,qpu_opportunity,2,False,2,73,qpu_A,1.0,1,0.0,1.7495985189506538,0.35
120,qpu_opportunity,2,False,2,74,qpu_A,0.0,0,0.0,0.2105027964754041,0.35
120,qpu_opportunity,2,False,2,75,qpu_A,0.022938913356155895,0,0.022938913356155895,0.20957573179969657,0.35
120,qpu_opportunity,2,False,2,76,qpu_A,0.0,0,0.0,0.20989708688495165,0.35
120,qpu_opportunity,2,False,2,77,qpu_A,0.0,0,0.0,0.22802789691674133,0.35
120,qpu_opportunity,2,False,2,78,qpu_A,0.030647428771758925,0,0.030647428771758925,0.21281117629377133,0.35
120,qpu_opportunity,2,False,2,79,qpu_A,0.00770851541560303,0,0.00770851541560303,0.2203605046169462,0.35
120,qpu_opportunity,2,False,2,80,qpu_A,0.00770851541560303,0,0.00770851541560303,0.19500359637203102,0.35
120,qpu_opportunity,2,False,2,81,qpu_A,0.00770851541560303,0,0.00770851541560303,0.2347507575331114,0.35
120,qpu_opportunity,2,False,2,82,qpu_A,0.00770851541560303,0,0.00770851541560303,0.2045385436762042,0.35
120,qpu_opportunity,2,False,2,83,qpu_A,0.0,0,0.0,0.1999614955679071,0.35
120,qpu_opportunity,2,False,2,84,qpu_A,0.0,0,0.0,0.2115589508325366,0.35
120,qpu_opportunity,2,False,2,85,qpu_A,0.022938913356155895,0,0.022938913356155895,0.2088040418016243,0.35
120,qpu_opportunity,2,False,2,86,qpu_A,0.022938913356155895,0,0.022938913356155895,0.21526808959102198,0.35
120,qpu_opportunity,2,False,2,87,qpu_A,0.0,0,0.0,0.21318327083462887,0.35
120,qpu_opportunity,2,False,2,88,qpu_A,1.0,1,0.00770851541560303,2.2036577017086776,0.35
120,qpu_opportunity,2,False,2,89,qpu_A,1.0,1,0.06846506302782733,1.173634803758149,0.35
120,qpu_opportunity,2,False,2,90,qpu_A,0.0,0,0.0,0.20639005966126792,0.35
120,qpu_opportunity,2,False,2,91,qpu_A,0.0,0,0.0,0.21503007315522987,0.35
120,qpu_opportunity,2,False,2,92,qpu_A,0.0,0,0.0,0.19716322468821834,0.35
120,qpu_opportunity,2,False,2,93,qpu_A,0.06846506302782733,0,0.06846506302782733,0.20060892028832722,0.35
120,qpu_opportunity,2,False,2,94,qpu_A,0.022938913356155895,0,0.022938913356155895,0.20302352147733646,0.35
120,qpu_opportunity,2,False,2,95,qpu_A,0.0,0,0.0,0.20158523492173616,0.35
120,qpu_opportunity,2,False,2,96,qpu_A,0.022938913356155895,0,0.022938913356155895,0.22752426025094663,0.35
120,qpu_opportunity,2,False,2,97,qpu_A,0.00770851541560303,0,0.00770851541560303,0.2033896833050828,0.35
120,qpu_opportunity,2,False,2,98,qpu_A,0.0,0,0.0,0.22781547782463954,0.35
120,qpu_opportunity,2,False,2,99,qpu_A,0.0,0,0.0,0.2091767303240186,0.35
120,qpu_opportunity,2,False,3,0,qpu_A,1.0,1,0.0,1.275476356644129,0.35
120,qpu_opportunity,2,False,3,1,qpu_A,0.00770851541560303,0,0.00770851541560303,0.15614351312588753,0.35
120,qpu_opportunity,2,False,3,2,qpu_A,0.07667285363132327,0,0.07667285363132327,0.13765646236369627,0.35
120,qpu_opportunity,2,False,3,3,qpu_A,1.0,1,0.014436959281245158,0.14183549593514527,0.35
120,qpu_opportunity,2,False,3,4,qpu_A,0.0,0,0.0,0.14887292240664488,0.35
120,qpu_opportunity,2,False,3,5,qpu_A,0.030647428771758925,0,0.030647428771758925,0.1391256985639565,0.35
120,qpu_opportunity,2,False,3,6,qpu_A,0.030647428771758925,0,0.030647428771758925,0.16009562344054623,0.35
120,qpu_opportunity,2,False,3,7,qpu_A,1.0,1,0.022938913356155895,1.2652409559175042,0.35
120,qpu_opportunity,2,False,3,8,qpu_A,0.022938913356155895,0,0.022938913356155895,0.14384578014847438,0.35
120,qpu_opportunity,2,False,3,9,qpu_A,0.08005980985626623,0,0.08005980985626623,0.13580378286439732,0.35
120,qpu_opportunity,2,False,3,10,qpu_A,0.07667285363132327,0,0.07667285363132327,0.1333478191635173,0.35
120,qpu_opportunity,2,False,3,11,qpu_A,0.07667285363132327,0,0.07667285363132327,0.14411251645271136,0.35
120,qpu_opportunity,2,False,3,12,qpu_A,0.06846506302782733,0,0.06846506302782733,0.1706461702594795,0.35
120,qpu_opportunity,2,False,3,13,qpu_A,0.08005980985626623,0,0.08005980985626623,0.15106505149721977,0.35
120,qpu_opportunity,2,False,3,14,qpu_A,0.2011065285750439,0,0.2011065285750439,0.14590357565445994,0.35
120,qpu_opportunity,2,False,3,15,qpu_A,0.1781676152188882,0,0.1781676152188882,0.14533862143256526,0.35
120,qpu_opportunity,2,False,3,16,qpu_A,0.0,0,0.0,0.14171137760204827,0.35
120,qpu_opportunity,2,False,3,17,qpu_A,0.0,0,0.0,0.13088696809812683,0.35
120,qpu_opportunity,2,False,3,18,qpu_A,1.0,1,0.5989692822076026,0.13309206241684454,0.35
120,qpu_opportunity,2,False,3,19,qpu_A,1.0,1,0.2969135894745723,0.13482030766134864,0.35
120,qpu_opportunity,2,False,3,20,qpu_A,0.00770851541560303,0,0.00770851541560303,0.15291584714319434,0.35
120,qpu_opportunity,2,False,3,21,qpu_A,1.0,1,0.0,1.041513663130046,0.35
120,qpu_opportunity,2,False,3,22,qpu_A,0.2011065285750439,0,0.2011065285750439,0.13612927882757409,0.35
120,qpu_opportunity,2,False,3,23,qpu_A,1.0,1,0.0,0.7189637980434693,0.35
120,qpu_opportunity,2,False,3,24,qpu_A,1.0,1,0.00770851541560303,1.186039610289275,0.35
120,qpu_opportunity,2,False,3,25,qpu_A,1.0,1,0.09964265908238187,0.12933144803635077,0.35
120,qpu_opportunity,2,False,3,26,qpu_A,1.0,1,0.014436959281245158,0.14080635597886965,0.35
120,qpu_opportunity,2,False,3,27,qpu_A,0.022938913356155895,0,0.022938913356155895,0.14262626289994818,0.35
120,qpu_opportunity,2,False,3,28,qpu_A,0.0,0,0.0,0.137365557001338,0.35
120,qpu_opportunity,2,False,3,29,qpu_A,0.2011065285750439,0,0.2011065285750439,0.1363646419305998,0.35
120,qpu_opportunity,2,False,3,30,qpu_A,1.0,1,0.09964265908238187,0.1392159663677283,0.35
120,qpu_opportunity,2,False,3,31,qpu_A,0.1781676152188882,0,0.1781676152188882,0.1514524846754527,0.35
120,qpu_opportunity,2,False,3,32,qpu_A,0.08005980985626623,0,0.08005980985626623,0.1362522395305586,0.35
120,qpu_opportunity,2,False,3,33,qpu_A,0.2011065285750439,0,0.2011065285750439,0.14880324139086282,0.35
120,qpu_opportunity,2,False,3,34,qpu_A,0.0,0,0.0,0.13685881377921594,0.35
120,qpu_opportunity,2,False,3,35,qpu_A,0.0,0,0.0,0.14481173932662622,0.35
120,qpu_opportunity,2,False,3,36,qpu_A,0.1781676152188882,0,0.1781676152188882,0.16164922919896815,0.35
120,qpu_opportunity,2,False,3,37,qpu_A,1.0,1,0.0062291686777490324,0.14012895684484222,0.35
120,qpu_opportunity,2,False,3,38,qpu_A,0.3661384783533855,0,0.3661384783533855,0.1396746499665219,0.35
120,qpu_opportunity,2,False,3,39,qpu_A,0.08005980985626623,0,0.08005980985626623,0.13387647283242696,0.35
120,qpu_opportunity,2,False,3,40,qpu_A,0.030647428771758925,0,0.030647428771758925,0.1448778632111769,0.35
120,qpu_opportunity,2,False,3,41,qpu_A,1.0,1,0.00770851541560303,0.8174819624116133,0.35
120,qpu_opportunity,2,False,3,42,qpu_A,1.0,1,0.0,1.649610870918078,0.35
120,qpu_opportunity,2,False,3,43,qpu_A,0.00770851541560303,0,0.00770851541560303,0.1414194611706868,0.35
120,qpu_opportunity,2,False,3,44,qpu_A,0.0,0,0.0,0.14421968042879169,0.35
120,qpu_opportunity,2,False,3,45,qpu_A,1.0,1,0.0062291686777490324,0.14574014211648026,0.35
120,qpu_opportunity,2,False,3,46,qpu_A,0.0,0,0.0,0.1469142045235136,0.35
120,qpu_opportunity,2,False,3,47,qpu_A,0.1781676152188882,0,0.1781676152188882,0.16864628834291628,0.35
120,qpu_opportunity,2,False,3,48,qpu_A,0.022938913356155895,0,0.022938913356155895,0.15643438386737654,0.35
120,qpu_opportunity,2,False,3,49,qpu_A,1.0,1,0.3039025840033074,0.139584764378298,0.35
120,qpu_opportunity,2,False,3,50,qpu_A,0.07667285363132327,0,0.07667285363132327,0.13559329161140204,0.35
120,qpu_opportunity,2,False,3,51,qpu_A,0.00770851541560303,0,0.00770851541560303,0.13933435953545284,0.35
120,qpu_opportunity,2,False,3,52,qpu_A,1.0,1,0.030647428771758925,0.8560576490908309,0.35
120,qpu_opportunity,2,False,3,53,qpu_A,1.0,1,0.09964265908238187,0.13750582063390535,0.35
120,qpu_opportunity,2,False,3,54,qpu_A,0.06846506302782733,0,0.06846506302782733,0.1458125085326986,0.35
120,qpu_opportunity,2,False,3,55,qpu_A,1.0,1,0.014436959281245158,0.9199837455773582,0.35
120,qpu_opportunity,2,False,3,56,qpu_A,1.0,1,0.00770851541560303,1.7197113073747796,0.35
120,qpu_opportunity,2,False,3,57,qpu_A,0.030647428771758925,0,0.030647428771758925,0.13989442577459849,0.35
120,qpu_opportunity,2,False,3,58,qpu_A,0.2011065285750439,0,0.2011065285750439,0.13200834173685286,0.35
120,qpu_opportunity,2,False,3,59,qpu_A,0.2011065285750439,0,0.2011065285750439,0.14335459782500398,0.35
120,qpu_opportunity,2,False,3,60,qpu_A,0.08005980985626623,0,0.08005980985626623,0.13537039371828752,0.35
120,qpu_opportunity,2,False,3,61,qpu_A,0.08776832527186926,0,0.08776832527186926,0.14720380563217875,0.35
120,qpu_opportunity,2,False,3,62,qpu_A,0.030647428771758925,0,0.030647428771758925,0.16259852579131226,0.35
120,qpu_opportunity,2,False,3,63,qpu_A,1.0,1,0.2892050740589693,0.12945736552720155,0.35
120,qpu_opportunity,2,False,3,64,qpu_A,1.0,1,0.30339978702985887,0.13527082842085136,0.35
120,qpu_opportunity,2,False,3,65,qpu_A,1.0,1,0.5189094723513364,2.821088555323178,0.35
120,qpu_opportunity,2,False,3,66,qpu_A,0.00770851541560303,0,0.00770851541560303,0.15119018299317943,0.35
120,qpu_opportunity,2,False,3,67,qpu_A,0.0,0,0.0,0.15113964860196905,0.35
120,qpu_opportunity,2,False,3,68,qpu_A,1.0,1,0.12258157243853758,0.14037202066073023,0.35
120,qpu_opportunity,2,False,3,69,qpu_A,0.06846506302782733,0,0.06846506302782733,0.15815908199366915,0.35
120,qpu_opportunity,2,False,3,70,qpu_A,0.00770851541560303,0,0.00770851541560303,0.13441662124855866,0.35
120,qpu_opportunity,2,False,3,71,qpu_A,0.1781676152188882,0,0.1781676152188882,0.13461543751862276,0.35
120,qpu_opportunity,2,False,3,72,qpu_A,1.0,1,0.09964265908238187,0.15539415965131334,0.35
120,qpu_opportunity,2,False,3,73,qpu_A,1.0,1,0.0,1.592772521807995,0.35
120,qpu_opportunity,2,False,3,74,qpu_A,0.0,0,0.0,0.15312172070936186,0.35
120,qpu_opportunity,2,False,3,75,qpu_A,0.06846506302782733,0,0.06846506302782733,0.16017079159748704,0.35
120,qpu_opportunity,2,False,3,76,qpu_A,0.3661384783533855,0,0.3661384783533855,0.14036523943940504,0.35
120,qpu_opportunity,2,False,3,77,qpu_A,0.022938913356155895,0,0.022938913356155895,0.12960541142548396,0.35
120,qpu_opportunity,2,False,3,78,qpu_A,1.0,1,0.12258157243853758,0.1423007371633047,0.35
120,qpu_opportunity,2,False,3,79,qpu_A,1.0,1,0.09964265908238187,0.13189834104352346,0.35
120,qpu_opportunity,2,False,3,80,qpu_A,1.0,1,0.3827068269566472,0.1600443917237054,0.35
120,qpu_opportunity,2,False,3,81,qpu_A,0.0,0,0.0,0.13889969810405325,0.35
120,qpu_opportunity,2,False,3,82,qpu_A,0.08776832527186926,0,0.08776832527186926,0.15534557609299846,0.35
120,qpu_opportunity,2,False,3,83,qpu_A,0.2011065285750439,0,0.2011065285750439,0.16639269259543907,0.35
120,qpu_opportunity,2,False,3,84,qpu_A,0.030647428771758925,0,0.030647428771758925,0.14371886318035557,0.35
120,qpu_opportunity,2,False,3,85,qpu_A,1.0,1,0.09964265908238187,0.14439912871886834,0.35
120,qpu_opportunity,2,False,3,86,qpu_A,1.0,1,0.31214398741512517,0.14379790145368393,0.35
120,qpu_opportunity,2,False,3,87,qpu_A,0.00770851541560303,0,0.00770851541560303,0.1380444967634788,0.35
120,qpu_opportunity,2,False,3,88,qpu_A,1.0,1,0.0062291686777490324,1.2604297596370764,0.35
120,qpu_opportunity,2,False,3,89,qpu_A,1.0,1,0.00770851541560303,1.4140648331995622,0.35
120,qpu_opportunity,2,False,3,90,qpu_A,0.06846506302782733,0,0.06846506302782733,0.1365525986859779,0.35
120,qpu_opportunity,2,False,3,91,qpu_A,0.0,0,0.0,0.1459282559722507,0.35
120,qpu_opportunity,2,False,3,92,qpu_A,0.030647428771758925,0,0.030647428771758925,0.14744174357890658,0.35
120,qpu_opportunity,2,False,3,93,qpu_A,1.0,1,0.3039025840033074,0.15547667304570045,0.35
120,qpu_opportunity,2,False,3,94,qpu_A,0.06846506302782733,0,0.06846506302782733,0.14199190401977563,0.35
120,qpu_opportunity,2,False,3,95,qpu_A,1.0,1,0.28873317312278957,0.13213477543279414,0.35
120,qpu_opportunity,2,False,3,96,qpu_A,0.00770851541560303,0,0.00770851541560303,0.13368148762458978,0.35
120,qpu_opportunity,2,False,3,97,qpu_A,0.0,0,0.0,0.14581090430056712,0.35
120,qpu_opportunity,2,False,3,98,qpu_A,0.1781676152188882,0,0.1781676152188882,0.14352502417521,0.35
120,qpu_opportunity,2,False,3,99,qpu_A,0.030647428771758925,0,0.030647428771758925,0.14130014795983117,0.35
120,qpu_opportunity,2,False,4,0,qpu_B,0.030647428771758925,0,0.030647428771758925,0.2136779004339961,0.35
120,qpu_opportunity,2,False,4,1,qpu_B,0.0,0,0.0,0.21144421339403333,0.35
120,qpu_opportunity,2,False,4,2,qpu_B,0.00770851541560303,0,0.00770851541560303,0.2020741164927353,0.35
120,qpu_opportunity,2,False,4,3,qpu_B,0.0,0,0.0,0.2024408416589001,0.35
120,qpu_opportunity,2,False,4,4,qpu_B,0.0,0,0.0,0.20228245852079857,0.35
120,qpu_opportunity,2,False,4,5,qpu_B,0.00770851541560303,0,0.00770851541560303,0.2086778075457358,0.35
120,qpu_opportunity,2,False,4,6,qpu_B,0.0,0,0.0,0.20195676242979924,0.35
120,qpu_opportunity,2,False,4,7,qpu_B,0.00770851541560303,0,0.00770851541560303,0.2036508828804312,0.35
120,qpu_opportunity,2,False,4,8,qpu_B,0.0,0,0.0,0.2036836677266056,0.35
120,qpu_opportunity,2,False,4,9,qpu_B,0.1781676152188882,0,0.1781676152188882,0.20091123716957626,0.35
120,qpu_opportunity,2,False,4,10,qpu_B,0.0,0,0.0,0.2084690987526688,0.35
120,qpu_opportunity,2,False,4,11,qpu_B,0.00770851541560303,0,0.00770851541560303,0.2115403605977256,0.35
120,qpu_opportunity,2,False,4,12,qpu_B,0.0,0,0.0,0.2010840812858732,0.35
120,qpu_opportunity,2,False,4,13,qpu_B,0.00770851541560303,0,0.00770851541560303,0.21068763935496318,0.35
120,qpu_opportunity,2,False,4,14,qpu_B,0.0,0,0.0,0.2055156327366763,0.35
120,qpu_opportunity,2,False,4,15,qpu_B,0.06846506302782733,0,0.06846506302782733,0.20889993227481155,0.35
120,qpu_opportunity,2,False,4,16,qpu_B,0.0,0,0.0,0.20505914802049413,0.35
120,qpu_opportunity,2,False,4,17,qpu_B,0.0,0,0.0,0.20259485946809958,0.35
120,qpu_opportunity,2,False,4,18,qpu_B,0.022938913356155895,0,0.022938913356155895,0.20921521271605978,0.35
120,qpu_opportunity,2,False,4,19,qpu_B,0.0,0,0.0,0.2041126270454673,0.35
120,qpu_opportunity,2,False,4,20,qpu_B,0.0,0,0.0,0.2027455288896782,0.35
120,qpu_opportunity,2,False,4,21,qpu_B,0.00770851541560303,0,0.00770851541560303,0.20800532161370375,0.35
120,qpu_opportunity,2,False,4,22,qpu_B,0.0,0,0.0,0.2021942765644226,0.35
120,qpu_opportunity,2,False,4,23,qpu_B,1.0,1,0.0,1.5803010274723643,0.35
120,qpu_opportunity,2,False,4,24,qpu_B,0.022938913356155895,0,0.022938913356155895,0.20739678232571915,0.35
120,qpu_opportunity,2,False,4,25,qpu_B,0.00770851541560303,0,0.00770851541560303,0.204134404643148,0.35
120,qpu_opportunity,2,False,4,26,qpu_B,0.0,0,0.0,0.19952238657543098,0.35
120,qpu_opportunity,2,False,4,27,qpu_B,0.00770851541560303,0,0.00770851541560303,0.21677758108440318,0.35
120,qpu_opportunity,2,False,4,28,qpu_B,0.0,0,0.0,0.20593658596521744,0.35
120,qpu_opportunity,2,False,4,29,qpu_B,0.0,0,0.0,0.21263145746636858,0.35
120,qpu_opportunity,2,False,4,30,qpu_B,0.0,0,0.0,0.22022302283648412,0.35
120,qpu_opportunity,2,False,4,31,qpu_B,0.0,0,0.0,0.20810513158267502,0.35
120,qpu_opportunity,2,False,4,32,qpu_B,0.0,0,0.0,0.20141226027657624,0.35
120,qpu_opportunity,2,False,4,33,qpu_B,0.00770851541560303,0,0.00770851541560303,0.2025363869467168,0.35
120,qpu_opportunity,2,False,4,34,qpu_B,0.0,0,0.0,0.2095479740183869,0.35
120,qpu_opportunity,2,False,4,35,qpu_B,0.00770851541560303,0,0.00770851541560303,0.20309595443114895,0.35
120,qpu_opportunity,2,False,4,36,qpu_B,0.0,0,0.0,0.20282724397375188,0.35
120,qpu_opportunity,2,False,4,37,qpu_B,0.0,0,0.0,0.20446279080630783,0.35
120,qpu_opportunity,2,False,4,38,qpu_B,0.022938913356155895,0,0.022938913356155895,0.20526128038435512,0.35
120,qpu_opportunity,2,False,4,39,qpu_B,1.0,1,0.030647428771758925,1.0041524959076586,0.35
120,qpu_opportunity,2,False,4,40,qpu_B,0.00770851541560303,0,0.00770851541560303,0.20418946684808245,0.35
120,qpu_opportunity,2,False,4,41,qpu_B,0.00770851541560303,0,0.00770851541560303,0.21437332176560867,0.35
120,qpu_opportunity,2,False,4,42,qpu_B,0.0,0,0.0,0.21493976680313526,0.35
120,qpu_opportunity,2,False,4,43,qpu_B,0.00770851541560303,0,0.00770851541560303,0.20691579091576154,0.35
120,qpu_opportunity,2,False,4,44,qpu_B,0.00770851541560303,0,0.00770851541560303,0.2076699670804425,0.35
120,qpu_opportunity,2,False,4,45,qpu_B,0.00770851541560303,0,0.00770851541560303,0.21300533106175934,0.35
120,qpu_opportunity,2,False,4,46,qpu_B,0.00770851541560303,0,0.00770851541560303,0.21127512434159354,0.35
120,qpu_opportunity,2,False,4,47,qpu_B,0.0,0,0.0,0.20293625733265563,0.35
120,qpu_opportunity,2,False,4,48,qpu_B,0.00770851541560303,0,0.00770851541560303,0.199400797239202,0.35
120,qpu_opportunity,2,False,4,49,qpu_B,0.030647428771758925,0,0.030647428771758925,0.21084646612903965,0.35
120,qpu_opportunity,2,False,4,50,qpu_B,0.00770851541560303,0,0.00770851541560303,0.20333195937930135,0.35
120,qpu_opportunity,2,False,4,51,qpu_B,0.0,0,0.0,0.19623804694080882,0.35
120,qpu_opportunity,2,False,4,52,qpu_B,0.0,0,0.0,0.21963790840675212,0.35
120,qpu_opportunity,2,False,4,53,qpu_B,0.0,0,0.0,0.21230061774345527,0.35
120,qpu_opportunity,2,False,4,54,qpu_B,0.00770851541560303,0,0.00770851541560303,0.2031016164293634,0.35
120,qpu_opportunity,2,False,4,55,qpu_B,0.0,0,0.0,0.2057560632493511,0.35
120,qpu_opportunity,2,False,4,56,qpu_B,0.0,0,0.0,0.20518940061901025,0.35
120,qpu_opportunity,2,False,4,57,qpu_B,0.06846506302782733,0,0.06846506302782733,0.20809381332443122,0.35
120,qpu_opportunity,2,False,4,58,qpu_B,0.0,0,0.0,0.20778790268889877,0.35
120,qpu_opportunity,2,False,4,59,qpu_B,0.00770851541560303,0,0.00770851541560303,0.21739498528309223,0.35
120,qpu_opportunity,2,False,4,60,qpu_B,0.0,0,0.0,0.20663566763649352,0.35
120,qpu_opportunity,2,False,4,61,qpu_B,0.0,0,0.0,0.21203583400690001,0.35
120,qpu_opportunity,2,False,4,62,qpu_B,1.0,1,0.022938913356155895,1.5743905889905945,0.35
120,qpu_opportunity,2,False,4,63,qpu_B,0.07667285363132327,0,0.07667285363132327,0.20088043414961496,0.35
120,qpu_opportunity,2,False,4,64,qpu_B,0.022938913356155895,0,0.022938913356155895,0.2167600040974473,0.35
120,qpu_opportunity,2,False,4,65,qpu_B,1.0,1,0.030647428771758925,1.0597851236237519,0.35
120,qpu_opportunity,2,False,4,66,qpu_B,0.0,0,0.0,0.2135901948354734,0.35
120,qpu_opportunity,2,False,4,67,qpu_B,0.00770851541560303,0,0.00770851541560303,0.21285435093869312,0.35
120,qpu_opportunity,2,False,4,68,qpu_B,0.0,0,0.0,0.21561142836491226,0.35
120,qpu_opportunity,2,False,4,69,qpu_B,0.0,0,0.0,0.20763263618231012,0.35
120,qpu_opportunity,2,False,4,70,qpu_B,0.00770851541560303,0,0.00770851541560303,0.20171700228153625,0.35
120,qpu_opportunity,2,False,4,71,qpu_B,0.08776832527186926,0,0.08776832527186926,0.20912694441192342,0.35
120,qpu_opportunity,2,False,4,72,qpu_B,0.0,0,0.0,0.20530971947998858,0.35
120,qpu_opportunity,2,False,4,73,qpu_B,0.0,0,0.0,0.20626024254844288,0.35
120,qpu_opportunity,2,False,4,74,qpu_B,0.0,0,0.0,0.21627546421281316,0.35
120,qpu_opportunity,2,False,4,75,qpu_B,0.0,0,0.0,0.20536141342739078,0.35
120,qpu_opportunity,2,False,4,76,qpu_B,0.0,0,0.0,0.20544182470267172,0.35
120,qpu_opportunity,2,False,4,77,qpu_B,0.00770851541560303,0,0.00770851541560303,0.21330136963059862,0.35
120,qpu_opportunity,2,False,4,78,qpu_B,0.0,0,0.0,0.20674166858162407,0.35
120,qpu_opportunity,2,False,4,79,qpu_B,0.0,0,0.0,0.2023380288873123,0.35
120,qpu_opportunity,2,False,4,80,qpu_B,0.00770851541560303,0,0.00770851541560303,0.19948955131921617,0.35
120,qpu_opportunity,2,False,4,81,qpu_B,0.08776832527186926,0,0.08776832527186926,0.21424738757238806,0.35
120,qpu_opportunity,2,False,4,82,qpu_B,1.0,1,0.00770851541560303,1.059565808374766,0.35
120,qpu_opportunity,2,False,4,83,qpu_B,0.00770851541560303,0,0.00770851541560303,0.2029509613994174,0.35
120,qpu_opportunity,2,False,4,84,qpu_B,0.0,0,0.0,0.2076758722279321,0.35
120,qpu_opportunity,2,False,4,85,qpu_B,0.08005980985626623,0,0.08005980985626623,0.2096422305534849,0.35
120,qpu_opportunity,2,False,4,86,qpu_B,0.00770851541560303,0,0.00770851541560303,0.2118987761785204,0.35
120,qpu_opportunity,2,False,4,87,qpu_B,0.00770851541560303,0,0.00770851541560303,0.20613212302470293,0.35
120,qpu_opportunity,2,False,4,88,qpu_B,0.0,0,0.0,0.20976623513089354,0.35
120,qpu_opportunity,2,False,4,89,qpu_B,0.022938913356155895,0,0.022938913356155895,0.20642471437257653,0.35
120,qpu_opportunity,2,False,4,90,qpu_B,0.022938913356155895,0,0.022938913356155895,0.21187185857548407,0.35
120,qpu_opportunity,2,False,4,91,qpu_B,0.022938913356155895,0,0.022938913356155895,0.2032998854086903,0.35
120,qpu_opportunity,2,False,4,92,qpu_B,0.00770851541560303,0,0.00770851541560303,0.2082960365546261,0.35
120,qpu_opportunity,2,False,4,93,qpu_B,0.0,0,0.0,0.20078142424924808,0.35
120,qpu_opportunity,2,False,4,94,qpu_B,0.00770851541560303,0,0.00770851541560303,0.20502844275439874,0.35
120,qpu_opportunity,2,False,4,95,qpu_B,0.0,0,0.0,0.20547698616139132,0.35
120,qpu_opportunity,2,False,4,96,qpu_B,0.00770851541560303,0,0.00770851541560303,0.19977054535793276,0.35
120,qpu_opportunity,2,False,4,97,qpu_B,0.0,0,0.0,0.21645615066895033,0.35
120,qpu_opportunity,2,False,4,98,qpu_B,0.0,0,0.0,0.20146740970304727,0.35
120,qpu_opportunity,2,False,4,99,qpu_B,0.0,0,0.0,0.20812358661569194,0.35
120,qpu_opportunity,2,False,5,0,qpu_B,1.0,1,0.12258157243853758,0.29500669960523296,0.35
120,qpu_opportunity,2,False,5,1,qpu_B,0.06846506302782733,0,0.06846506302782733,0.28966879027890297,0.35
120,qpu_opportunity,2,False,5,2,qpu_B,0.2011065285750439,0,0.2011065285750439,0.29181818701239454,0.35
120,qpu_opportunity,2,False,5,3,qpu_B,0.0,0,0.0,0.2937312346333656,0.35
120,qpu_opportunity,2,False,5,4,qpu_B,0.0,0,0.0,0.2998842393230885,0.35
120,qpu_opportunity,2,False,5,5,qpu_B,0.0,0,0.0,0.29449234156206683,0.35
120,qpu_opportunity,2,False,5,6,qpu_B,0.08776832527186926,0,0.08776832527186926,0.29880238436605344,0.35
120,qpu_opportunity,2,False,5,7,qpu_B,1.0,1,0.0062291686777490324,0.28858750293301616,0.35
120,qpu_opportunity,2,False,5,8,qpu_B,0.00770851541560303,0,0.00770851541560303,0.2965510132469007,0.35
120,qpu_opportunity,2,False,5,9,qpu_B,0.1781676152188882,0,0.1781676152188882,0.3069506910772166,0.35
120,qpu_opportunity,2,False,5,10,qpu_B,1.0,1,0.41025179277774715,0.2905633133970533,0.35
120,qpu_opportunity,2,False,5,11,qpu_B,0.2011065285750439,0,0.2011065285750439,0.2949527928800832,0.35
120,qpu_opportunity,2,False,5,12,qpu_B,1.0,1,1.1087782000249835,0.2968463932332299,0.35
120,qpu_opportunity,2,False,5,13,qpu_B,0.00770851541560303,0,0.00770851541560303,0.296573481445066,0.35
120,qpu_opportunity,2,False,5,14,qpu_B,0.1781676152188882,0,0.1781676152188882,0.2933164361287195,0.35
120,qpu_opportunity,2,False,5,15,qpu_B,1.0,1,1.5862959115486064,0.2951473418933508,0.35
120,qpu_opportunity,2,False,5,16,qpu_B,0.2011065285750439,0,0.2011065285750439,0.2949360356800318,0.35
120,qpu_opportunity,2,False,5,17,qpu_B,0.08005980985626623,0,0.08005980985626623,0.2910946938204243,0.35
120,qpu_opportunity,2,False,5,18,qpu_B,0.06846506302782733,0,0.06846506302782733,0.29286238556463023,0.35
120,qpu_opportunity,2,False,5,19,qpu_B,0.07667285363132327,0,0.07667285363132327,0.3015325684901806,0.35
120,qpu_opportunity,2,False,5,20,qpu_B,0.08005980985626623,0,0.08005980985626623,0.2893411516717108,0.35
120,qpu_opportunity,2,False,5,21,qpu_B,0.1781676152188882,0,0.1781676152188882,0.29481955899322254,0.35
120,qpu_opportunity,2,False,5,22,qpu_B,0.07667285363132327,0,0.07667285363132327,0.2987155606517119,0.35
120,qpu_opportunity,2,False,5,23,qpu_B,1.0,1,0.6130099544950551,1.0361535068306134,0.35
120,qpu_opportunity,2,False,5,24,qpu_B,1.0,1,0.12258157243853758,0.2850324875949145,0.35
120,qpu_opportunity,2,False,5,25,qpu_B,1.0,1,0.09964265908238187,0.29491216207856424,0.35
120,qpu_opportunity,2,False,5,26,qpu_B,0.1781676152188882,0,0.1781676152188882,0.2956528961612197,0.35
120,qpu_opportunity,2,False,5,27,qpu_B,0.030647428771758925,0,0.030647428771758925,0.30676770365320494,0.35
120,qpu_opportunity,2,False,5,28,qpu_B,0.0,0,0.0,0.2931859350496709,0.35
120,qpu_opportunity,2,False,5,29,qpu_B,1.0,1,0.2969135894745723,0.29284643668460547,0.35
120,qpu_opportunity,2,False,5,30,qpu_B,1.0,1,0.3873128794215912,0.2944882998548474,0.35
120,qpu_opportunity,2,False,5,31,qpu_B,1.0,1,0.3039025840033074,0.29319362410800076,0.35
120,qpu_opportunity,2,False,5,32,qpu_B,0.1781676152188882,0,0.1781676152188882,0.2909017370194732,0.35
120,qpu_opportunity,2,False,5,33,qpu_B,0.2011065285750439,0,0.2011065285750439,0.28975545361693067,0.35
120,qpu_opportunity,2,False,5,34,qpu_B,1.0,1,0.3873128794215912,0.30010421210598937,0.35
120,qpu_opportunity,2,False,5,35,qpu_B,0.2011065285750439,0,0.2011065285750439,0.30147884466254493,0.35
120,qpu_opportunity,2,False,5,36,qpu_B,1.0,1,0.12258157243853758,0.28648647946057637,0.35
120,qpu_opportunity,2,False,5,37,qpu_B,1.0,1,0.6834363269930471,0.31001276934392386,0.35
120,qpu_opportunity,2,False,5,38,qpu_B,0.1781676152188882,0,0.1781676152188882,0.2885476225864171,0.35
120,qpu_opportunity,2,False,5,39,qpu_B,1.0,1,0.0062291686777490324,1.1228598650791894,0.35
120,qpu_opportunity,2,False,5,40,qpu_B,0.1781676152188882,0,0.1781676152188882,0.29008099566198986,0.35
120,qpu_opportunity,2,False,5,41,qpu_B,1.0,1,1.8064978301903847,0.29816719069623343,0.35
120,qpu_opportunity,2,False,5,42,qpu_B,0.022938913356155895,0,0.022938913356155895,0.29414172392692695,0.35
120,qpu_opportunity,2,False,5,43,qpu_B,0.06846506302782733,0,0.06846506302782733,0.29237151269244166,0.35
120,qpu_opportunity,2,False,5,44,qpu_B,0.022938913356155895,0,0.022938913356155895,0.29809330242268833,0.35
120,qpu_opportunity,2,False,5,45,qpu_B,1.0,1,0.6130099544950551,0.29500019097278635,0.35
120,qpu_opportunity,2,False,5,46,qpu_B,1.0,1,0.12258157243853758,0.2914793361998437,0.35
120,qpu_opportunity,2,False,5,47,qpu_B,1.0,1,0.6130099544950551,0.2898135549285376,0.35
120,qpu_opportunity,2,False,5,48,qpu_B,1.0,1,0.09964265908238187,0.2921331735399423,0.35
120,qpu_opportunity,2,False,5,49,qpu_B,0.0,0,0.0,0.29467202918981533,0.35
120,qpu_opportunity,2,False,5,50,qpu_B,1.0,1,0.41025179277774715,0.28785066177780444,0.35
120,qpu_opportunity,2,False,5,51,qpu_B,1.0,1,0.014436959281245158,0.29925531757649837,0.35
120,qpu_opportunity,2,False,5,52,qpu_B,0.08776832527186926,0,0.08776832527186926,0.29960428173354675,0.35
120,qpu_opportunity,2,False,5,53,qpu_B,1.0,1,0.12258157243853758,0.300493864086415,0.35
120,qpu_opportunity,2,False,5,54,qpu_B,1.0,1,0.3873128794215912,0.2897622573056223,0.35
120,qpu_opportunity,2,False,5,55,qpu_B,0.0,0,0.0,0.2973202063134869,0.35
120,qpu_opportunity,2,False,5,56,qpu_B,0.00770851541560303,0,0.00770851541560303,0.29865679539209466,0.35
120,qpu_opportunity,2,False,5,57,qpu_B,1.0,1,0.12258157243853758,0.29293392065258184,0.35
120,qpu_opportunity,2,False,5,58,qpu_B,0.1781676152188882,0,0.1781676152188882,0.32052469579653775,0.35
120,qpu_opportunity,2,False,5,59,qpu_B,0.08005980985626623,0,0.08005980985626623,0.3311021916433484,0.35
120,qpu_opportunity,2,False,5,60,qpu_B,0.2011065285750439,0,0.2011065285750439,0.2942629566728523,0.35
120,qpu_opportunity,2,False,5,61,qpu_B,1.0,1,0.3873128794215912,0.2985211947412354,0.35
120,qpu_opportunity,2,False,5,62,qpu_B,1.0,1,0.12258157243853758,1.387208938599956,0.35
120,qpu_opportunity,2,False,5,63,qpu_B,0.1781676152188882,0,0.1781676152188882,0.3030269967143312,0.35
120,qpu_opportunity,2,False,5,64,qpu_B,1.0,1,0.6915349106315613,0.3061627330255893,0.35
120,qpu_opportunity,2,False,5,65,qpu_B,1.0,1,0.08005980985626623,1.6586928745063616,0.35
120,qpu_opportunity,2,False,5,66,qpu_B,1.0,1,0.6915349106315613,0.2918281755254036,0.35
120,qpu_opportunity,2,False,5,67,qpu_B,1.0,1,1.742727082120546,0.2951186992222925,0.35
120,qpu_opportunity,2,False,5,68,qpu_B,1.0,1,0.3827068269566472,0.29490331490508326,0.35
120,qpu_opportunity,2,False,5,69,qpu_B,0.0,0,0.0,0.293100983080152,0.35
120,qpu_opportunity,2,False,5,70,qpu_B,1.0,1,0.3198525028307282,0.2890024754156446,0.35
120,qpu_opportunity,2,False,5,71,qpu_B,0.08776832527186926,0,0.08776832527186926,0.2900259235985516,0.35
120,qpu_opportunity,2,False,5,72,qpu_B,0.030647428771758925,0,0.030647428771758925,0.3003594553316467,0.35
120,qpu_opportunity,2,False,5,73,qpu_B,0.0,0,0.0,0.28788232209932313,0.35
120,qpu_opportunity,2,False,5,74,qpu_B,0.08005980985626623,0,0.08005980985626623,0.30595455441668074,0.35
120,qpu_opportunity,2,False,5,75,qpu_B,1.0,1,0.6915349106315613,0.2887702927742888,0.35
120,qpu_opportunity,2,False,5,76,qpu_B,0.2011065285750439,0,0.2011065285750439,0.3093738497287446,0.35
120,qpu_opportunity,2,False,5,77,qpu_B,0.030647428771758925,0,0.030647428771758925,0.2993530031109456,0.35
120,qpu_opportunity,2,False,5,78,qpu_B,1.0,1,1.8361405725251787,0.2935134458931371,0.35
120,qpu_opportunity,2,False,5,79,qpu_B,0.08005980985626623,0,0.08005980985626623,0.29037463478139874,0.35
120,qpu_opportunity,2,False,5,80,qpu_B,0.1781676152188882,0,0.1781676152188882,0.2882725123513339,0.35
120,qpu_opportunity,2,False,5,81,qpu_B,1.0,1,0.09964265908238187,0.29222423087499216,0.35
120,qpu_opportunity,2,False,5,82,qpu_B,1.0,1,0.1781676152188882,1.508539821847633,0.35
120,qpu_opportunity,2,False,5,83,qpu_B,1.0,1,0.3873128794215912,0.2879566735392465,0.35
120,qpu_opportunity,2,False,5,84,qpu_B,0.00770851541560303,0,0.00770851541560303,0.2924138550651246,0.35
120,qpu_opportunity,2,False,5,85,qpu_B,0.1781676152188882,0,0.1781676152188882,0.29686168250018297,0.35
120,qpu_opportunity,2,False,5,86,qpu_B,0.0,0,0.0,0.29958878599440075,0.35
120,qpu_opportunity,2,False,5,87,qpu_B,1.0,1,0.3873128794215912,0.2945670491896901,0.35
120,qpu_opportunity,2,False,5,88,qpu_B,1.0,1,1.8361405725251787,0.2906863145852189,0.35
120,qpu_opportunity,2,False,5,89,qpu_B,1.0,1,0.6916441175965431,0.30373047854751456,0.35
120,qpu_opportunity,2,False,5,90,qpu_B,0.08005980985626623,0,0.08005980985626623,0.28900503745313805,0.35
120,qpu_opportunity,2,False,5,91,qpu_B,0.030647428771758925,0,0.030647428771758925,0.2948090233280608,0.35
120,qpu_opportunity,2,False,5,92,qpu_B,0.1781676152188882,0,0.1781676152188882,0.30580525256785596,0.35
120,qpu_opportunity,2,False,5,93,qpu_B,0.0,0,0.0,0.2884051798602881,0.35
120,qpu_opportunity,2,False,5,94,qpu_B,0.1781676152188882,0,0.1781676152188882,0.2917228511430138,0.35
120,qpu_opportunity,2,False,5,95,qpu_B,1.0,1,0.49490229894370485,0.29197706217212727,0.35
120,qpu_opportunity,2,False,5,96,qpu_B,1.0,1,0.12258157243853758,0.30410838723084466,0.35
120,qpu_opportunity,2,False,5,97,qpu_B,0.022938913356155895,0,0.022938913356155895,0.290432591388329,0.35
120,qpu_opportunity,2,False,5,98,qpu_B,1.0,1,0.09964265908238187,0.2934269997798724,0.35
120,qpu_opportunity,2,False,5,99,qpu_B,0.1781676152188882,0,0.1781676152188882,0.29138111889751167,0.35
120,queue_stress,2,False,0,0,classical,1.0,1,0.014436959281245158,0.012756875366903841,0.35
120,queue_stress,2,False,0,1,classical,0.08005980985626623,0,0.08005980985626623,0.011948539759032428,0.35
120,queue_stress,2,False,0,2,classical,1.0,1,0.0062291686777490324,0.011552294599823654,0.35
120,queue_stress,2,False,0,3,classical,1.0,1,0.5738292037900561,0.011498124804347754,0.35
120,queue_stress,2,False,0,4,classical,0.1781676152188882,0,0.1781676152188882,0.011227914947085083,0.35
120,queue_stress,2,False,0,5,classical,1.0,1,0.2892050740589693,0.012133335112594068,0.35
120,queue_stress,2,False,0,6,classical,0.2011065285750439,0,0.2011065285750439,0.012182705104351044,0.35
120,queue_stress,2,False,0,7,classical,1.0,1,0.6130099544950551,0.01199645979795605,0.35
120,queue_stress,2,False,0,8,classical,0.00770851541560303,0,0.00770851541560303,0.011558540281839669,0.35
120,queue_stress,2,False,0,9,classical,1.0,1,0.2892050740589693,0.012015000102110207,0.35
120,queue_stress,2,False,0,10,classical,0.08005980985626623,0,0.08005980985626623,0.011129584745503962,0.35
120,queue_stress,2,False,0,11,classical,0.0,0,0.0,0.012241670046932995,0.35
120,queue_stress,2,False,0,12,classical,1.0,1,1.0172257687763837,0.011655415291897953,0.35
120,queue_stress,2,False,0,13,classical,1.0,1,0.30339978702985887,0.01168729504570365,0.35
120,queue_stress,2,False,0,14,classical,0.06846506302782733,0,0.06846506302782733,0.0110106251668185,0.35
120,queue_stress,2,False,0,15,classical,1.0,1,0.5508902904339003,0.01169520488474518,0.35
120,queue_stress,2,False,0,16,classical,0.08776832527186926,0,0.08776832527186926,0.011673539993353188,0.35
120,queue_stress,2,False,0,17,classical,0.0,0,0.0,0.011064789723604918,0.35
120,queue_stress,2,False,0,18,classical,1.0,1,0.014436959281245158,0.012575209839269519,0.35
120,queue_stress,2,False,0,19,classical,1.0,1,0.31214398741512517,0.011676455033011734,0.35
120,queue_stress,2,False,0,20,classical,0.030647428771758925,0,0.030647428771758925,0.011397499474696815,0.35
120,queue_stress,2,False,0,21,classical,0.0,0,0.0,0.011072914930991828,0.35
120,queue_stress,2,False,0,22,classical,0.00770851541560303,0,0.00770851541560303,0.011024790001101792,0.35
120,queue_stress,2,False,0,23,classical,1.0,1,0.28873317312278957,0.011572919902391732,0.35
120,queue_stress,2,False,0,24,classical,0.08005980985626623,0,0.08005980985626623,0.011057709925808012,0.35
120,queue_stress,2,False,0,25,classical,0.030647428771758925,0,0.030647428771758925,0.01159354520495981,0.35
120,queue_stress,2,False,0,26,classical,1.0,1,0.635948867851211,0.011618330026976764,0.35
120,queue_stress,2,False,0,27,classical,0.00770851541560303,0,0.00770851541560303,0.010883539798669517,0.35
120,queue_stress,2,False,0,28,classical,0.022938913356155895,0,0.022938913356155895,0.011146250180900097,0.35
120,queue_stress,2,False,0,29,classical,1.0,1,0.7217411986864757,0.011456460342742503,0.35
120,queue_stress,2,False,0,30,classical,0.06846506302782733,0,0.06846506302782733,0.011166874901391566,0.35
120,queue_stress,2,False,0,31,classical,0.08005980985626623,0,0.08005980985626623,0.011352290166541934,0.35
120,queue_stress,2,False,0,32,classical,1.0,1,0.09964265908238187,0.012251875014044344,0.35
120,queue_stress,2,False,0,33,classical,1.0,1,0.3873128794215912,0.011529375333338976,0.35
120,queue_stress,2,False,0,34,classical,1.0,1,0.687489510423286,0.011342079960741103,0.35
120,queue_stress,2,False,0,35,classical,0.1781676152188882,0,0.1781676152188882,0.011180625297129154,0.35
120,queue_stress,2,False,0,36,classical,0.07667285363132327,0,0.07667285363132327,0.011256670113652945,0.35
120,queue_stress,2,False,0,37,classical,1.0,1,0.014436959281245158,0.011516875238157809,0.35
120,queue_stress,2,False,0,38,classical,0.06846506302782733,0,0.06846506302782733,0.011352915316820145,0.35
120,queue_stress,2,False,0,39,classical,0.0,0,0.0,0.01102499954868108,0.35
120,queue_stress,2,False,0,40,classical,1.0,1,0.014436959281245158,0.011597290285862982,0.35
120,queue_stress,2,False,0,41,classical,1.0,1,0.014436959281245158,0.011332915164530277,0.35
120,queue_stress,2,False,0,42,classical,0.00770851541560303,0,0.00770851541560303,0.011744169751182199,0.35
120,queue_stress,2,False,0,43,classical,1.0,1,0.014436959281245158,0.011801875079981983,0.35
120,queue_stress,2,False,0,44,classical,0.00770851541560303,0,0.00770851541560303,0.011403125245124102,0.35
120,queue_stress,2,False,0,45,classical,1.0,1,0.3039025840033074,0.011900204699486494,0.35
120,queue_stress,2,False,0,46,classical,0.08776832527186926,0,0.08776832527186926,0.010971874580718577,0.35
120,queue_stress,2,False,0,47,classical,1.0,1,0.3039025840033074,0.011645209742709994,0.35
120,queue_stress,2,False,0,48,classical,1.0,1,0.2805253825192938,0.011610210058279335,0.35
120,queue_stress,2,False,0,49,classical,1.0,1,0.014436959281245158,0.011672709952108562,0.35
120,queue_stress,2,False,0,50,classical,0.08005980985626623,0,0.08005980985626623,0.0115160399582237,0.35
120,queue_stress,2,False,0,51,classical,1.0,1,0.12258157243853758,0.01159749983344227,0.35
120,queue_stress,2,False,0,52,classical,1.0,1,0.0062291686777490324,0.012001875438727438,0.35
120,queue_stress,2,False,0,53,classical,0.08005980985626623,0,0.08005980985626623,0.01112541533075273,0.35
120,queue_stress,2,False,0,54,classical,1.0,1,0.2892050740589693,0.01176020479761064,0.35
120,queue_stress,2,False,0,55,classical,1.0,1,0.749725404773364,0.012108955415897071,0.35
120,queue_stress,2,False,0,56,classical,1.0,1,0.28873317312278957,0.011492290068417788,0.35
120,queue_stress,2,False,0,57,classical,0.06846506302782733,0,0.06846506302782733,0.010979999788105488,0.35
120,queue_stress,2,False,0,58,classical,1.0,1,0.6574413289260497,0.011769999982789159,0.35
120,queue_stress,2,False,0,59,classical,1.0,1,1.0643667928115554,0.01169125025626272,0.35
120,queue_stress,2,False,0,60,classical,0.030647428771758925,0,0.030647428771758925,0.011607499909587204,0.35
120,queue_stress,2,False,0,61,classical,1.0,1,0.5266179877669395,0.011236460413783789,0.35
120,queue_stress,2,False,0,62,classical,1.0,1,0.2805253825192938,0.012119375169277191,0.35
120,queue_stress,2,False,0,63,classical,0.07667285363132327,0,0.07667285363132327,0.01095312472898513,0.35
120,queue_stress,2,False,0,64,classical,0.06846506302782733,0,0.06846506302782733,0.011348545085638762,0.35
120,queue_stress,2,False,0,65,classical,1.0,1,0.5189094723513364,0.011396249756217003,0.35
120,queue_stress,2,False,0,66,classical,1.0,1,0.9183710509950788,0.011408954742364585,0.35
120,queue_stress,2,False,0,67,classical,1.0,1,0.2805253825192938,0.011449169833213091,0.35
120,queue_stress,2,False,0,68,classical,0.00770851541560303,0,0.00770851541560303,0.01106937532313168,0.35
120,queue_stress,2,False,0,69,classical,1.0,1,0.014436959281245158,0.011577915283851326,0.35
120,queue_stress,2,False,0,70,classical,1.0,1,0.0062291686777490324,0.011439164518378675,0.35
120,queue_stress,2,False,0,71,classical,0.08776832527186926,0,0.08776832527186926,0.010883749928325415,0.35
120,queue_stress,2,False,0,72,classical,0.00770851541560303,0,0.00770851541560303,0.011446455027908087,0.35
120,queue_stress,2,False,0,73,classical,0.06846506302782733,0,0.06846506302782733,0.011246249778196216,0.35
120,queue_stress,2,False,0,74,classical,1.0,1,0.6130099544950551,0.011269789538346231,0.35
120,queue_stress,2,False,0,75,classical,0.06846506302782733,0,0.06846506302782733,0.01078562461771071,0.35
120,queue_stress,2,False,0,76,classical,0.3661384783533855,0,0.3661384783533855,0.011426875134930015,0.35
120,queue_stress,2,False,0,77,classical,1.0,1,0.09964265908238187,0.011266039800830185,0.35
120,queue_stress,2,False,0,78,classical,0.00770851541560303,0,0.00770851541560303,0.011058124946430326,0.35
120,queue_stress,2,False,0,79,classical,0.3661384783533855,0,0.3661384783533855,0.010750829824246466,0.35
120,queue_stress,2,False,0,80,classical,0.00770851541560303,0,0.00770851541560303,0.010783125180751085,0.35
120,queue_stress,2,False,0,81,classical,0.022938913356155895,0,0.022938913356155895,0.010785000049509108,0.35
120,queue_stress,2,False,0,82,classical,0.07667285363132327,0,0.07667285363132327,0.010772084933705628,0.35
120,queue_stress,2,False,0,83,classical,0.07667285363132327,0,0.07667285363132327,0.011844999971799552,0.35
120,queue_stress,2,False,0,84,classical,0.030647428771758925,0,0.030647428771758925,0.01151208474766463,0.35
120,queue_stress,2,False,0,85,classical,1.0,1,0.2969135894745723,0.01191562507301569,0.35
120,queue_stress,2,False,0,86,classical,0.0,0,0.0,0.01191083516459912,0.35
120,queue_stress,2,False,0,87,classical,0.022938913356155895,0,0.022938913356155895,0.011065835133194923,0.35
120,queue_stress,2,False,0,88,classical,1.0,1,0.014436959281245158,0.011403544922359288,0.35
120,queue_stress,2,False,0,89,classical,1.0,1,0.5738292037900561,0.011851045419462025,0.35
120,queue_stress,2,False,0,90,classical,0.3661384783533855,0,0.3661384783533855,0.010830414830707014,0.35
120,queue_stress,2,False,0,91,classical,1.0,1,0.3039025840033074,0.011448125005699694,0.35
120,queue_stress,2,False,0,92,classical,0.030647428771758925,0,0.030647428771758925,0.010853540152311325,0.35
120,queue_stress,2,False,0,93,classical,1.0,1,0.3039025840033074,0.011531664640642703,0.35
120,queue_stress,2,False,0,94,classical,1.0,1,0.7144738239877171,0.011419790098443627,0.35
120,queue_stress,2,False,0,95,classical,1.0,1,0.0062291686777490324,0.011436045169830322,0.35
120,queue_stress,2,False,0,96,classical,0.06846506302782733,0,0.06846506302782733,0.011194164981134236,0.35
120,queue_stress,2,False,0,97,classical,1.0,1,0.28873317312278957,0.011323125218041241,0.35
120,queue_stress,2,False,0,98,classical,1.0,1,0.014436959281245158,0.011526665184646845,0.35
120,queue_stress,2,False,0,99,classical,0.08005980985626623,0,0.08005980985626623,0.011100205010734499,0.35
120,queue_stress,2,False,1,0,classical,1.0,1,0.5266179877669395,0.012046665069647133,0.35
120,queue_stress,2,False,1,1,classical,1.0,1,0.014436959281245158,0.011919584940187633,0.35
120,queue_stress,2,False,1,2,classical,1.0,1,0.5672535933843681,0.011833545286208391,0.35
120,queue_stress,2,False,1,3,classical,1.0,1,0.2969135894745723,0.012939790030941367,0.35
120,queue_stress,2,False,1,4,classical,1.0,1,0.2892050740589693,0.011935210204683244,0.35
120,queue_stress,2,False,1,5,classical,0.2011065285750439,0,0.2011065285750439,0.011620000004768372,0.35
120,queue_stress,2,False,1,6,classical,0.0,0,0.0,0.012002920266240835,0.35
120,queue_stress,2,False,1,7,classical,1.0,1,0.3873128794215912,0.011867705034092069,0.35
120,queue_stress,2,False,1,8,classical,0.3661384783533855,0,0.3661384783533855,0.011382710072211921,0.35
120,queue_stress,2,False,1,9,classical,0.2011065285750439,0,0.2011065285750439,0.011658124858513474,0.35
120,queue_stress,2,False,1,10,classical,0.08005980985626623,0,0.08005980985626623,0.011804375099018216,0.35
120,queue_stress,2,False,1,11,classical,0.2011065285750439,0,0.2011065285750439,0.01151749980635941,0.35
120,queue_stress,2,False,1,12,classical,0.06846506302782733,0,0.06846506302782733,0.011288750101812184,0.35
120,queue_stress,2,False,1,13,classical,0.022938913356155895,0,0.022938913356155895,0.011454999912530184,0.35
120,queue_stress,2,False,1,14,classical,0.00770851541560303,0,0.00770851541560303,0.011772295110858977,0.35
120,queue_stress,2,False,1,15,classical,0.022938913356155895,0,0.022938913356155895,0.01129249983932823,0.35
120,queue_stress,2,False,1,16,classical,1.0,1,0.3873128794215912,0.011645419872365892,0.35
120,queue_stress,2,False,1,17,classical,0.1781676152188882,0,0.1781676152188882,0.011334170121699572,0.35
120,queue_stress,2,False,1,18,classical,1.0,1,0.31214398741512517,0.011680625029839575,0.35
120,queue_stress,2,False,1,19,classical,0.1781676152188882,0,0.1781676152188882,0.011241249740123749,0.35
120,queue_stress,2,False,1,20,classical,0.06846506302782733,0,0.06846506302782733,0.011145834578201175,0.35
120,queue_stress,2,False,1,21,classical,1.0,1,0.6574413289260497,0.011561874998733401,0.35
120,queue_stress,2,False,1,22,classical,1.0,1,0.0062291686777490324,0.011360835051164031,0.35
120,queue_stress,2,False,1,23,classical,0.08776832527186926,0,0.08776832527186926,0.010986875277012587,0.35
120,queue_stress,2,False,1,24,classical,0.06846506302782733,0,0.06846506302782733,0.010993960313498974,0.35
120,queue_stress,2,False,1,25,classical,0.06846506302782733,0,0.06846506302782733,0.011454164632596076,0.35
120,queue_stress,2,False,1,26,classical,1.0,1,0.09964265908238187,0.011338124750182033,0.35
120,queue_stress,2,False,1,27,classical,1.0,1,0.2805253825192938,0.011303955106996,0.35
120,queue_stress,2,False,1,28,classical,1.0,1,0.2892050740589693,0.011511665070429444,0.35
120,queue_stress,2,False,1,29,classical,1.0,1,0.30339978702985887,0.011415419867262244,0.35
120,queue_stress,2,False,1,30,classical,1.0,1,1.150282180353257,0.011777919717133045,0.35
120,queue_stress,2,False,1,31,classical,0.030647428771758925,0,0.030647428771758925,0.011639790027402341,0.35
120,queue_stress,2,False,1,32,classical,0.08776832527186926,0,0.08776832527186926,0.011759169865399599,0.35
120,queue_stress,2,False,1,33,classical,1.0,1,0.9545096684419024,0.011869164882227778,0.35
120,queue_stress,2,False,1,34,classical,0.06846506302782733,0,0.06846506302782733,0.011267289519309998,0.35
120,queue_stress,2,False,1,35,classical,0.1781676152188882,0,0.1781676152188882,0.011676669819280505,0.35
120,queue_stress,2,False,1,36,classical,1.0,1,0.0062291686777490324,0.01156271027866751,0.35
120,queue_stress,2,False,1,37,classical,1.0,1,0.2805253825192938,0.011651875101961195,0.35
120,queue_stress,2,False,1,38,classical,1.0,1,0.2892050740589693,0.011561044957488775,0.35
120,queue_stress,2,False,1,39,classical,1.0,1,0.30339978702985887,0.011517704697325826,0.35
120,queue_stress,2,False,1,40,classical,0.07667285363132327,0,0.07667285363132327,0.011308750254102051,0.35
120,queue_stress,2,False,1,41,classical,1.0,1,0.3827068269566472,0.011571664945222437,0.35
120,queue_stress,2,False,1,42,classical,0.1781676152188882,0,0.1781676152188882,0.01137999992351979,0.35
120,queue_stress,2,False,1,43,classical,0.1781676152188882,0,0.1781676152188882,0.011724585201591253,0.35
120,queue_stress,2,False,1,44,classical,0.030647428771758925,0,0.030647428771758925,0.011497290106490254,0.35
120,queue_stress,2,False,1,45,classical,1.0,1,0.09964265908238187,0.01139583473559469,0.35
120,queue_stress,2,False,1,46,classical,1.0,1,0.783977093036554,0.011378960334695876,0.35
120,queue_stress,2,False,1,47,classical,0.1781676152188882,0,0.1781676152188882,0.01156417012680322,0.35
120,queue_stress,2,False,1,48,classical,1.0,1,0.12258157243853758,0.011409169528633356,0.35
120,queue_stress,2,False,1,49,classical,1.0,1,0.41025179277774715,0.011381664662621915,0.35
120,queue_stress,2,False,1,50,classical,1.0,1,1.0642575858465737,0.012362709967419505,0.35
120,queue_stress,2,False,1,51,classical,1.0,1,0.6066777976232056,0.011724579962901771,0.35
120,queue_stress,2,False,1,52,classical,0.08776832527186926,0,0.08776832527186926,0.011835420154966414,0.35
120,queue_stress,2,False,1,53,classical,1.0,1,0.5266179877669395,0.011664999765343964,0.35
120,queue_stress,2,False,1,54,classical,0.08005980985626623,0,0.08005980985626623,0.011574375093914568,0.35
120,queue_stress,2,False,1,55,classical,0.022938913356155895,0,0.022938913356155895,0.011344579979777336,0.35
120,queue_stress,2,False,1,56,classical,0.022938913356155895,0,0.022938913356155895,0.01152041950263083,0.35
120,queue_stress,2,False,1,57,classical,1.0,1,0.741517614169868,0.011719170142896473,0.35
120,queue_stress,2,False,1,58,classical,1.0,1,0.6834363269930471,0.011857294593937695,0.35
120,queue_stress,2,False,1,59,classical,0.022938913356155895,0,0.022938913356155895,0.01125208509620279,0.35
120,queue_stress,2,False,1,60,classical,0.1781676152188882,0,0.1781676152188882,0.011959164985455573,0.35
120,queue_stress,2,False,1,61,classical,0.0,0,0.0,0.011365835089236498,0.35
120,queue_stress,2,False,1,62,classical,1.0,1,0.2969135894745723,0.011615210096351802,0.35
120,queue_stress,2,False,1,63,classical,0.030647428771758925,0,0.030647428771758925,0.01179041457362473,0.35
120,queue_stress,2,False,1,64,classical,0.0,0,0.0,0.011094164801761508,0.35
120,queue_stress,2,False,1,65,classical,0.0,0,0.0,0.011344999657012522,0.35
120,queue_stress,2,False,1,66,classical,0.022938913356155895,0,0.022938913356155895,0.010797289432957768,0.35
120,queue_stress,2,False,1,67,classical,1.0,1,0.0062291686777490324,0.011797704501077533,0.35
120,queue_stress,2,False,1,68,classical,1.0,1,0.5672535933843681,0.011649794760160148,0.35
120,queue_stress,2,False,1,69,classical,1.0,1,0.5266179877669395,0.011660835007205606,0.35
120,queue_stress,2,False,1,70,classical,0.0,0,0.0,0.011431039893068373,0.35
120,queue_stress,2,False,1,71,classical,0.0,0,0.0,0.011613959795795381,0.35
120,queue_stress,2,False,1,72,classical,1.0,1,0.6130099544950551,0.011839999933727086,0.35
120,queue_stress,2,False,1,73,classical,1.0,1,0.3827068269566472,0.011599999852478504,0.35
120,queue_stress,2,False,1,74,classical,1.0,1,1.150282180353257,0.012089795200154185,0.35
120,queue_stress,2,False,1,75,classical,0.00770851541560303,0,0.00770851541560303,0.011129999766126275,0.35
120,queue_stress,2,False,1,76,classical,0.0,0,0.0,0.010870000114664435,0.35
120,queue_stress,2,False,1,77,classical,0.07667285363132327,0,0.07667285363132327,0.011033539776690304,0.35
120,queue_stress,2,False,1,78,classical,0.0,0,0.0,0.010964584653265774,0.35
120,queue_stress,2,False,1,79,classical,0.08005980985626623,0,0.08005980985626623,0.011080625117756426,0.35
120,queue_stress,2,False,1,80,classical,0.07667285363132327,0,0.07667285363132327,0.01148479466792196,0.35
120,queue_stress,2,False,1,81,classical,1.0,1,0.12258157243853758,0.011666875216178596,0.35
120,queue_stress,2,False,1,82,classical,1.0,1,0.12258157243853758,0.011872915201820433,0.35
120,queue_stress,2,False,1,83,classical,1.0,1,0.6130099544950551,0.011652499670162797,0.35
120,queue_stress,2,False,1,84,classical,1.0,1,0.6066777976232056,0.011742914794012904,0.35
120,queue_stress,2,False,1,85,classical,0.0,0,0.0,0.011130415368825197,0.35
120,queue_stress,2,False,1,86,classical,0.022938913356155895,0,0.022938913356155895,0.0113814597716555,0.35
120,queue_stress,2,False,1,87,classical,1.0,1,0.31214398741512517,0.012273335014469922,0.35
120,queue_stress,2,False,1,88,classical,0.030647428771758925,0,0.030647428771758925,0.011556874960660934,0.35
120,queue_stress,2,False,1,89,classical,0.022938913356155895,0,0.022938913356155895,0.011016249773092568,0.35
120,queue_stress,2,False,1,90,classical,1.0,1,0.2805253825192938,0.011552500072866678,0.35
120,queue_stress,2,False,1,91,classical,1.0,1,0.49490229894370485,0.011883334955200553,0.35
120,queue_stress,2,False,1,92,classical,1.0,1,0.30339978702985887,0.011450834572315216,0.35
120,queue_stress,2,False,1,93,classical,0.3661384783533855,0,0.3661384783533855,0.011041875113733113,0.35
120,queue_stress,2,False,1,94,classical,1.0,1,0.9337730754650431,0.012816250091418624,0.35
120,queue_stress,2,False,1,95,classical,1.0,1,0.09964265908238187,0.01146624970715493,0.35
120,queue_stress,2,False,1,96,classical,0.0,0,0.0,0.0110797950765118,0.35
120,queue_stress,2,False,1,97,classical,0.0,0,0.0,0.010950415162369609,0.35
120,queue_stress,2,False,1,98,classical,1.0,1,0.5266179877669395,0.011456669890321791,0.35
120,queue_stress,2,False,1,99,classical,1.0,1,0.3827068269566472,0.011511875200085342,0.35
120,queue_stress,2,False,2,0,qpu_A,1.0,1,0.0,1.4628645117088745,0.35
120,queue_stress,2,False,2,1,qpu_A,0.0,0,0.0,0.23069433324491637,0.35
120,queue_stress,2,False,2,2,qpu_A,0.022938913356155895,0,0.022938913356155895,0.20470703415053546,0.35
120,queue_stress,2,False,2,3,qpu_A,0.00770851541560303,0,0.00770851541560303,0.22159989667224775,0.35
120,queue_stress,2,False,2,4,qpu_A,0.0,0,0.0,0.20681562209860901,0.35
120,queue_stress,2,False,2,5,qpu_A,0.0,0,0.0,0.19928747048765344,0.35
120,queue_stress,2,False,2,6,qpu_A,0.0,0,0.0,0.21339953104618714,0.35
120,queue_stress,2,False,2,7,qpu_A,1.0,1,0.00770851541560303,1.415984297023666,0.35
120,queue_stress,2,False,2,8,qpu_A,0.030647428771758925,0,0.030647428771758925,0.19619377377522265,0.35
120,queue_stress,2,False,2,9,qpu_A,0.0,0,0.0,0.2002998277665257,0.35
120,queue_stress,2,False,2,10,qpu_A,0.00770851541560303,0,0.00770851541560303,0.21481695192474087,0.35
120,queue_stress,2,False,2,11,qpu_A,0.022938913356155895,0,0.022938913356155895,0.19929095425524299,0.35
120,queue_stress,2,False,2,12,qpu_A,0.07667285363132327,0,0.07667285363132327,0.19601593791933,0.35
120,queue_stress,2,False,2,13,qpu_A,0.0,0,0.0,0.21947916297801015,0.35
120,queue_stress,2,False,2,14,qpu_A,0.0,0,0.0,0.22537008045292153,0.35
120,queue_stress,2,False,2,15,qpu_A,0.00770851541560303,0,0.00770851541560303,0.2186830619289399,0.35
120,queue_stress,2,False,2,16,qpu_A,1.0,1,0.0,1.176164913860852,0.35
120,queue_stress,2,False,2,17,qpu_A,1.0,1,0.030647428771758925,1.1185351962405417,0.35
120,queue_stress,2,False,2,18,qpu_A,1.0,1,0.06846506302782733,1.0641656253345761,0.35
120,queue_stress,2,False,2,19,qpu_A,1.0,1,0.00770851541560303,1.2809757609856098,0.35
120,queue_stress,2,False,2,20,qpu_A,0.0,0,0.0,0.21311952906764023,0.35
120,queue_stress,2,False,2,21,qpu_A,1.0,1,0.0,1.6019756913259278,0.35
120,queue_stress,2,False,2,22,qpu_A,0.06846506302782733,0,0.06846506302782733,0.20088968253288444,0.35
120,queue_stress,2,False,2,23,qpu_A,1.0,1,0.0,1.8607184488728976,0.35
120,queue_stress,2,False,2,24,qpu_A,1.0,1,0.07667285363132327,1.3110103802876605,0.35
120,queue_stress,2,False,2,25,qpu_A,1.0,1,0.0,1.7494494985247773,0.35
120,queue_stress,2,False,2,26,qpu_A,1.0,1,0.0,2.254750359249334,0.35
120,queue_stress,2,False,2,27,qpu_A,0.00770851541560303,0,0.00770851541560303,0.2108826347385679,0.35
120,queue_stress,2,False,2,28,qpu_A,1.0,1,0.030647428771758925,1.6682330117539013,0.35
120,queue_stress,2,False,2,29,qpu_A,1.0,1,0.0,1.386254416616155,0.35
120,queue_stress,2,False,2,30,qpu_A,1.0,1,0.022938913356155895,1.1998038263912734,0.35
120,queue_stress,2,False,2,31,qpu_A,0.0,0,0.0,0.20106702678504776,0.35
120,queue_stress,2,False,2,32,qpu_A,0.0,0,0.0,0.21775554084408139,0.35
120,queue_stress,2,False,2,33,qpu_A,1.0,1,0.0,1.2654607226686048,0.35
120,queue_stress,2,False,2,34,qpu_A,1.0,1,0.030647428771758925,1.502236887693262,0.35
120,queue_stress,2,False,2,35,qpu_A,0.00770851541560303,0,0.00770851541560303,0.2075742759013702,0.35
120,queue_stress,2,False,2,36,qpu_A,0.030647428771758925,0,0.030647428771758925,0.20261410302242758,0.35
120,queue_stress,2,False,2,37,qpu_A,1.0,1,0.00770851541560303,1.2635573830418798,0.35
120,queue_stress,2,False,2,38,qpu_A,0.00770851541560303,0,0.00770851541560303,0.20529606428326444,0.35
120,queue_stress,2,False,2,39,qpu_A,0.030647428771758925,0,0.030647428771758925,0.19873256730674438,0.35
120,queue_stress,2,False,2,40,qpu_A,0.0,0,0.0,0.22318218641197746,0.35
120,queue_stress,2,False,2,41,qpu_A,1.0,1,0.06846506302782733,1.527182870544312,0.35
120,queue_stress,2,False,2,42,qpu_A,1.0,1,0.0,2.25626714762464,0.35
120,queue_stress,2,False,2,43,qpu_A,0.0,0,0.0,0.2195244555743537,0.35
120,queue_stress,2,False,2,44,qpu_A,1.0,1,0.0,1.8167703535715356,0.35
120,queue_stress,2,False,2,45,qpu_A,0.0,0,0.0,0.22053559164449746,0.35
120,queue_stress,2,False,2,46,qpu_A,0.3661384783533855,0,0.3661384783533855,0.21122428645388294,0.35
120,queue_stress,2,False,2,47,qpu_A,0.00770851541560303,0,0.00770851541560303,0.21071856841858663,0.35
120,queue_stress,2,False,2,48,qpu_A,0.0,0,0.0,0.199898557952201,0.35
120,queue_stress,2,False,2,49,qpu_A,1.0,1,0.030647428771758925,0.7366720510391562,0.35
120,queue_stress,2,False,2,50,qpu_A,1.0,1,0.022938913356155895,1.0309081775419084,0.35
120,queue_stress,2,False,2,51,qpu_A,0.0,0,0.0,0.2230553579297211,0.35
120,queue_stress,2,False,2,52,qpu_A,1.0,1,0.0,1.953191910512533,0.35
120,queue_stress,2,False,2,53,qpu_A,1.0,1,0.0,1.3658921748313,0.35
120,queue_stress,2,False,2,54,qpu_A,0.0,0,0.0,0.19898833210050418,0.35
120,queue_stress,2,False,2,55,qpu_A,1.0,1,0.022938913356155895,2.3041473797064764,0.35
120,queue_stress,2,False,2,56,qpu_A,1.0,1,0.00770851541560303,2.4858238138847017,0.35
120,queue_stress,2,False,2,57,qpu_A,0.0,0,0.0,0.20310460144805106,0.35
120,queue_stress,2,False,2,58,qpu_A,1.0,1,0.030647428771758925,1.5710068913802706,0.35
120,queue_stress,2,False,2,59,qpu_A,1.0,1,0.06846506302782733,3.1145159446021387,0.35
120,queue_stress,2,False,2,60,qpu_A,0.00770851541560303,0,0.00770851541560303,0.1910057907214979,0.35
120,queue_stress,2,False,2,61,qpu_A,1.0,1,0.00770851541560303,1.238744524160071,0.35
120,queue_stress,2,False,2,62,qpu_A,0.0,0,0.0,0.20701421188654132,0.35
120,queue_stress,2,False,2,63,qpu_A,0.022938913356155895,0,0.022938913356155895,0.21311115852066867,0.35
120,queue_stress,2,False,2,64,qpu_A,0.08005980985626623,0,0.08005980985626623,0.19751255683577526,0.35
120,queue_stress,2,False,2,65,qpu_A,1.0,1,0.07667285363132327,2.1565407504900502,0.35
120,queue_stress,2,False,2,66,qpu_A,0.0,0,0.0,0.20138143250650317,0.35
120,queue_stress,2,False,2,67,qpu_A,1.0,1,0.00770851541560303,2.500445734598301,0.35
120,queue_stress,2,False,2,68,qpu_A,0.0,0,0.0,0.20113792339452655,0.35
120,queue_stress,2,False,2,69,qpu_A,1.0,1,0.0,2.3775023882251185,0.35
120,queue_stress,2,False,2,70,qpu_A,0.06846506302782733,0,0.06846506302782733,0.20252774074322621,0.35
120,queue_stress,2,False,2,71,qpu_A,0.00770851541560303,0,0.00770851541560303,0.21214620962499978,0.35
120,queue_stress,2,False,2,72,qpu_A,0.0,0,0.0,0.2027364063492965,0.35
120,queue_stress,2,False,2,73,qpu_A,1.0,1,0.0,1.7495985189506538,0.35
120,queue_stress,2,False,2,74,qpu_A,0.06846506302782733,0,0.06846506302782733,0.2105027964754041,0.35
120,queue_stress,2,False,2,75,qpu_A,0.1781676152188882,0,0.1781676152188882,0.20957573179969657,0.35
120,queue_stress,2,False,2,76,qpu_A,0.06846506302782733,0,0.06846506302782733,0.20989708688495165,0.35
120,queue_stress,2,False,2,77,qpu_A,0.0,0,0.0,0.22802789691674133,0.35
120,queue_stress,2,False,2,78,qpu_A,1.0,1,0.0,1.6421364621010244,0.35
120,queue_stress,2,False,2,79,qpu_A,0.08005980985626623,0,0.08005980985626623,0.2203605046169462,0.35
120,queue_stress,2,False,2,80,qpu_A,0.0,0,0.0,0.19500359637203102,0.35
120,queue_stress,2,False,2,81,qpu_A,1.0,1,0.00770851541560303,2.6952363615893473,0.35
120,queue_stress,2,False,2,82,qpu_A,1.0,1,0.030647428771758925,1.2450500964578017,0.35
120,queue_stress,2,False,2,83,qpu_A,0.0,0,0.0,0.1999614955679071,0.35
120,queue_stress,2,False,2,84,qpu_A,0.0,0,0.0,0.2115589508325366,0.35
120,queue_stress,2,False,2,85,qpu_A,1.0,1,0.0,1.4497940064779655,0.35
120,queue_stress,2,False,2,86,qpu_A,0.0,0,0.0,0.21526808959102198,0.35
120,queue_stress,2,False,2,87,qpu_A,0.022938913356155895,0,0.022938913356155895,0.21318327083462887,0.35
120,queue_stress,2,False,2,88,qpu_A,1.0,1,0.0,2.2036577017086776,0.35
120,queue_stress,2,False,2,89,qpu_A,1.0,1,0.00770851541560303,1.173634803758149,0.35
120,queue_stress,2,False,2,90,qpu_A,1.0,1,0.0,1.3339228637408596,0.35
120,queue_stress,2,False,2,91,qpu_A,0.0,0,0.0,0.21503007315522987,0.35
120,queue_stress,2,False,2,92,qpu_A,0.06846506302782733,0,0.06846506302782733,0.19716322468821834,0.35
120,queue_stress,2,False,2,93,qpu_A,0.030647428771758925,0,0.030647428771758925,0.20060892028832722,0.35
120,queue_stress,2,False,2,94,qpu_A,1.0,1,0.0,1.172329030912151,0.35
120,queue_stress,2,False,2,95,qpu_A,0.0,0,0.0,0.20158523492173616,0.35
120,queue_stress,2,False,2,96,qpu_A,0.0,0,0.0,0.22752426025094663,0.35
120,queue_stress,2,False,2,97,qpu_A,1.0,1,0.022938913356155895,1.189904798643976,0.35
120,queue_stress,2,False,2,98,qpu_A,1.0,1,0.0,2.362342935582699,0.35
120,queue_stress,2,False,2,99,qpu_A,1.0,1,0.0,1.4676830555528924,0.35
120,queue_stress,2,False,3,0,qpu_A,1.0,1,0.1781676152188882,1.275476356644129,0.35
120,queue_stress,2,False,3,1,qpu_A,0.00770851541560303,0,0.00770851541560303,0.15614351312588753,0.35
120,queue_stress,2,False,3,2,qpu_A,0.0,0,0.0,0.13765646236369627,0.35
120,queue_stress,2,False,3,3,qpu_A,1.0,1,0.3873128794215912,0.14183549593514527,0.35
120,queue_stress,2,False,3,4,qpu_A,0.06846506302782733,0,0.06846506302782733,0.14887292240664488,0.35
120,queue_stress,2,False,3,5,qpu_A,0.0,0,0.0,0.1391256985639565,0.35
120,queue_stress,2,False,3,6,qpu_A,0.030647428771758925,0,0.030647428771758925,0.16009562344054623,0.35
120,queue_stress,2,False,3,7,qpu_A,1.0,1,0.08776832527186926,1.2652409559175042,0.35
120,queue_stress,2,False,3,8,qpu_A,0.00770851541560303,0,0.00770851541560303,0.14384578014847438,0.35
120,queue_stress,2,False,3,9,qpu_A,0.1781676152188882,0,0.1781676152188882,0.13580378286439732,0.35
120,queue_stress,2,False,3,10,qpu_A,0.00770851541560303,0,0.00770851541560303,0.1333478191635173,0.35
120,queue_stress,2,False,3,11,qpu_A,0.08005980985626623,0,0.08005980985626623,0.14411251645271136,0.35
120,queue_stress,2,False,3,12,qpu_A,0.0,0,0.0,0.1706461702594795,0.35
120,queue_stress,2,False,3,13,qpu_A,1.0,1,0.3873128794215912,0.15106505149721977,0.35
120,queue_stress,2,False,3,14,qpu_A,0.1781676152188882,0,0.1781676152188882,0.14590357565445994,0.35
120,queue_stress,2,False,3,15,qpu_A,0.0,0,0.0,0.14533862143256526,0.35
120,queue_stress,2,False,3,16,qpu_A,1.0,1,0.09964265908238187,1.3125461248983177,0.35
120,queue_stress,2,False,3,17,qpu_A,1.0,1,0.00770851541560303,0.7929744687100885,0.35
120,queue_stress,2,False,3,18,qpu_A,1.0,1,0.00770851541560303,0.8988189960085388,0.35
120,queue_stress,2,False,3,19,qpu_A,1.0,1,0.12258157243853758,0.9817747677447348,0.35
120,queue_stress,2,False,3,20,qpu_A,0.0,0,0.0,0.15291584714319434,0.35
120,queue_stress,2,False,3,21,qpu_A,1.0,1,0.00770851541560303,1.041513663130046,0.35
120,queue_stress,2,False,3,22,qpu_A,0.0,0,0.0,0.13612927882757409,0.35
120,queue_stress,2,False,3,23,qpu_A,1.0,1,0.08005980985626623,0.7189637980434693,0.35
120,queue_stress,2,False,3,24,qpu_A,1.0,1,0.0,1.186039610289275,0.35
120,queue_stress,2,False,3,25,qpu_A,1.0,1,0.022938913356155895,0.718309505744837,0.35
120,queue_stress,2,False,3,26,qpu_A,1.0,1,0.030647428771758925,1.2691050869857432,0.35
120,queue_stress,2,False,3,27,qpu_A,0.06846506302782733,0,0.06846506302782733,0.14262626289994818,0.35
120,queue_stress,2,False,3,28,qpu_A,1.0,1,0.1781676152188882,1.1039467360642243,0.35
120,queue_stress,2,False,3,29,qpu_A,1.0,1,0.12258157243853758,1.0559028126687904,0.35
120,queue_stress,2,False,3,30,qpu_A,1.0,1,0.030647428771758925,1.1927663856509585,0.35
120,queue_stress,2,False,3,31,qpu_A,0.0,0,0.0,0.1514524846754527,0.35
120,queue_stress,2,False,3,32,qpu_A,0.00770851541560303,0,0.00770851541560303,0.1362522395305586,0.35
120,queue_stress,2,False,3,33,qpu_A,1.0,1,0.1781676152188882,1.652955586761415,0.35
120,queue_stress,2,False,3,34,qpu_A,1.0,1,0.12258157243853758,1.0796230614023647,0.35
120,queue_stress,2,False,3,35,qpu_A,0.022938913356155895,0,0.022938913356155895,0.14481173932662622,0.35
120,queue_stress,2,False,3,36,qpu_A,1.0,1,0.09964265908238187,0.16164922919896815,0.35
120,queue_stress,2,False,3,37,qpu_A,1.0,1,0.3661384783533855,1.236589928552427,0.35
120,queue_stress,2,False,3,38,qpu_A,1.0,1,0.09964265908238187,0.1396746499665219,0.35
120,queue_stress,2,False,3,39,qpu_A,0.030647428771758925,0,0.030647428771758925,0.13387647283242696,0.35
120,queue_stress,2,False,3,40,qpu_A,1.0,1,0.12258157243853758,0.1448778632111769,0.35
120,queue_stress,2,False,3,41,qpu_A,1.0,1,0.1781676152188882,0.8174819624116133,0.35
120,queue_stress,2,False,3,42,qpu_A,1.0,1,0.5508902904339003,1.649610870918078,0.35
120,queue_stress,2,False,3,43,qpu_A,0.08005980985626623,0,0.08005980985626623,0.1414194611706868,0.35
120,queue_stress,2,False,3,44,qpu_A,1.0,1,0.00770851541560303,1.4329446605820015,0.35
120,queue_stress,2,False,3,45,qpu_A,0.0,0,0.0,0.14574014211648026,0.35
120,queue_stress,2,False,3,46,qpu_A,0.06846506302782733,0,0.06846506302782733,0.1469142045235136,0.35
120,queue_stress,2,False,3,47,qpu_A,0.022938913356155895,0,0.022938913356155895,0.16864628834291628,0.35
120,queue_stress,2,False,3,48,qpu_A,1.0,1,0.09964265908238187,0.15643438386737654,0.35
120,queue_stress,2,False,3,49,qpu_A,1.0,1,0.7144738239877171,1.2104686901583044,0.35
120,queue_stress,2,False,3,50,qpu_A,1.0,1,0.0,1.0188779973472983,0.35
120,queue_stress,2,False,3,51,qpu_A,0.0,0,0.0,0.13933435953545284,0.35
120,queue_stress,2,False,3,52,qpu_A,1.0,1,0.0,0.8560576490908309,0.35
120,queue_stress,2,False,3,53,qpu_A,1.0,1,0.014436959281245158,1.1106793904274568,0.35
120,queue_stress,2,False,3,54,qpu_A,0.0,0,0.0,0.1458125085326986,0.35
120,queue_stress,2,False,3,55,qpu_A,1.0,1,0.022938913356155895,0.9199837455773582,0.35
120,queue_stress,2,False,3,56,qpu_A,1.0,1,0.0,1.7197113073747796,0.35
120,queue_stress,2,False,3,57,qpu_A,1.0,1,0.2969135894745723,0.13989442577459849,0.35
120,queue_stress,2,False,3,58,qpu_A,1.0,1,0.00770851541560303,0.8468004033689379,0.35
120,queue_stress,2,False,3,59,qpu_A,1.0,1,0.2969135894745723,1.3914206956001907,0.35
120,queue_stress,2,False,3,60,qpu_A,0.08005980985626623,0,0.08005980985626623,0.13537039371828752,0.35
120,queue_stress,2,False,3,61,qpu_A,1.0,1,0.49490229894370485,1.5761826703445807,0.35
120,queue_stress,2,False,3,62,qpu_A,0.00770851541560303,0,0.00770851541560303,0.16259852579131226,0.35
120,queue_stress,2,False,3,63,qpu_A,1.0,1,0.7378036321622315,0.12945736552720155,0.35
120,queue_stress,2,False,3,64,qpu_A,0.08005980985626623,0,0.08005980985626623,0.13527082842085136,0.35
120,queue_stress,2,False,3,65,qpu_A,1.0,1,0.00770851541560303,2.821088555323178,0.35
120,queue_stress,2,False,3,66,qpu_A,0.0,0,0.0,0.15119018299317943,0.35
120,queue_stress,2,False,3,67,qpu_A,1.0,1,0.030647428771758925,1.765103132894514,0.35
120,queue_stress,2,False,3,68,qpu_A,0.00770851541560303,0,0.00770851541560303,0.14037202066073023,0.35
120,queue_stress,2,False,3,69,qpu_A,1.0,1,0.2011065285750439,2.102035935696119,0.35
120,queue_stress,2,False,3,70,qpu_A,0.1781676152188882,0,0.1781676152188882,0.13441662124855866,0.35
120,queue_stress,2,False,3,71,qpu_A,0.022938913356155895,0,0.022938913356155895,0.13461543751862276,0.35
120,queue_stress,2,False,3,72,qpu_A,0.1781676152188882,0,0.1781676152188882,0.15539415965131334,0.35
120,queue_stress,2,False,3,73,qpu_A,1.0,1,0.09964265908238187,1.592772521807995,0.35
120,queue_stress,2,False,3,74,qpu_A,0.0,0,0.0,0.15312172070936186,0.35
120,queue_stress,2,False,3,75,qpu_A,0.0,0,0.0,0.16017079159748704,0.35
120,queue_stress,2,False,3,76,qpu_A,1.0,1,0.3198525028307282,0.14036523943940504,0.35
120,queue_stress,2,False,3,77,qpu_A,0.06846506302782733,0,0.06846506302782733,0.12960541142548396,0.35
120,queue_stress,2,False,3,78,qpu_A,1.0,1,0.2011065285750439,1.340835383838626,0.35
120,queue_stress,2,False,3,79,qpu_A,1.0,1,0.31214398741512517,0.13189834104352346,0.35
120,queue_stress,2,False,3,80,qpu_A,0.1781676152188882,0,0.1781676152188882,0.1600443917237054,0.35
120,queue_stress,2,False,3,81,qpu_A,1.0,1,0.2805253825192938,1.1775855089945562,0.35
120,queue_stress,2,False,3,82,qpu_A,1.0,1,0.00770851541560303,1.9669876524639254,0.35
120,queue_stress,2,False,3,83,qpu_A,1.0,1,0.7144738239877171,0.16639269259543907,0.35
120,queue_stress,2,False,3,84,qpu_A,1.0,1,0.2892050740589693,0.14371886318035557,0.35
120,queue_stress,2,False,3,85,qpu_A,1.0,1,0.06846506302782733,1.4415581785056808,0.35
120,queue_stress,2,False,3,86,qpu_A,0.00770851541560303,0,0.00770851541560303,0.14379790145368393,0.35
120,queue_stress,2,False,3,87,qpu_A,0.00770851541560303,0,0.00770851541560303,0.1380444967634788,0.35
120,queue_stress,2,False,3,88,qpu_A,1.0,1,0.022938913356155895,1.2604297596370764,0.35
120,queue_stress,2,False,3,89,qpu_A,1.0,1,0.06846506302782733,1.4140648331995622,0.35
120,queue_stress,2,False,3,90,qpu_A,1.0,1,0.0,1.0649247369269401,0.35
120,queue_stress,2,False,3,91,qpu_A,0.0,0,0.0,0.1459282559722507,0.35
120,queue_stress,2,False,3,92,qpu_A,0.00770851541560303,0,0.00770851541560303,0.14744174357890658,0.35
120,queue_stress,2,False,3,93,qpu_A,0.00770851541560303,0,0.00770851541560303,0.15547667304570045,0.35
120,queue_stress,2,False,3,94,qpu_A,1.0,1,0.0,1.3260113929492297,0.35
120,queue_stress,2,False,3,95,qpu_A,0.0,0,0.0,0.13213477543279414,0.35
120,queue_stress,2,False,3,96,qpu_A,0.0,0,0.0,0.13368148762458978,0.35
120,queue_stress,2,False,3,97,qpu_A,1.0,1,0.022938913356155895,1.5093234064272212,0.35
120,queue_stress,2,False,3,98,qpu_A,1.0,1,0.12258157243853758,1.3996011604100798,0.35
120,queue_stress,2,False,3,99,qpu_A,1.0,1,0.12258157243853758,1.2928071020718963,0.35
120,queue_stress,2,False,4,0,qpu_B,0.00770851541560303,0,0.00770851541560303,0.2136779004339961,0.35
120,queue_stress,2,False,4,1,qpu_B,1.0,1,0.0,1.3822528036419996,0.35
120,queue_stress,2,False,4,2,qpu_B,0.08776832527186926,0,0.08776832527186926,0.2020741164927353,0.35
120,queue_stress,2,False,4,3,qpu_B,1.0,1,0.00770851541560303,0.8420504995340061,0.35
120,queue_stress,2,False,4,4,qpu_B,0.022938913356155895,0,0.022938913356155895,0.20228245852079857,0.35
120,queue_stress,2,False,4,5,qpu_B,1.0,1,0.00770851541560303,1.2162684527441472,0.35
120,queue_stress,2,False,4,6,qpu_B,0.00770851541560303,0,0.00770851541560303,0.20195676242979924,0.35
120,queue_stress,2,False,4,7,qpu_B,0.0,0,0.0,0.2036508828804312,0.35
120,queue_stress,2,False,4,8,qpu_B,0.00770851541560303,0,0.00770851541560303,0.2036836677266056,0.35
120,queue_stress,2,False,4,9,qpu_B,0.0,0,0.0,0.20091123716957626,0.35
120,queue_stress,2,False,4,10,qpu_B,0.0,0,0.0,0.2084690987526688,0.35
120,queue_stress,2,False,4,11,qpu_B,1.0,1,0.0,1.3880216358635349,0.35
120,queue_stress,2,False,4,12,qpu_B,0.0,0,0.0,0.2010840812858732,0.35
120,queue_stress,2,False,4,13,qpu_B,0.00770851541560303,0,0.00770851541560303,0.21068763935496318,0.35
120,queue_stress,2,False,4,14,qpu_B,0.00770851541560303,0,0.00770851541560303,0.2055156327366763,0.35
120,queue_stress,2,False,4,15,qpu_B,0.00770851541560303,0,0.00770851541560303,0.20889993227481155,0.35
120,queue_stress,2,False,4,16,qpu_B,0.06846506302782733,0,0.06846506302782733,0.20505914802049413,0.35
120,queue_stress,2,False,4,17,qpu_B,0.06846506302782733,0,0.06846506302782733,0.20259485946809958,0.35
120,queue_stress,2,False,4,18,qpu_B,0.0,0,0.0,0.20921521271605978,0.35
120,queue_stress,2,False,4,19,qpu_B,0.022938913356155895,0,0.022938913356155895,0.2041126270454673,0.35
120,queue_stress,2,False,4,20,qpu_B,0.00770851541560303,0,0.00770851541560303,0.2027455288896782,0.35
120,queue_stress,2,False,4,21,qpu_B,0.0,0,0.0,0.20800532161370375,0.35
120,queue_stress,2,False,4,22,qpu_B,0.00770851541560303,0,0.00770851541560303,0.2021942765644226,0.35
120,queue_stress,2,False,4,23,qpu_B,1.0,1,0.00770851541560303,1.5803010274723643,0.35
120,queue_stress,2,False,4,24,qpu_B,0.0,0,0.0,0.20739678232571915,0.35
120,queue_stress,2,False,4,25,qpu_B,0.0,0,0.0,0.204134404643148,0.35
120,queue_stress,2,False,4,26,qpu_B,1.0,1,0.08005980985626623,0.666943194525858,0.35
120,queue_stress,2,False,4,27,qpu_B,0.08776832527186926,0,0.08776832527186926,0.21677758108440318,0.35
120,queue_stress,2,False,4,28,qpu_B,0.00770851541560303,0,0.00770851541560303,0.20593658596521744,0.35
120,queue_stress,2,False,4,29,qpu_B,0.0,0,0.0,0.21263145746636858,0.35
120,queue_stress,2,False,4,30,qpu_B,1.0,1,0.0,1.9089813701890472,0.35
120,queue_stress,2,False,4,31,qpu_B,0.00770851541560303,0,0.00770851541560303,0.20810513158267502,0.35
120,queue_stress,2,False,4,32,qpu_B,0.0,0,0.0,0.20141226027657624,0.35
120,queue_stress,2,False,4,33,qpu_B,0.0,0,0.0,0.2025363869467168,0.35
120,queue_stress,2,False,4,34,qpu_B,1.0,1,0.06846506302782733,1.2684784411032126,0.35
120,queue_stress,2,False,4,35,qpu_B,1.0,1,0.0,0.8813572658689364,0.35
120,queue_stress,2,False,4,36,qpu_B,0.0,0,0.0,0.20282724397375188,0.35
120,queue_stress,2,False,4,37,qpu_B,0.00770851541560303,0,0.00770851541560303,0.20446279080630783,0.35
120,queue_stress,2,False,4,38,qpu_B,0.08776832527186926,0,0.08776832527186926,0.20526128038435512,0.35
120,queue_stress,2,False,4,39,qpu_B,1.0,1,0.0,1.0041524959076586,0.35
120,queue_stress,2,False,4,40,qpu_B,0.0,0,0.0,0.20418946684808245,0.35
120,queue_stress,2,False,4,41,qpu_B,0.022938913356155895,0,0.022938913356155895,0.21437332176560867,0.35
120,queue_stress,2,False,4,42,qpu_B,0.0,0,0.0,0.21493976680313526,0.35
120,queue_stress,2,False,4,43,qpu_B,1.0,1,0.0,1.1105474549456908,0.35
120,queue_stress,2,False,4,44,qpu_B,1.0,1,0.0,1.1557980248265487,0.35
120,queue_stress,2,False,4,45,qpu_B,0.06846506302782733,0,0.06846506302782733,0.21300533106175934,0.35
120,queue_stress,2,False,4,46,qpu_B,1.0,1,0.00770851541560303,1.372107460495612,0.35
120,queue_stress,2,False,4,47,qpu_B,0.0,0,0.0,0.20293625733265563,0.35
120,queue_stress,2,False,4,48,qpu_B,0.0,0,0.0,0.199400797239202,0.35
120,queue_stress,2,False,4,49,qpu_B,0.0,0,0.0,0.21084646612903965,0.35
120,queue_stress,2,False,4,50,qpu_B,0.0,0,0.0,0.20333195937930135,0.35
120,queue_stress,2,False,4,51,qpu_B,0.022938913356155895,0,0.022938913356155895,0.19623804694080882,0.35
120,queue_stress,2,False,4,52,qpu_B,0.00770851541560303,0,0.00770851541560303,0.21963790840675212,0.35
120,queue_stress,2,False,4,53,qpu_B,0.06846506302782733,0,0.06846506302782733,0.21230061774345527,0.35
120,queue_stress,2,False,4,54,qpu_B,0.06846506302782733,0,0.06846506302782733,0.2031016164293634,0.35
120,queue_stress,2,False,4,55,qpu_B,0.00770851541560303,0,0.00770851541560303,0.2057560632493511,0.35
120,queue_stress,2,False,4,56,qpu_B,0.0,0,0.0,0.20518940061901025,0.35
120,queue_stress,2,False,4,57,qpu_B,0.00770851541560303,0,0.00770851541560303,0.20809381332443122,0.35
120,queue_stress,2,False,4,58,qpu_B,0.0,0,0.0,0.20778790268889877,0.35
120,queue_stress,2,False,4,59,qpu_B,0.0,0,0.0,0.21739498528309223,0.35
120,queue_stress,2,False,4,60,qpu_B,1.0,1,0.0,1.0937400581896097,0.35
120,queue_stress,2,False,4,61,qpu_B,1.0,1,0.0,1.4177500404140004,0.35
120,queue_stress,2,False,4,62,qpu_B,1.0,1,0.00770851541560303,1.5743905889905945,0.35
120,queue_stress,2,False,4,63,qpu_B,0.022938913356155895,0,0.022938913356155895,0.20088043414961496,0.35
120,queue_stress,2,False,4,64,qpu_B,0.00770851541560303,0,0.00770851541560303,0.2167600040974473,0.35
120,queue_stress,2,False,4,65,qpu_B,1.0,1,0.0,1.0597851236237519,0.35
120,queue_stress,2,False,4,66,qpu_B,0.00770851541560303,0,0.00770851541560303,0.2135901948354734,0.35
120,queue_stress,2,False,4,67,qpu_B,0.0,0,0.0,0.21285435093869312,0.35
120,queue_stress,2,False,4,68,qpu_B,1.0,1,0.022938913356155895,1.632285701894735,0.35
120,queue_stress,2,False,4,69,qpu_B,1.0,1,0.00770851541560303,1.1535581709386065,0.35
120,queue_stress,2,False,4,70,qpu_B,0.06846506302782733,0,0.06846506302782733,0.20171700228153625,0.35
120,queue_stress,2,False,4,71,qpu_B,0.0,0,0.0,0.20912694441192342,0.35
120,queue_stress,2,False,4,72,qpu_B,0.0,0,0.0,0.20530971947998858,0.35
120,queue_stress,2,False,4,73,qpu_B,1.0,1,0.00770851541560303,1.071214552906572,0.35
120,queue_stress,2,False,4,74,qpu_B,0.030647428771758925,0,0.030647428771758925,0.21627546421281316,0.35
120,queue_stress,2,False,4,75,qpu_B,0.022938913356155895,0,0.022938913356155895,0.20536141342739078,0.35
120,queue_stress,2,False,4,76,qpu_B,0.0,0,0.0,0.20544182470267172,0.35
120,queue_stress,2,False,4,77,qpu_B,1.0,1,0.030647428771758925,1.4936821778359175,0.35
120,queue_stress,2,False,4,78,qpu_B,0.00770851541560303,0,0.00770851541560303,0.20674166858162407,0.35
120,queue_stress,2,False,4,79,qpu_B,0.0,0,0.0,0.2023380288873123,0.35
120,queue_stress,2,False,4,80,qpu_B,0.0,0,0.0,0.19948955131921617,0.35
120,queue_stress,2,False,4,81,qpu_B,0.030647428771758925,0,0.030647428771758925,0.21424738757238806,0.35
120,queue_stress,2,False,4,82,qpu_B,1.0,1,0.022938913356155895,1.059565808374766,0.35
120,queue_stress,2,False,4,83,qpu_B,0.030647428771758925,0,0.030647428771758925,0.2029509613994174,0.35
120,queue_stress,2,False,4,84,qpu_B,0.0,0,0.0,0.2076758722279321,0.35
120,queue_stress,2,False,4,85,qpu_B,0.00770851541560303,0,0.00770851541560303,0.2096422305534849,0.35
120,queue_stress,2,False,4,86,qpu_B,1.0,1,0.0,1.409526570711224,0.35
120,queue_stress,2,False,4,87,qpu_B,0.030647428771758925,0,0.030647428771758925,0.20613212302470293,0.35
120,queue_stress,2,False,4,88,qpu_B,0.022938913356155895,0,0.022938913356155895,0.20976623513089354,0.35
120,queue_stress,2,False,4,89,qpu_B,0.0,0,0.0,0.20642471437257653,0.35
120,queue_stress,2,False,4,90,qpu_B,0.022938913356155895,0,0.022938913356155895,0.21187185857548407,0.35
120,queue_stress,2,False,4,91,qpu_B,0.0,0,0.0,0.2032998854086903,0.35
120,queue_stress,2,False,4,92,qpu_B,0.00770851541560303,0,0.00770851541560303,0.2082960365546261,0.35
120,queue_stress,2,False,4,93,qpu_B,0.0,0,0.0,0.20078142424924808,0.35
120,queue_stress,2,False,4,94,qpu_B,0.0,0,0.0,0.20502844275439874,0.35
120,queue_stress,2,False,4,95,qpu_B,0.0,0,0.0,0.20547698616139132,0.35
120,queue_stress,2,False,4,96,qpu_B,0.00770851541560303,0,0.00770851541560303,0.19977054535793276,0.35
120,queue_stress,2,False,4,97,qpu_B,0.06846506302782733,0,0.06846506302782733,0.21645615066895033,0.35
120,queue_stress,2,False,4,98,qpu_B,0.07667285363132327,0,0.07667285363132327,0.20146740970304727,0.35
120,queue_stress,2,False,4,99,qpu_B,0.00770851541560303,0,0.00770851541560303,0.20812358661569194,0.35
120,queue_stress,2,False,5,0,qpu_B,0.06846506302782733,0,0.06846506302782733,0.29500669960523296,0.35
120,queue_stress,2,False,5,1,qpu_B,1.0,1,0.030647428771758925,0.9073274167341757,0.35
120,queue_stress,2,False,5,2,qpu_B,1.0,1,0.09964265908238187,0.29181818701239454,0.35
120,queue_stress,2,False,5,3,qpu_B,1.0,1,0.3873128794215912,1.1510740780019324,0.35
120,queue_stress,2,False,5,4,qpu_B,1.0,1,0.2969135894745723,0.2998842393230885,0.35
120,queue_stress,2,False,5,5,qpu_B,1.0,1,0.28873317312278957,1.1967404937240103,0.35
120,queue_stress,2,False,5,6,qpu_B,1.0,1,0.6130099544950551,0.29880238436605344,0.35
120,queue_stress,2,False,5,7,qpu_B,0.0,0,0.0,0.28858750293301616,0.35
120,queue_stress,2,False,5,8,qpu_B,0.0,0,0.0,0.2965510132469007,0.35
120,queue_stress,2,False,5,9,qpu_B,1.0,1,0.3198525028307282,0.3069506910772166,0.35
120,queue_stress,2,False,5,10,qpu_B,1.0,1,0.783977093036554,0.2905633133970533,0.35
120,queue_stress,2,False,5,11,qpu_B,1.0,1,0.31214398741512517,1.2243675728049896,0.35
120,queue_stress,2,False,5,12,qpu_B,0.022938913356155895,0,0.022938913356155895,0.2968463932332299,0.35
120,queue_stress,2,False,5,13,qpu_B,1.0,1,0.09964265908238187,0.296573481445066,0.35
120,queue_stress,2,False,5,14,qpu_B,1.0,1,1.8064978301903847,0.2933164361287195,0.35
120,queue_stress,2,False,5,15,qpu_B,0.022938913356155895,0,0.022938913356155895,0.2951473418933508,0.35
120,queue_stress,2,False,5,16,qpu_B,0.1781676152188882,0,0.1781676152188882,0.2949360356800318,0.35
120,queue_stress,2,False,5,17,qpu_B,0.00770851541560303,0,0.00770851541560303,0.2910946938204243,0.35
120,queue_stress,2,False,5,18,qpu_B,0.07667285363132327,0,0.07667285363132327,0.29286238556463023,0.35
120,queue_stress,2,False,5,19,qpu_B,0.08005980985626623,0,0.08005980985626623,0.3015325684901806,0.35
120,queue_stress,2,False,5,20,qpu_B,1.0,1,0.09964265908238187,0.2893411516717108,0.35
120,queue_stress,2,False,5,21,qpu_B,1.0,1,0.12258157243853758,0.29481955899322254,0.35
120,queue_stress,2,False,5,22,qpu_B,1.0,1,0.014436959281245158,0.2987155606517119,0.35
120,queue_stress,2,False,5,23,qpu_B,1.0,1,0.09964265908238187,1.0361535068306134,0.35
120,queue_stress,2,False,5,24,qpu_B,1.0,1,0.09964265908238187,0.2850324875949145,0.35
120,queue_stress,2,False,5,25,qpu_B,1.0,1,0.5672535933843681,0.29491216207856424,0.35
120,queue_stress,2,False,5,26,qpu_B,1.0,1,1.8361405725251787,1.2663737696731807,0.35
120,queue_stress,2,False,5,27,qpu_B,1.0,1,0.09964265908238187,0.30676770365320494,0.35
120,queue_stress,2,False,5,28,qpu_B,1.0,1,0.3873128794215912,0.2931859350496709,0.35
120,queue_stress,2,False,5,29,qpu_B,1.0,1,0.12258157243853758,0.29284643668460547,0.35
120,queue_stress,2,False,5,30,qpu_B,1.0,1,0.08005980985626623,1.1964979912908436,0.35
120,queue_stress,2,False,5,31,qpu_B,1.0,1,0.09964265908238187,0.29319362410800076,0.35
120,queue_stress,2,False,5,32,qpu_B,0.1781676152188882,0,0.1781676152188882,0.2909017370194732,0.35
120,queue_stress,2,False,5,33,qpu_B,0.0,0,0.0,0.28975545361693067,0.35
120,queue_stress,2,False,5,34,qpu_B,1.0,1,0.09964265908238187,1.5334527263593623,0.35
120,queue_stress,2,False,5,35,qpu_B,1.0,1,0.0,1.6159306797526916,0.35
120,queue_stress,2,False,5,36,qpu_B,1.0,1,0.2969135894745723,0.28648647946057637,0.35
120,queue_stress,2,False,5,37,qpu_B,0.00770851541560303,0,0.00770851541560303,0.31001276934392386,0.35
120,queue_stress,2,False,5,38,qpu_B,1.0,1,0.3039025840033074,0.2885476225864171,0.35
120,queue_stress,2,False,5,39,qpu_B,1.0,1,0.41025179277774715,1.1228598650791894,0.35
120,queue_stress,2,False,5,40,qpu_B,1.0,1,0.6130099544950551,0.29008099566198986,0.35
120,queue_stress,2,False,5,41,qpu_B,1.0,1,1.562024033133805,0.29816719069623343,0.35
120,queue_stress,2,False,5,42,qpu_B,1.0,1,0.741517614169868,0.29414172392692695,0.35
120,queue_stress,2,False,5,43,qpu_B,1.0,1,0.3873128794215912,1.0694907615464986,0.35
120,queue_stress,2,False,5,44,qpu_B,1.0,1,0.3873128794215912,1.412798145361298,0.35
120,queue_stress,2,False,5,45,qpu_B,0.030647428771758925,0,0.030647428771758925,0.29500019097278635,0.35
120,queue_stress,2,False,5,46,qpu_B,1.0,1,1.8361405725251787,1.0159601719906197,0.35
120,queue_stress,2,False,5,47,qpu_B,1.0,1,0.3198525028307282,0.2898135549285376,0.35
120,queue_stress,2,False,5,48,qpu_B,1.0,1,0.3873128794215912,0.2921331735399423,0.35
120,queue_stress,2,False,5,49,qpu_B,1.0,1,0.09964265908238187,0.29467202918981533,0.35
120,queue_stress,2,False,5,50,qpu_B,1.0,1,0.09964265908238187,0.28785066177780444,0.35
120,queue_stress,2,False,5,51,qpu_B,1.0,1,0.6574413289260497,0.29925531757649837,0.35
120,queue_stress,2,False,5,52,qpu_B,0.1781676152188882,0,0.1781676152188882,0.29960428173354675,0.35
120,queue_stress,2,False,5,53,qpu_B,1.0,1,0.09964265908238187,0.300493864086415,0.35
120,queue_stress,2,False,5,54,qpu_B,1.0,1,0.09964265908238187,0.2897622573056223,0.35
120,queue_stress,2,False,5,55,qpu_B,0.1781676152188882,0,0.1781676152188882,0.2973202063134869,0.35
120,queue_stress,2,False,5,56,qpu_B,0.022938913356155895,0,0.022938913356155895,0.29865679539209466,0.35
120,queue_stress,2,False,5,57,qpu_B,0.2011065285750439,0,0.2011065285750439,0.29293392065258184,0.35
120,queue_stress,2,False,5,58,qpu_B,0.00770851541560303,0,0.00770851541560303,0.32052469579653775,0.35
120,queue_stress,2,False,5,59,qpu_B,0.00770851541560303,0,0.00770851541560303,0.3311021916433484,0.35
120,queue_stress,2,False,5,60,qpu_B,1.0,1,0.09964265908238187,1.182977400371134,0.35
120,queue_stress,2,False,5,61,qpu_B,1.0,1,0.2892050740589693,1.438471684474124,0.35
120,queue_stress,2,False,5,62,qpu_B,1.0,1,1.2720814399317055,1.387208938599956,0.35
120,queue_stress,2,False,5,63,qpu_B,1.0,1,0.6130099544950551,0.3030269967143312,0.35
120,queue_stress,2,False,5,64,qpu_B,1.0,1,0.687489510423286,0.3061627330255893,0.35
120,queue_stress,2,False,5,65,qpu_B,1.0,1,1.1952785981900926,1.6586928745063616,0.35
120,queue_stress,2,False,5,66,qpu_B,1.0,1,0.09964265908238187,0.2918281755254036,0.35
120,queue_stress,2,False,5,67,qpu_B,0.0,0,0.0,0.2951186992222925,0.35
120,queue_stress,2,False,5,68,qpu_B,1.0,1,0.030647428771758925,1.2213988943049947,0.35
120,queue_stress,2,False,5,69,qpu_B,1.0,1,0.09964265908238187,1.1132589848091148,0.35
120,queue_stress,2,False,5,70,qpu_B,0.08005980985626623,0,0.08005980985626623,0.2890024754156446,0.35
120,queue_stress,2,False,5,71,qpu_B,0.030647428771758925,0,0.030647428771758925,0.2900259235985516,0.35
120,queue_stress,2,False,5,72,qpu_B,1.0,1,0.09964265908238187,0.3003594553316467,0.35
120,queue_stress,2,False,5,73,qpu_B,1.0,1,0.12258157243853758,0.800139325959386,0.35
120,queue_stress,2,False,5,74,qpu_B,0.1781676152188882,0,0.1781676152188882,0.30595455441668074,0.35
120,queue_stress,2,False,5,75,qpu_B,1.0,1,1.8361405725251787,0.2887702927742888,0.35
120,queue_stress,2,False,5,76,qpu_B,0.00770851541560303,0,0.00770851541560303,0.3093738497287446,0.35
120,queue_stress,2,False,5,77,qpu_B,1.0,1,0.00770851541560303,1.4883801866567357,0.35
120,queue_stress,2,False,5,78,qpu_B,0.1781676152188882,0,0.1781676152188882,0.2935134458931371,0.35
120,queue_stress,2,False,5,79,qpu_B,0.08005980985626623,0,0.08005980985626623,0.29037463478139874,0.35
120,queue_stress,2,False,5,80,qpu_B,0.1781676152188882,0,0.1781676152188882,0.2882725123513339,0.35
120,queue_stress,2,False,5,81,qpu_B,1.0,1,0.3039025840033074,0.29222423087499216,0.35
120,queue_stress,2,False,5,82,qpu_B,1.0,1,0.00770851541560303,1.508539821847633,0.35
120,queue_stress,2,False,5,83,qpu_B,0.00770851541560303,0,0.00770851541560303,0.2879566735392465,0.35
120,queue_stress,2,False,5,84,qpu_B,0.0,0,0.0,0.2924138550651246,0.35
120,queue_stress,2,False,5,85,qpu_B,1.0,1,0.41025179277774715,0.29686168250018297,0.35
120,queue_stress,2,False,5,86,qpu_B,1.0,1,0.0,1.502527159664043,0.35
120,queue_stress,2,False,5,87,qpu_B,0.1781676152188882,0,0.1781676152188882,0.2945670491896901,0.35
120,queue_stress,2,False,5,88,qpu_B,1.0,1,0.5989692822076026,0.2906863145852189,0.35
120,queue_stress,2,False,5,89,qpu_B,1.0,1,0.014436959281245158,0.30373047854751456,0.35
120,queue_stress,2,False,5,90,qpu_B,0.06846506302782733,0,0.06846506302782733,0.28900503745313805,0.35
120,queue_stress,2,False,5,91,qpu_B,0.00770851541560303,0,0.00770851541560303,0.2948090233280608,0.35
120,queue_stress,2,False,5,92,qpu_B,1.0,1,0.3873128794215912,0.30580525256785596,0.35
120,queue_stress,2,False,5,93,qpu_B,1.0,1,0.09964265908238187,0.2884051798602881,0.35
120,queue_stress,2,False,5,94,qpu_B,0.06846506302782733,0,0.06846506302782733,0.2917228511430138,0.35
120,queue_stress,2,False,5,95,qpu_B,0.06846506302782733,0,0.06846506302782733,0.29197706217212727,0.35
120,queue_stress,2,False,5,96,qpu_B,1.0,1,1.742727082120546,0.30410838723084466,0.35
120,queue_stress,2,False,5,97,qpu_B,0.06846506302782733,0,0.06846506302782733,0.290432591388329,0.35
120,queue_stress,2,False,5,98,qpu_B,1.0,1,0.49490229894370485,0.2934269997798724,0.35
120,queue_stress,2,False,5,99,qpu_B,0.1781676152188882,0,0.1781676152188882,0.29138111889751167,0.35
