seed,regime,phase,shifted,candidate,draw,placement,action_loss,service_violation,quality_loss,delay_s,deadline_s
120,qpu_opportunity,1,False,0,0,classical,1.0,1,1.2003607738909847,0.00896582962013781,0.35
120,qpu_opportunity,1,False,0,1,classical,1.0,1,0.30339978702985887,0.008876454667188227,0.35
120,qpu_opportunity,1,False,0,2,classical,1.0,1,0.49490229894370485,0.008848544675856829,0.35
120,qpu_opportunity,1,False,0,3,classical,1.0,1,0.2969135894745723,0.008870624587871134,0.35
120,qpu_opportunity,1,False,0,4,classical,1.0,1,0.749725404773364,0.008854999905452132,0.35
120,qpu_opportunity,1,False,0,5,classical,1.0,1,0.3039025840033074,0.008809374994598329,0.35
120,qpu_opportunity,1,False,0,6,classical,0.07667285363132327,0,0.07667285363132327,0.008736875024624169,0.35
120,qpu_opportunity,1,False,0,7,classical,1.0,1,0.5189094723513364,0.008954795193858445,0.35
120,qpu_opportunity,1,False,0,8,classical,0.1781676152188882,0,0.1781676152188882,0.008685000357218087,0.35
120,qpu_opportunity,1,False,0,9,classical,0.022938913356155895,0,0.022938913356155895,0.008891044999472797,0.35
120,qpu_opportunity,1,False,0,10,classical,1.0,1,0.5672535933843681,0.008815000182949007,0.35
120,qpu_opportunity,1,False,0,11,classical,0.022938913356155895,0,0.022938913356155895,0.00848583469633013,0.35
120,qpu_opportunity,1,False,0,12,classical,0.022938913356155895,0,0.022938913356155895,0.008860834641382098,0.35
120,qpu_opportunity,1,False,0,13,classical,0.0,0,0.0,0.00879083527252078,0.35
120,qpu_opportunity,1,False,0,14,classical,0.022938913356155895,0,0.022938913356155895,0.008697709999978542,0.35
120,qpu_opportunity,1,False,0,15,classical,1.0,1,0.48719378352810183,0.008837500354275107,0.35
120,qpu_opportunity,1,False,0,16,classical,1.0,1,0.2969135894745723,0.00892708485480398,0.35
120,qpu_opportunity,1,False,0,17,classical,0.00770851541560303,0,0.00770851541560303,0.008720830082893372,0.35
120,qpu_opportunity,1,False,0,18,classical,0.030647428771758925,0,0.030647428771758925,0.008743539801798761,0.35
120,qpu_opportunity,1,False,0,19,classical,0.07667285363132327,0,0.07667285363132327,0.008524374570697546,0.35
120,qpu_opportunity,1,False,0,20,classical,0.3661384783533855,0,0.3661384783533855,0.008735420415177941,0.35
120,qpu_opportunity,1,False,0,21,classical,1.0,1,0.014436959281245158,0.008942079730331898,0.35
120,qpu_opportunity,1,False,0,22,classical,1.0,1,0.3198525028307282,0.008882084512151778,0.35
120,qpu_opportunity,1,False,0,23,classical,0.022938913356155895,0,0.022938913356155895,0.008553750230930746,0.35
120,qpu_opportunity,1,False,0,24,classical,1.0,1,0.014436959281245158,0.008838330395519733,0.35
120,qpu_opportunity,1,False,0,25,classical,0.08776832527186926,0,0.08776832527186926,0.008523540454916656,0.35
120,qpu_opportunity,1,False,0,26,classical,1.0,1,0.0062291686777490324,0.00901458493899554,0.35
120,qpu_opportunity,1,False,0,27,classical,0.0,0,0.0,0.008689375245012343,0.35
120,qpu_opportunity,1,False,0,28,classical,0.3661384783533855,0,0.3661384783533855,0.008731455309316516,0.35
120,qpu_opportunity,1,False,0,29,classical,0.030647428771758925,0,0.030647428771758925,0.008848749566823244,0.35
120,qpu_opportunity,1,False,0,30,classical,1.0,1,0.0062291686777490324,0.009115419816225767,0.35
120,qpu_opportunity,1,False,0,31,classical,0.1781676152188882,0,0.1781676152188882,0.00875187513884157,0.35
120,qpu_opportunity,1,False,0,32,classical,0.030647428771758925,0,0.030647428771758925,0.008588749915361404,0.35
120,qpu_opportunity,1,False,0,33,classical,0.06846506302782733,0,0.06846506302782733,0.008594165556132793,0.35
120,qpu_opportunity,1,False,0,34,classical,0.022938913356155895,0,0.022938913356155895,0.008597294799983501,0.35
120,qpu_opportunity,1,False,0,35,classical,0.08005980985626623,0,0.08005980985626623,0.008789374842308462,0.35
120,qpu_opportunity,1,False,0,36,classical,1.0,1,0.6343468302124198,0.008879585075192153,0.35
120,qpu_opportunity,1,False,0,37,classical,0.00770851541560303,0,0.00770851541560303,0.009042914607562125,0.35
120,qpu_opportunity,1,False,0,38,classical,1.0,1,0.41025179277774715,0.008895419887267053,0.35
120,qpu_opportunity,1,False,0,39,classical,0.0,0,0.0,0.008633125107735395,0.35
120,qpu_opportunity,1,False,0,40,classical,0.3661384783533855,0,0.3661384783533855,0.008467294974252582,0.35
120,qpu_opportunity,1,False,0,41,classical,0.0,0,0.0,0.008514164946973324,0.35
120,qpu_opportunity,1,False,0,42,classical,1.0,1,0.30339978702985887,0.008859999943524599,0.35
120,qpu_opportunity,1,False,0,43,classical,1.0,1,0.3198525028307282,0.00898437516298145,0.35
120,qpu_opportunity,1,False,0,44,classical,0.07667285363132327,0,0.07667285363132327,0.00871562515385449,0.35
120,qpu_opportunity,1,False,0,45,classical,0.08776832527186926,0,0.08776832527186926,0.008604375179857016,0.35
120,qpu_opportunity,1,False,0,46,classical,1.0,1,0.2892050740589693,0.008959585102275014,0.35
120,qpu_opportunity,1,False,0,47,classical,0.0,0,0.0,0.008474795031361282,0.35
120,qpu_opportunity,1,False,0,48,classical,0.07667285363132327,0,0.07667285363132327,0.008974585216492414,0.35
120,qpu_opportunity,1,False,0,49,classical,1.0,1,0.09964265908238187,0.0090254150563851,0.35
120,qpu_opportunity,1,False,0,50,classical,1.0,1,0.5738292037900561,0.008956664823926985,0.35
120,qpu_opportunity,1,False,0,51,classical,0.2011065285750439,0,0.2011065285750439,0.008739170152693987,0.35
120,qpu_opportunity,1,False,0,52,classical,0.00770851541560303,0,0.00770851541560303,0.008534169755876064,0.35
120,qpu_opportunity,1,False,0,53,classical,0.0,0,0.0,0.008693960262462497,0.35
120,qpu_opportunity,1,False,0,54,classical,0.08005980985626623,0,0.08005980985626623,0.008449165034107864,0.35
120,qpu_opportunity,1,False,0,55,classical,0.07667285363132327,0,0.07667285363132327,0.008800835348665714,0.35
120,qpu_opportunity,1,False,0,56,classical,0.0,0,0.0,0.00894687487743795,0.35
120,qpu_opportunity,1,False,0,57,classical,1.0,1,0.48719378352810183,0.00895791978109628,0.35
120,qpu_opportunity,1,False,0,58,classical,0.1781676152188882,0,0.1781676152188882,0.008591455407440662,0.35
120,qpu_opportunity,1,False,0,59,classical,1.0,1,0.9337730754650431,0.008898545056581497,0.35
120,qpu_opportunity,1,False,0,60,classical,0.0,0,0.0,0.008548335172235966,0.35
120,qpu_opportunity,1,False,0,61,classical,1.0,1,0.635948867851211,0.008967500180006027,0.35
120,qpu_opportunity,1,False,0,62,classical,0.00770851541560303,0,0.00770851541560303,0.008699999889358878,0.35
120,qpu_opportunity,1,False,0,63,classical,0.3661384783533855,0,0.3661384783533855,0.008825209806673229,0.35
120,qpu_opportunity,1,False,0,64,classical,0.08005980985626623,0,0.08005980985626623,0.009164790390059352,0.35
120,qpu_opportunity,1,False,0,65,classical,1.0,1,0.5508902904339003,0.00897896010428667,0.35
120,qpu_opportunity,1,False,0,66,classical,1.0,1,0.2969135894745723,0.00904937507584691,0.35
120,qpu_opportunity,1,False,0,67,classical,0.06846506302782733,0,0.06846506302782733,0.00903041975107044,0.35
120,qpu_opportunity,1,False,0,68,classical,0.022938913356155895,0,0.022938913356155895,0.008615415426902473,0.35
120,qpu_opportunity,1,False,0,69,classical,0.3661384783533855,0,0.3661384783533855,0.008999374695122242,0.35
120,qpu_opportunity,1,False,0,70,classical,1.0,1,0.31214398741512517,0.0090337498113513,0.35
120,qpu_opportunity,1,False,0,71,classical,1.0,1,0.2805253825192938,0.00904729007743299,0.35
120,qpu_opportunity,1,False,0,72,classical,1.0,1,0.0062291686777490324,0.009033124661073089,0.35
120,qpu_opportunity,1,False,0,73,classical,0.1781676152188882,0,0.1781676152188882,0.008529999759048223,0.35
120,qpu_opportunity,1,False,0,74,classical,0.08005980985626623,0,0.08005980985626623,0.008657500147819519,0.35
120,qpu_opportunity,1,False,0,75,classical,0.0,0,0.0,0.008953124633990228,0.35
120,qpu_opportunity,1,False,0,76,classical,0.2011065285750439,0,0.2011065285750439,0.008901670225895941,0.35
120,qpu_opportunity,1,False,0,77,classical,0.3661384783533855,0,0.3661384783533855,0.008516460075043142,0.35
120,qpu_opportunity,1,False,0,78,classical,1.0,1,0.12258157243853758,0.008984169689938426,0.35
120,qpu_opportunity,1,False,0,79,classical,0.0,0,0.0,0.008642920292913914,0.35
120,qpu_opportunity,1,False,0,80,classical,0.00770851541560303,0,0.00770851541560303,0.008776874747127295,0.35
120,qpu_opportunity,1,False,0,81,classical,1.0,1,0.09964265908238187,0.008980000275187194,0.35
120,qpu_opportunity,1,False,0,82,classical,1.0,1,0.2892050740589693,0.008987500332295895,0.35
120,qpu_opportunity,1,False,0,83,classical,1.0,1,0.5672535933843681,0.00909187481738627,0.35
120,qpu_opportunity,1,False,0,84,classical,1.0,1,0.5738292037900561,0.009103959891945124,0.35
120,qpu_opportunity,1,False,0,85,classical,0.3661384783533855,0,0.3661384783533855,0.008971040369942784,0.35
120,qpu_opportunity,1,False,0,86,classical,0.07667285363132327,0,0.07667285363132327,0.008682499756105244,0.35
120,qpu_opportunity,1,False,0,87,classical,0.022938913356155895,0,0.022938913356155895,0.008548125042580068,0.35
120,qpu_opportunity,1,False,0,88,classical,0.1781676152188882,0,0.1781676152188882,0.008696250151842833,0.35
120,qpu_opportunity,1,False,0,89,classical,1.0,1,0.6705062888472065,0.009147709934040904,0.35
120,qpu_opportunity,1,False,0,90,classical,1.0,1,0.0062291686777490324,0.008920204709284008,0.35
120,qpu_opportunity,1,False,0,91,classical,0.08776832527186926,0,0.08776832527186926,0.008878540247678757,0.35
120,qpu_opportunity,1,False,0,92,classical,1.0,1,0.9898353081192782,0.009066460188478231,0.35
120,qpu_opportunity,1,False,0,93,classical,1.0,1,1.0095172533607806,0.009014580282382667,0.35
120,qpu_opportunity,1,False,0,94,classical,0.00770851541560303,0,0.00770851541560303,0.008872704929672182,0.35
120,qpu_opportunity,1,False,0,95,classical,1.0,1,0.5672535933843681,0.009272710303775966,0.35
120,qpu_opportunity,1,False,0,96,classical,0.030647428771758925,0,0.030647428771758925,0.008520834962837398,0.35
120,qpu_opportunity,1,False,0,97,classical,1.0,1,0.2805253825192938,0.008927914896048605,0.35
120,qpu_opportunity,1,False,0,98,classical,0.022938913356155895,0,0.022938913356155895,0.008602290181443095,0.35
120,qpu_opportunity,1,False,0,99,classical,0.08005980985626623,0,0.08005980985626623,0.008557914989069104,0.35
120,qpu_opportunity,1,False,0,100,classical,1.0,1,0.014436959281245158,0.00893645512405783,0.35
120,qpu_opportunity,1,False,0,101,classical,0.0,0,0.0,0.008817705092951655,0.35
120,qpu_opportunity,1,False,0,102,classical,1.0,1,0.2892050740589693,0.0089366699103266,0.35
120,qpu_opportunity,1,False,0,103,classical,0.2011065285750439,0,0.2011065285750439,0.008885624702088535,0.35
120,qpu_opportunity,1,False,0,104,classical,1.0,1,0.09964265908238187,0.008923334535211325,0.35
120,qpu_opportunity,1,False,0,105,classical,1.0,1,0.3827068269566472,0.009061875171028078,0.35
120,qpu_opportunity,1,False,0,106,classical,0.0,0,0.0,0.008758335025049746,0.35
120,qpu_opportunity,1,False,0,107,classical,1.0,1,0.31214398741512517,0.009028539643622935,0.35
120,qpu_opportunity,1,False,0,108,classical,1.0,1,0.5749621087999711,0.008928540046326816,0.35
120,qpu_opportunity,1,False,0,109,classical,0.06846506302782733,0,0.06846506302782733,0.009004584862850606,0.35
120,qpu_opportunity,1,False,0,110,classical,1.0,1,0.31214398741512517,0.009095415007323027,0.35
120,qpu_opportunity,1,False,0,111,classical,0.1781676152188882,0,0.1781676152188882,0.008596664993092418,0.35
120,qpu_opportunity,1,False,0,112,classical,1.0,1,0.5738292037900561,0.008889164892025292,0.35
120,qpu_opportunity,1,False,0,113,classical,0.0,0,0.0,0.008792704902589321,0.35
120,qpu_opportunity,1,False,0,114,classical,1.0,1,0.0062291686777490324,0.009111454710364342,0.35
120,qpu_opportunity,1,False,0,115,classical,0.08005980985626623,0,0.08005980985626623,0.008628540090285242,0.35
120,qpu_opportunity,1,False,0,116,classical,0.07667285363132327,0,0.07667285363132327,0.008523539872840047,0.35
120,qpu_opportunity,1,False,0,117,classical,1.0,1,1.0254569702220118,0.008917294908314943,0.35
120,qpu_opportunity,1,False,0,118,classical,1.0,1,1.0439242896109315,0.00893375021405518,0.35
120,qpu_opportunity,1,False,0,119,classical,0.022938913356155895,0,0.022938913356155895,0.008561040158383548,0.35
120,qpu_opportunity,1,False,1,0,classical,1.0,1,0.31214398741512517,0.008953544893302023,0.35
120,qpu_opportunity,1,False,1,1,classical,1.0,1,0.12258157243853758,0.008929375326260924,0.35
120,qpu_opportunity,1,False,1,2,classical,1.0,1,0.09964265908238187,0.008926459704525769,0.35
120,qpu_opportunity,1,False,1,3,classical,0.00770851541560303,0,0.00770851541560303,0.008945209556259215,0.35
120,qpu_opportunity,1,False,1,4,classical,0.06846506302782733,0,0.06846506302782733,0.00890770461410284,0.35
120,qpu_opportunity,1,False,1,5,classical,0.08005980985626623,0,0.08005980985626623,0.008708750247024,0.35
120,qpu_opportunity,1,False,1,6,classical,1.0,1,0.31214398741512517,0.00887645990587771,0.35
120,qpu_opportunity,1,False,1,7,classical,0.0,0,0.0,0.008683750056661665,0.35
120,qpu_opportunity,1,False,1,8,classical,0.08005980985626623,0,0.08005980985626623,0.008582294685766101,0.35
120,qpu_opportunity,1,False,1,9,classical,1.0,1,0.49490229894370485,0.008911460172384977,0.35
120,qpu_opportunity,1,False,1,10,classical,0.06846506302782733,0,0.06846506302782733,0.008637704886496067,0.35
120,qpu_opportunity,1,False,1,11,classical,0.0,0,0.0,0.008769584819674492,0.35
120,qpu_opportunity,1,False,1,12,classical,1.0,1,1.1710140943750618,0.009035829571075737,0.35
120,qpu_opportunity,1,False,1,13,classical,1.0,1,0.2892050740589693,0.008993539959192276,0.35
120,qpu_opportunity,1,False,1,14,classical,0.08005980985626623,0,0.08005980985626623,0.008841459639370441,0.35
120,qpu_opportunity,1,False,1,15,classical,1.0,1,0.3873128794215912,0.008915624930523336,0.35
120,qpu_opportunity,1,False,1,16,classical,1.0,1,0.0062291686777490324,0.00890916446223855,0.35
120,qpu_opportunity,1,False,1,17,classical,1.0,1,0.3827068269566472,0.008993750088848174,0.35
120,qpu_opportunity,1,False,1,18,classical,1.0,1,0.28873317312278957,0.008903125417418778,0.35
120,qpu_opportunity,1,False,1,19,classical,0.06846506302782733,0,0.06846506302782733,0.008528335019946098,0.35
120,qpu_opportunity,1,False,1,20,classical,0.2011065285750439,0,0.2011065285750439,0.008737295283935964,0.35
120,qpu_opportunity,1,False,1,21,classical,1.0,1,1.150282180353257,0.008947709575295448,0.35
120,qpu_opportunity,1,False,1,22,classical,0.030647428771758925,0,0.030647428771758925,0.008880000095814466,0.35
120,qpu_opportunity,1,False,1,23,classical,0.06846506302782733,0,0.06846506302782733,0.008576249820180237,0.35
120,qpu_opportunity,1,False,1,24,classical,0.0,0,0.0,0.008517915266565979,0.35
120,qpu_opportunity,1,False,1,25,classical,0.1781676152188882,0,0.1781676152188882,0.008629795047454536,0.35
120,qpu_opportunity,1,False,1,26,classical,0.06846506302782733,0,0.06846506302782733,0.008573544910177588,0.35
120,qpu_opportunity,1,False,1,27,classical,0.2011065285750439,0,0.2011065285750439,0.008582709706388414,0.35
120,qpu_opportunity,1,False,1,28,classical,1.0,1,0.6915349106315613,0.008906039875000715,0.35
120,qpu_opportunity,1,False,1,29,classical,0.3661384783533855,0,0.3661384783533855,0.00879625033121556,0.35
120,qpu_opportunity,1,False,1,30,classical,0.00770851541560303,0,0.00770851541560303,0.008591454825364053,0.35
120,qpu_opportunity,1,False,1,31,classical,1.0,1,0.0062291686777490324,0.008934580255299807,0.35
120,qpu_opportunity,1,False,1,32,classical,0.00770851541560303,0,0.00770851541560303,0.0087320851162076,0.35
120,qpu_opportunity,1,False,1,33,classical,1.0,1,0.014436959281245158,0.008995414827950299,0.35
120,qpu_opportunity,1,False,1,34,classical,0.0,0,0.0,0.008585415198467672,0.35
120,qpu_opportunity,1,False,1,35,classical,1.0,1,0.12258157243853758,0.008808330167084932,0.35
120,qpu_opportunity,1,False,1,36,classical,0.00770851541560303,0,0.00770851541560303,0.008596875122748315,0.35
120,qpu_opportunity,1,False,1,37,classical,0.00770851541560303,0,0.00770851541560303,0.008797500049695373,0.35
120,qpu_opportunity,1,False,1,38,classical,1.0,1,0.0062291686777490324,0.008825415279716253,0.35
120,qpu_opportunity,1,False,1,39,classical,0.0,0,0.0,0.00850624986924231,0.35
120,qpu_opportunity,1,False,1,40,classical,0.3661384783533855,0,0.3661384783533855,0.008474375354126096,0.35
120,qpu_opportunity,1,False,1,41,classical,0.1781676152188882,0,0.1781676152188882,0.008667709771543741,0.35
120,qpu_opportunity,1,False,1,42,classical,0.022938913356155895,0,0.022938913356155895,0.008767289691604674,0.35
120,qpu_opportunity,1,False,1,43,classical,0.00770851541560303,0,0.00770851541560303,0.008862499962560833,0.35
120,qpu_opportunity,1,False,1,44,classical,1.0,1,0.3039025840033074,0.009280834929086268,0.35
120,qpu_opportunity,1,False,1,45,classical,1.0,1,0.6915349106315613,0.008821454830467701,0.35
120,qpu_opportunity,1,False,1,46,classical,0.3661384783533855,0,0.3661384783533855,0.00889687507878989,0.35
120,qpu_opportunity,1,False,1,47,classical,0.0,0,0.0,0.008797915070317686,0.35
120,qpu_opportunity,1,False,1,48,classical,0.1781676152188882,0,0.1781676152188882,0.008676249999552965,0.35
120,qpu_opportunity,1,False,1,49,classical,0.08776832527186926,0,0.08776832527186926,0.008954164804890752,0.35
120,qpu_opportunity,1,False,1,50,classical,0.00770851541560303,0,0.00770851541560303,0.008626669878140092,0.35
120,qpu_opportunity,1,False,1,51,classical,0.06846506302782733,0,0.06846506302782733,0.008501250413246453,0.35
120,qpu_opportunity,1,False,1,52,classical,0.06846506302782733,0,0.06846506302782733,0.00875250028911978,0.35
120,qpu_opportunity,1,False,1,53,classical,1.0,1,0.7378036321622315,0.009116249857470393,0.35
120,qpu_opportunity,1,False,1,54,classical,0.1781676152188882,0,0.1781676152188882,0.008714375435374677,0.35
120,qpu_opportunity,1,False,1,55,classical,1.0,1,0.3198525028307282,0.0089058349840343,0.35
120,qpu_opportunity,1,False,1,56,classical,0.06846506302782733,0,0.06846506302782733,0.008676040451973677,0.35
120,qpu_opportunity,1,False,1,57,classical,0.1781676152188882,0,0.1781676152188882,0.00879353960044682,0.35
120,qpu_opportunity,1,False,1,58,classical,0.08005980985626623,0,0.08005980985626623,0.008755209855735302,0.35
120,qpu_opportunity,1,False,1,59,classical,0.06846506302782733,0,0.06846506302782733,0.008514585206285119,0.35
120,qpu_opportunity,1,False,1,60,classical,1.0,1,0.9898353081192782,0.008945625158958137,0.35
120,qpu_opportunity,1,False,1,61,classical,1.0,1,0.5508902904339003,0.009127914672717452,0.35
120,qpu_opportunity,1,False,1,62,classical,0.0,0,0.0,0.00856916478369385,0.35
120,qpu_opportunity,1,False,1,63,classical,1.0,1,0.6343468302124198,0.008829169673845172,0.35
120,qpu_opportunity,1,False,1,64,classical,0.1781676152188882,0,0.1781676152188882,0.008762915385887027,0.35
120,qpu_opportunity,1,False,1,65,classical,1.0,1,0.6343468302124198,0.0090870849089697,0.35
120,qpu_opportunity,1,False,1,66,classical,0.2011065285750439,0,0.2011065285750439,0.00907062494661659,0.35
120,qpu_opportunity,1,False,1,67,classical,1.0,1,0.2969135894745723,0.008789374842308462,0.35
120,qpu_opportunity,1,False,1,68,classical,0.030647428771758925,0,0.030647428771758925,0.008808749844320118,0.35
120,qpu_opportunity,1,False,1,69,classical,1.0,1,0.6130099544950551,0.008873334736563265,0.35
120,qpu_opportunity,1,False,1,70,classical,1.0,1,1.150282180353257,0.009069375228136778,0.35
120,qpu_opportunity,1,False,1,71,classical,0.2011065285750439,0,0.2011065285750439,0.008773335139267147,0.35
120,qpu_opportunity,1,False,1,72,classical,1.0,1,0.0062291686777490324,0.008812084561213851,0.35
120,qpu_opportunity,1,False,1,73,classical,1.0,1,0.9582945304218095,0.009101874893531203,0.35
120,qpu_opportunity,1,False,1,74,classical,0.022938913356155895,0,0.022938913356155895,0.008421670063398778,0.35
120,qpu_opportunity,1,False,1,75,classical,0.07667285363132327,0,0.07667285363132327,0.0086635397747159,0.35
120,qpu_opportunity,1,False,1,76,classical,1.0,1,0.014436959281245158,0.008898954838514328,0.35
120,qpu_opportunity,1,False,1,77,classical,1.0,1,0.014436959281245158,0.008834789623506367,0.35
120,qpu_opportunity,1,False,1,78,classical,1.0,1,0.5672535933843681,0.008942499989643693,0.35
120,qpu_opportunity,1,False,1,79,classical,1.0,1,0.28873317312278957,0.008818124770186841,0.35
120,qpu_opportunity,1,False,1,80,classical,0.00770851541560303,0,0.00770851541560303,0.00839958491269499,0.35
120,qpu_opportunity,1,False,1,81,classical,0.06846506302782733,0,0.06846506302782733,0.008937499951571226,0.35
120,qpu_opportunity,1,False,1,82,classical,0.00770851541560303,0,0.00770851541560303,0.008489579777233303,0.35
120,qpu_opportunity,1,False,1,83,classical,1.0,1,0.5189094723513364,0.008963955333456397,0.35
120,qpu_opportunity,1,False,1,84,classical,0.08776832527186926,0,0.08776832527186926,0.008625210030004382,0.35
120,qpu_opportunity,1,False,1,85,classical,1.0,1,0.014436959281245158,0.008889580494724214,0.35
120,qpu_opportunity,1,False,1,86,classical,0.030647428771758925,0,0.030647428771758925,0.00886812515091151,0.35
120,qpu_opportunity,1,False,1,87,classical,1.0,1,0.9265788415985748,0.008950415067374706,0.35
120,qpu_opportunity,1,False,1,88,classical,1.0,1,1.1710140943750618,0.00898375001270324,0.35
120,qpu_opportunity,1,False,1,89,classical,0.2011065285750439,0,0.2011065285750439,0.00880104023963213,0.35
120,qpu_opportunity,1,False,1,90,classical,1.0,1,0.2805253825192938,0.008812294690869749,0.35
120,qpu_opportunity,1,False,1,91,classical,1.0,1,0.6916441175965431,0.008933540084399283,0.35
120,qpu_opportunity,1,False,1,92,classical,1.0,1,0.6574413289260497,0.009029375505633652,0.35
120,qpu_opportunity,1,False,1,93,classical,1.0,1,0.6343468302124198,0.009102710173465312,0.35
120,qpu_opportunity,1,False,1,94,classical,1.0,1,0.28873317312278957,0.008923955028876662,0.35
120,qpu_opportunity,1,False,1,95,classical,0.00770851541560303,0,0.00770851541560303,0.008534584776498377,0.35
120,qpu_opportunity,1,False,1,96,classical,0.08005980985626623,0,0.08005980985626623,0.008493540226481855,0.35
120,qpu_opportunity,1,False,1,97,classical,1.0,1,0.5672535933843681,0.008865000563673675,0.35
120,qpu_opportunity,1,False,1,98,classical,0.0,0,0.0,0.008401250233873725,0.35
120,qpu_opportunity,1,False,1,99,classical,1.0,1,0.5189094723513364,0.008821664960123599,0.35
120,qpu_opportunity,1,False,1,100,classical,1.0,1,0.92606456004944,0.008868540171533823,0.35
120,qpu_opportunity,1,False,1,101,classical,0.022938913356155895,0,0.022938913356155895,0.008656249847263098,0.35
120,qpu_opportunity,1,False,1,102,classical,1.0,1,0.41025179277774715,0.008923955028876662,0.35
120,qpu_opportunity,1,False,1,103,classical,0.030647428771758925,0,0.030647428771758925,0.008589375065639615,0.35
120,qpu_opportunity,1,False,1,104,classical,1.0,1,0.12258157243853758,0.008882709662429988,0.35
120,qpu_opportunity,1,False,1,105,classical,0.07667285363132327,0,0.07667285363132327,0.008935835212469101,0.35
120,qpu_opportunity,1,False,1,106,classical,0.06846506302782733,0,0.06846506302782733,0.00866917020175606,0.35
120,qpu_opportunity,1,False,1,107,classical,0.2011065285750439,0,0.2011065285750439,0.008797500049695373,0.35
120,qpu_opportunity,1,False,1,108,classical,1.0,1,0.6916441175965431,0.008888544980436563,0.35
120,qpu_opportunity,1,False,1,109,classical,1.0,1,0.6130099544950551,0.00890437513589859,0.35
120,qpu_opportunity,1,False,1,110,classical,1.0,1,0.6915349106315613,0.009039165452122688,0.35
120,qpu_opportunity,1,False,1,111,classical,1.0,1,0.2969135894745723,0.008902709814719856,0.35
120,qpu_opportunity,1,False,1,112,classical,1.0,1,0.3039025840033074,0.008901875116862357,0.35
120,qpu_opportunity,1,False,1,113,classical,0.06846506302782733,0,0.06846506302782733,0.00868896022439003,0.35
120,qpu_opportunity,1,False,1,114,classical,0.06846506302782733,0,0.06846506302782733,0.008363124798052013,0.35
120,qpu_opportunity,1,False,1,115,classical,0.06846506302782733,0,0.06846506302782733,0.008680830360390246,0.35
120,qpu_opportunity,1,False,1,116,classical,0.0,0,0.0,0.008445210405625403,0.35
120,qpu_opportunity,1,False,1,117,classical,1.0,1,0.48719378352810183,0.008850209997035563,0.35
120,qpu_opportunity,1,False,1,118,classical,0.0,0,0.0,0.008337500039488077,0.35
120,qpu_opportunity,1,False,1,119,classical,1.0,1,0.7378036321622315,0.008891875040717423,0.35
120,qpu_opportunity,1,False,2,0,qpu_A,0.0,0,0.0,0.2106716861672315,0.35
120,qpu_opportunity,1,False,2,1,qpu_A,0.0,0,0.0,0.21465433419722715,0.35
120,qpu_opportunity,1,False,2,2,qpu_A,0.06846506302782733,0,0.06846506302782733,0.2159087531509073,0.35
120,qpu_opportunity,1,False,2,3,qpu_A,1.0,1,0.0,2.2023130113066056,0.35
120,qpu_opportunity,1,False,2,4,qpu_A,1.0,1,0.0,1.3108996326263005,0.35
120,qpu_opportunity,1,False,2,5,qpu_A,0.030647428771758925,0,0.030647428771758925,0.20615382783479388,0.35
120,qpu_opportunity,1,False,2,6,qpu_A,0.0,0,0.0,0.2103643997143171,0.35
120,qpu_opportunity,1,False,2,7,qpu_A,0.00770851541560303,0,0.00770851541560303,0.21156075142645933,0.35
120,qpu_opportunity,1,False,2,8,qpu_A,0.022938913356155895,0,0.022938913356155895,0.2012081023970019,0.35
120,qpu_opportunity,1,False,2,9,qpu_A,0.00770851541560303,0,0.00770851541560303,0.21450799194188577,0.35
120,qpu_opportunity,1,False,2,10,qpu_A,1.0,1,0.2805253825192938,2.131487167596007,0.35
120,qpu_opportunity,1,False,2,11,qpu_A,0.08005980985626623,0,0.08005980985626623,0.20659193401789575,0.35
120,qpu_opportunity,1,False,2,12,qpu_A,0.00770851541560303,0,0.00770851541560303,0.19865176744639648,0.35
120,qpu_opportunity,1,False,2,13,qpu_A,0.07667285363132327,0,0.07667285363132327,0.2128783981251453,0.35
120,qpu_opportunity,1,False,2,14,qpu_A,0.0,0,0.0,0.21275147435939015,0.35
120,qpu_opportunity,1,False,2,15,qpu_A,0.06846506302782733,0,0.06846506302782733,0.20620145570530063,0.35
120,qpu_opportunity,1,False,2,16,qpu_A,0.030647428771758925,0,0.030647428771758925,0.21779962573757033,0.35
120,qpu_opportunity,1,False,2,17,qpu_A,0.00770851541560303,0,0.00770851541560303,0.19913576910351669,0.35
120,qpu_opportunity,1,False,2,18,qpu_A,0.030647428771758925,0,0.030647428771758925,0.20945908124939264,0.35
120,qpu_opportunity,1,False,2,19,qpu_A,1.0,1,0.0,1.1897342685509986,0.35
120,qpu_opportunity,1,False,2,20,qpu_A,1.0,1,0.0,1.0757311263297653,0.35
120,qpu_opportunity,1,False,2,21,qpu_A,1.0,1,0.0,1.7562689263402353,0.35
120,qpu_opportunity,1,False,2,22,qpu_A,0.0,0,0.0,0.21797336270228293,0.35
120,qpu_opportunity,1,False,2,23,qpu_A,0.0,0,0.0,0.21690180013641067,0.35
120,qpu_opportunity,1,False,2,24,qpu_A,1.0,1,0.0,1.9200404720371882,0.35
120,qpu_opportunity,1,False,2,25,qpu_A,0.0,0,0.0,0.2069688910909911,0.35
120,qpu_opportunity,1,False,2,26,qpu_A,0.022938913356155895,0,0.022938913356155895,0.20444023527492552,0.35
120,qpu_opportunity,1,False,2,27,qpu_A,0.00770851541560303,0,0.00770851541560303,0.2104494100644423,0.35
120,qpu_opportunity,1,False,2,28,qpu_A,0.0,0,0.0,0.21830698185888703,0.35
120,qpu_opportunity,1,False,2,29,qpu_A,1.0,1,0.0,1.0436120583976525,0.35
120,qpu_opportunity,1,False,2,30,qpu_A,0.00770851541560303,0,0.00770851541560303,0.2038590876932398,0.35
120,qpu_opportunity,1,False,2,31,qpu_A,0.0,0,0.0,0.21093737304713253,0.35
120,qpu_opportunity,1,False,2,32,qpu_A,0.022938913356155895,0,0.022938913356155895,0.21489146060149517,0.35
120,qpu_opportunity,1,False,2,33,qpu_A,0.07667285363132327,0,0.07667285363132327,0.21588858161600802,0.35
120,qpu_opportunity,1,False,2,34,qpu_A,1.0,1,0.08005980985626623,2.360029639596221,0.35
120,qpu_opportunity,1,False,2,35,qpu_A,0.07667285363132327,0,0.07667285363132327,0.19939653536868626,0.35
120,qpu_opportunity,1,False,2,36,qpu_A,0.0,0,0.0,0.2006531447805798,0.35
120,qpu_opportunity,1,False,2,37,qpu_A,0.022938913356155895,0,0.022938913356155895,0.2077884266747694,0.35
120,qpu_opportunity,1,False,2,38,qpu_A,0.0,0,0.0,0.20791000190874637,0.35
120,qpu_opportunity,1,False,2,39,qpu_A,0.0,0,0.0,0.2098719908840315,0.35
120,qpu_opportunity,1,False,2,40,qpu_A,0.00770851541560303,0,0.00770851541560303,0.21344621188203228,0.35
120,qpu_opportunity,1,False,2,41,qpu_A,0.0,0,0.0,0.2191976921588267,0.35
120,qpu_opportunity,1,False,2,42,qpu_A,1.0,1,0.00770851541560303,0.9950630947591859,0.35
120,qpu_opportunity,1,False,2,43,qpu_A,0.0,0,0.0,0.20696495095920567,0.35
120,qpu_opportunity,1,False,2,44,qpu_A,0.0,0,0.0,0.20106786623730435,0.35
120,qpu_opportunity,1,False,2,45,qpu_A,0.00770851541560303,0,0.00770851541560303,0.20651680504037917,0.35
120,qpu_opportunity,1,False,2,46,qpu_A,0.022938913356155895,0,0.022938913356155895,0.22265834252478922,0.35
120,qpu_opportunity,1,False,2,47,qpu_A,0.0,0,0.0,0.20029840086974338,0.35
120,qpu_opportunity,1,False,2,48,qpu_A,0.00770851541560303,0,0.00770851541560303,0.21489791067358568,0.35
120,qpu_opportunity,1,False,2,49,qpu_A,0.0,0,0.0,0.21211031395461344,0.35
120,qpu_opportunity,1,False,2,50,qpu_A,0.0,0,0.0,0.19372627903553333,0.35
120,qpu_opportunity,1,False,2,51,qpu_A,0.0,0,0.0,0.19939254600089992,0.35
120,qpu_opportunity,1,False,2,52,qpu_A,0.0,0,0.0,0.20636139529019906,0.35
120,qpu_opportunity,1,False,2,53,qpu_A,0.0,0,0.0,0.23506070191812575,0.35
120,qpu_opportunity,1,False,2,54,qpu_A,0.0,0,0.0,0.19828889237965672,0.35
120,qpu_opportunity,1,False,2,55,qpu_A,0.0,0,0.0,0.20774066733829058,0.35
120,qpu_opportunity,1,False,2,56,qpu_A,0.00770851541560303,0,0.00770851541560303,0.20428431232040595,0.35
120,qpu_opportunity,1,False,2,57,qpu_A,1.0,1,0.0,1.4053586277914225,0.35
120,qpu_opportunity,1,False,2,58,qpu_A,0.00770851541560303,0,0.00770851541560303,0.20117712432023377,0.35
120,qpu_opportunity,1,False,2,59,qpu_A,0.00770851541560303,0,0.00770851541560303,0.2094790104148523,0.35
120,qpu_opportunity,1,False,2,60,qpu_A,1.0,1,0.0,1.0306225329810128,0.35
120,qpu_opportunity,1,False,2,61,qpu_A,0.0,0,0.0,0.20490790698148098,0.35
120,qpu_opportunity,1,False,2,62,qpu_A,0.0,0,0.0,0.21935258913257652,0.35
120,qpu_opportunity,1,False,2,63,qpu_A,0.00770851541560303,0,0.00770851541560303,0.2195904291685709,0.35
120,qpu_opportunity,1,False,2,64,qpu_A,1.0,1,0.0,0.9558280884128358,0.35
120,qpu_opportunity,1,False,2,65,qpu_A,0.0,0,0.0,0.1945138446684383,0.35
120,qpu_opportunity,1,False,2,66,qpu_A,1.0,1,0.00770851541560303,1.403339437275424,0.35
120,qpu_opportunity,1,False,2,67,qpu_A,0.0,0,0.0,0.20128324720791554,0.35
120,qpu_opportunity,1,False,2,68,qpu_A,0.0,0,0.0,0.2220585368741275,0.35
120,qpu_opportunity,1,False,2,69,qpu_A,0.0,0,0.0,0.2050026934065398,0.35
120,qpu_opportunity,1,False,2,70,qpu_A,1.0,1,0.00770851541560303,1.6087030531497304,0.35
120,qpu_opportunity,1,False,2,71,qpu_A,0.07667285363132327,0,0.07667285363132327,0.20868858441987376,0.35
120,qpu_opportunity,1,False,2,72,qpu_A,0.00770851541560303,0,0.00770851541560303,0.20754075397539315,0.35
120,qpu_opportunity,1,False,2,73,qpu_A,0.0,0,0.0,0.20110914341695565,0.35
120,qpu_opportunity,1,False,2,74,qpu_A,0.0,0,0.0,0.2130768262667792,0.35
120,qpu_opportunity,1,False,2,75,qpu_A,0.00770851541560303,0,0.00770851541560303,0.1979562128781913,0.35
120,qpu_opportunity,1,False,2,76,qpu_A,0.00770851541560303,0,0.00770851541560303,0.20689388785055393,0.35
120,qpu_opportunity,1,False,2,77,qpu_A,0.06846506302782733,0,0.06846506302782733,0.2131028122848537,0.35
120,qpu_opportunity,1,False,2,78,qpu_A,0.0,0,0.0,0.20530460614789378,0.35
120,qpu_opportunity,1,False,2,79,qpu_A,1.0,1,0.0,1.5108545669958162,0.35
120,qpu_opportunity,1,False,2,80,qpu_A,0.00770851541560303,0,0.00770851541560303,0.21144024292035665,0.35
120,qpu_opportunity,1,False,2,81,qpu_A,1.0,1,0.030647428771758925,2.5174467664300226,0.35
120,qpu_opportunity,1,False,2,82,qpu_A,0.0,0,0.0,0.19557744999539073,0.35
120,qpu_opportunity,1,False,2,83,qpu_A,0.00770851541560303,0,0.00770851541560303,0.21347739887598227,0.35
120,qpu_opportunity,1,False,2,84,qpu_A,0.00770851541560303,0,0.00770851541560303,0.2011896853238235,0.35
120,qpu_opportunity,1,False,2,85,qpu_A,0.0,0,0.0,0.21441431453290663,0.35
120,qpu_opportunity,1,False,2,86,qpu_A,1.0,1,0.0,0.9055203320698484,0.35
120,qpu_opportunity,1,False,2,87,qpu_A,0.0,0,0.0,0.19432779884323212,0.35
120,qpu_opportunity,1,False,2,88,qpu_A,0.0,0,0.0,0.2043107417123571,0.35
120,qpu_opportunity,1,False,2,89,qpu_A,0.00770851541560303,0,0.00770851541560303,0.22209313897947064,0.35
120,qpu_opportunity,1,False,2,90,qpu_A,0.0,0,0.0,0.20361301431265852,0.35
120,qpu_opportunity,1,False,2,91,qpu_A,0.0,0,0.0,0.20139978323665805,0.35
120,qpu_opportunity,1,False,2,92,qpu_A,0.022938913356155895,0,0.022938913356155895,0.20324194892411404,0.35
120,qpu_opportunity,1,False,2,93,qpu_A,0.022938913356155895,0,0.022938913356155895,0.21263560088347006,0.35
120,qpu_opportunity,1,False,2,94,qpu_A,0.00770851541560303,0,0.00770851541560303,0.22737158460797086,0.35
120,qpu_opportunity,1,False,2,95,qpu_A,0.07667285363132327,0,0.07667285363132327,0.19843649685399914,0.35
120,qpu_opportunity,1,False,2,96,qpu_A,0.07667285363132327,0,0.07667285363132327,0.20925165118883013,0.35
120,qpu_opportunity,1,False,2,97,qpu_A,0.0,0,0.0,0.20791419471306533,0.35
120,qpu_opportunity,1,False,2,98,qpu_A,1.0,1,0.0,1.4113893796593857,0.35
120,qpu_opportunity,1,False,2,99,qpu_A,0.00770851541560303,0,0.00770851541560303,0.20463181572557596,0.35
120,qpu_opportunity,1,False,2,100,qpu_A,0.0,0,0.0,0.2152537037043586,0.35
120,qpu_opportunity,1,False,2,101,qpu_A,1.0,1,0.00770851541560303,1.2079523363264077,0.35
120,qpu_opportunity,1,False,2,102,qpu_A,0.0,0,0.0,0.19809040277036838,0.35
120,qpu_opportunity,1,False,2,103,qpu_A,0.0,0,0.0,0.20357849684149373,0.35
120,qpu_opportunity,1,False,2,104,qpu_A,0.08005980985626623,0,0.08005980985626623,0.2025387258077947,0.35
120,qpu_opportunity,1,False,2,105,qpu_A,0.030647428771758925,0,0.030647428771758925,0.2028844541992008,0.35
120,qpu_opportunity,1,False,2,106,qpu_A,0.0,0,0.0,0.2075082939800014,0.35
120,qpu_opportunity,1,False,2,107,qpu_A,0.0,0,0.0,0.22923567457727798,0.35
120,qpu_opportunity,1,False,2,108,qpu_A,0.0,0,0.0,0.21617024461188225,0.35
120,qpu_opportunity,1,False,2,109,qpu_A,1.0,1,0.022938913356155895,1.137781696393456,0.35
120,qpu_opportunity,1,False,2,110,qpu_A,0.08005980985626623,0,0.08005980985626623,0.2063566921526094,0.35
120,qpu_opportunity,1,False,2,111,qpu_A,0.0,0,0.0,0.21216643639536475,0.35
120,qpu_opportunity,1,False,2,112,qpu_A,0.0,0,0.0,0.2093408146005526,0.35
120,qpu_opportunity,1,False,2,113,qpu_A,0.00770851541560303,0,0.00770851541560303,0.2300686980621212,0.35
120,qpu_opportunity,1,False,2,114,qpu_A,0.0,0,0.0,0.2085395721295799,0.35
120,qpu_opportunity,1,False,2,115,qpu_A,0.0,0,0.0,0.19999321415154767,0.35
120,qpu_opportunity,1,False,2,116,qpu_A,0.022938913356155895,0,0.022938913356155895,0.2025454036552456,0.35
120,qpu_opportunity,1,False,2,117,qpu_A,0.0,0,0.0,0.1954026622933335,0.35
120,qpu_opportunity,1,False,2,118,qpu_A,1.0,1,0.0,1.843441857230609,0.35
120,qpu_opportunity,1,False,2,119,qpu_A,0.00770851541560303,0,0.00770851541560303,0.21387786706165726,0.35
120,qpu_opportunity,1,False,3,0,qpu_A,0.08776832527186926,0,0.08776832527186926,0.137084766533116,0.35
120,qpu_opportunity,1,False,3,1,qpu_A,0.00770851541560303,0,0.00770851541560303,0.15022485338940672,0.35
120,qpu_opportunity,1,False,3,2,qpu_A,0.022938913356155895,0,0.022938913356155895,0.1344099184476507,0.35
120,qpu_opportunity,1,False,3,3,qpu_A,1.0,1,0.06846506302782733,1.8287766608123424,0.35
120,qpu_opportunity,1,False,3,4,qpu_A,1.0,1,0.0,1.2276376529682456,0.35
120,qpu_opportunity,1,False,3,5,qpu_A,0.00770851541560303,0,0.00770851541560303,0.1505430837332957,0.35
120,qpu_opportunity,1,False,3,6,qpu_A,1.0,1,0.0062291686777490324,0.13366300367736558,0.35
120,qpu_opportunity,1,False,3,7,qpu_A,0.00770851541560303,0,0.00770851541560303,0.1493562424533936,0.35
120,qpu_opportunity,1,False,3,8,qpu_A,0.0,0,0.0,0.1412114437506047,0.35
120,qpu_opportunity,1,False,3,9,qpu_A,0.1781676152188882,0,0.1781676152188882,0.13864811800318166,0.35
120,qpu_opportunity,1,False,3,10,qpu_A,1.0,1,0.00770851541560303,1.1290448120767005,0.35
120,qpu_opportunity,1,False,3,11,qpu_A,0.08005980985626623,0,0.08005980985626623,0.15525955012725512,0.35
120,qpu_opportunity,1,False,3,12,qpu_A,0.06846506302782733,0,0.06846506302782733,0.1376006169394571,0.35
120,qpu_opportunity,1,False,3,13,qpu_A,0.1781676152188882,0,0.1781676152188882,0.1328807992268113,0.35
120,qpu_opportunity,1,False,3,14,qpu_A,0.06846506302782733,0,0.06846506302782733,0.13526502760672274,0.35
120,qpu_opportunity,1,False,3,15,qpu_A,0.08776832527186926,0,0.08776832527186926,0.13168670270005878,0.35
120,qpu_opportunity,1,False,3,16,qpu_A,0.0,0,0.0,0.14037147736051328,0.35
120,qpu_opportunity,1,False,3,17,qpu_A,1.0,1,0.12258157243853758,0.1406180202949131,0.35
120,qpu_opportunity,1,False,3,18,qpu_A,0.06846506302782733,0,0.06846506302782733,0.13927284318806393,0.35
120,qpu_opportunity,1,False,3,19,qpu_A,1.0,1,0.0,1.8855485332150266,0.35
120,qpu_opportunity,1,False,3,20,qpu_A,1.0,1,0.0,1.0595941733137932,0.35
120,qpu_opportunity,1,False,3,21,qpu_A,1.0,1,0.09964265908238187,1.4114488764301678,0.35
120,qpu_opportunity,1,False,3,22,qpu_A,0.00770851541560303,0,0.00770851541560303,0.13875176503729444,0.35
120,qpu_opportunity,1,False,3,23,qpu_A,1.0,1,0.6343468302124198,0.1334575601315858,0.35
120,qpu_opportunity,1,False,3,24,qpu_A,1.0,1,0.00770851541560303,1.3898777252942425,0.35
120,qpu_opportunity,1,False,3,25,qpu_A,0.022938913356155895,0,0.022938913356155895,0.1401258487545719,0.35
120,qpu_opportunity,1,False,3,26,qpu_A,1.0,1,0.5508902904339003,0.13906514703520995,0.35
120,qpu_opportunity,1,False,3,27,qpu_A,1.0,1,0.2892050740589693,0.1315960643269511,0.35
120,qpu_opportunity,1,False,3,28,qpu_A,0.07667285363132327,0,0.07667285363132327,0.14683848116763606,0.35
120,qpu_opportunity,1,False,3,29,qpu_A,1.0,1,0.08005980985626623,1.5826680143754677,0.35
120,qpu_opportunity,1,False,3,30,qpu_A,0.08005980985626623,0,0.08005980985626623,0.14885727462871215,0.35
120,qpu_opportunity,1,False,3,31,qpu_A,0.08776832527186926,0,0.08776832527186926,0.14496632266064352,0.35
120,qpu_opportunity,1,False,3,32,qpu_A,0.06846506302782733,0,0.06846506302782733,0.14151694178702964,0.35
120,qpu_opportunity,1,False,3,33,qpu_A,0.022938913356155895,0,0.022938913356155895,0.14498945123729448,0.35
120,qpu_opportunity,1,False,3,34,qpu_A,1.0,1,0.030647428771758925,3.299101555801803,0.35
120,qpu_opportunity,1,False,3,35,qpu_A,0.0,0,0.0,0.14273062834291247,0.35
120,qpu_opportunity,1,False,3,36,qpu_A,0.00770851541560303,0,0.00770851541560303,0.13686109656112302,0.35
120,qpu_opportunity,1,False,3,37,qpu_A,0.022938913356155895,0,0.022938913356155895,0.13276087820156388,0.35
120,qpu_opportunity,1,False,3,38,qpu_A,1.0,1,0.28873317312278957,0.1290700091539944,0.35
120,qpu_opportunity,1,False,3,39,qpu_A,0.08005980985626623,0,0.08005980985626623,0.14285700301529594,0.35
120,qpu_opportunity,1,False,3,40,qpu_A,0.00770851541560303,0,0.00770851541560303,0.14373974852469573,0.35
120,qpu_opportunity,1,False,3,41,qpu_A,0.0,0,0.0,0.14631507266961816,0.35
120,qpu_opportunity,1,False,3,42,qpu_A,1.0,1,0.08776832527186926,1.463277655990583,0.35
120,qpu_opportunity,1,False,3,43,qpu_A,1.0,1,0.09964265908238187,0.1475248513820262,0.35
120,qpu_opportunity,1,False,3,44,qpu_A,0.0,0,0.0,0.14367481904820972,0.35
120,qpu_opportunity,1,False,3,45,qpu_A,0.030647428771758925,0,0.030647428771758925,0.1540347691281123,0.35
120,qpu_opportunity,1,False,3,46,qpu_A,1.0,1,0.09964265908238187,0.14369081024230987,0.35
120,qpu_opportunity,1,False,3,47,qpu_A,0.1781676152188882,0,0.1781676152188882,0.15654434402827808,0.35
120,qpu_opportunity,1,False,3,48,qpu_A,0.00770851541560303,0,0.00770851541560303,0.1383509309155863,0.35
120,qpu_opportunity,1,False,3,49,qpu_A,0.2011065285750439,0,0.2011065285750439,0.16898114295212924,0.35
120,qpu_opportunity,1,False,3,50,qpu_A,0.022938913356155895,0,0.022938913356155895,0.13323627733419524,0.35
120,qpu_opportunity,1,False,3,51,qpu_A,0.022938913356155895,0,0.022938913356155895,0.1330817182108467,0.35
120,qpu_opportunity,1,False,3,52,qpu_A,0.0,0,0.0,0.13808749639559698,0.35
120,qpu_opportunity,1,False,3,53,qpu_A,0.06846506302782733,0,0.06846506302782733,0.15338779898530602,0.35
120,qpu_opportunity,1,False,3,54,qpu_A,1.0,1,0.2969135894745723,0.14726896673118528,0.35
120,qpu_opportunity,1,False,3,55,qpu_A,0.0,0,0.0,0.14406622101943092,0.35
120,qpu_opportunity,1,False,3,56,qpu_A,0.06846506302782733,0,0.06846506302782733,0.128778812113197,0.35
120,qpu_opportunity,1,False,3,57,qpu_A,1.0,1,0.030647428771758925,1.1182728838228704,0.35
120,qpu_opportunity,1,False,3,58,qpu_A,0.06846506302782733,0,0.06846506302782733,0.1423559719398433,0.35
120,qpu_opportunity,1,False,3,59,qpu_A,0.0,0,0.0,0.14923490407825116,0.35
120,qpu_opportunity,1,False,3,60,qpu_A,1.0,1,0.07667285363132327,0.9376067100875897,0.35
120,qpu_opportunity,1,False,3,61,qpu_A,0.07667285363132327,0,0.07667285363132327,0.14653097313786592,0.35
120,qpu_opportunity,1,False,3,62,qpu_A,1.0,1,0.6916441175965431,0.1303792511626135,0.35
120,qpu_opportunity,1,False,3,63,qpu_A,0.08005980985626623,0,0.08005980985626623,0.15429386522646382,0.35
120,qpu_opportunity,1,False,3,64,qpu_A,1.0,1,0.022938913356155895,1.143519270790333,0.35
120,qpu_opportunity,1,False,3,65,qpu_A,0.030647428771758925,0,0.030647428771758925,0.13473626423831703,0.35
120,qpu_opportunity,1,False,3,66,qpu_A,1.0,1,0.00770851541560303,0.8519946816026295,0.35
120,qpu_opportunity,1,False,3,67,qpu_A,0.06846506302782733,0,0.06846506302782733,0.14873232165360628,0.35
120,qpu_opportunity,1,False,3,68,qpu_A,0.00770851541560303,0,0.00770851541560303,0.13655844819688112,0.35
120,qpu_opportunity,1,False,3,69,qpu_A,0.022938913356155895,0,0.022938913356155895,0.16937962956211974,0.35
120,qpu_opportunity,1,False,3,70,qpu_A,1.0,1,0.3661384783533855,2.023731102984947,0.35
120,qpu_opportunity,1,False,3,71,qpu_A,1.0,1,0.2805253825192938,0.13976797021698065,0.35
120,qpu_opportunity,1,False,3,72,qpu_A,1.0,1,0.2892050740589693,0.14183738843483948,0.35
120,qpu_opportunity,1,False,3,73,qpu_A,0.07667285363132327,0,0.07667285363132327,0.13918398489782513,0.35
120,qpu_opportunity,1,False,3,74,qpu_A,0.08005980985626623,0,0.08005980985626623,0.1468566333257387,0.35
120,qpu_opportunity,1,False,3,75,qpu_A,0.030647428771758925,0,0.030647428771758925,0.15123001848741613,0.35
120,qpu_opportunity,1,False,3,76,qpu_A,0.00770851541560303,0,0.00770851541560303,0.15084390596313713,0.35
120,qpu_opportunity,1,False,3,77,qpu_A,0.030647428771758925,0,0.030647428771758925,0.13053705379856065,0.35
120,qpu_opportunity,1,False,3,78,qpu_A,1.0,1,0.3827068269566472,0.14355434947754012,0.35
120,qpu_opportunity,1,False,3,79,qpu_A,1.0,1,0.2011065285750439,1.6322101665156667,0.35
120,qpu_opportunity,1,False,3,80,qpu_A,0.022938913356155895,0,0.022938913356155895,0.1393322904540656,0.35
120,qpu_opportunity,1,False,3,81,qpu_A,1.0,1,0.022938913356155895,1.3128994137602694,0.35
120,qpu_opportunity,1,False,3,82,qpu_A,0.06846506302782733,0,0.06846506302782733,0.13012620852541823,0.35
120,qpu_opportunity,1,False,3,83,qpu_A,0.07667285363132327,0,0.07667285363132327,0.14314049509602925,0.35
120,qpu_opportunity,1,False,3,84,qpu_A,0.08005980985626623,0,0.08005980985626623,0.14083307979479742,0.35
120,qpu_opportunity,1,False,3,85,qpu_A,0.0,0,0.0,0.13584221190682097,0.35
120,qpu_opportunity,1,False,3,86,qpu_A,1.0,1,0.00770851541560303,1.7603969431746218,0.35
120,qpu_opportunity,1,False,3,87,qpu_A,1.0,1,0.41025179277774715,0.14556689060972483,0.35
120,qpu_opportunity,1,False,3,88,qpu_A,1.0,1,0.3198525028307282,0.13157654574824454,0.35
120,qpu_opportunity,1,False,3,89,qpu_A,0.022938913356155895,0,0.022938913356155895,0.14739264823595807,0.35
120,qpu_opportunity,1,False,3,90,qpu_A,0.00770851541560303,0,0.00770851541560303,0.15456864269001178,0.35
120,qpu_opportunity,1,False,3,91,qpu_A,1.0,1,0.2892050740589693,0.15145862908098437,0.35
120,qpu_opportunity,1,False,3,92,qpu_A,0.06846506302782733,0,0.06846506302782733,0.14300225017477014,0.35
120,qpu_opportunity,1,False,3,93,qpu_A,1.0,1,0.5266179877669395,0.144963715246377,0.35
120,qpu_opportunity,1,False,3,94,qpu_A,0.0,0,0.0,0.14581388021026784,0.35
120,qpu_opportunity,1,False,3,95,qpu_A,1.0,1,0.12258157243853758,0.1318471087093964,0.35
120,qpu_opportunity,1,False,3,96,qpu_A,0.00770851541560303,0,0.00770851541560303,0.14444822970074556,0.35
120,qpu_opportunity,1,False,3,97,qpu_A,0.00770851541560303,0,0.00770851541560303,0.14025858015120213,0.35
120,qpu_opportunity,1,False,3,98,qpu_A,1.0,1,0.0,0.8528620412061994,0.35
120,qpu_opportunity,1,False,3,99,qpu_A,0.022938913356155895,0,0.022938913356155895,0.14759385632629102,0.35
120,qpu_opportunity,1,False,3,100,qpu_A,1.0,1,0.09964265908238187,0.13289381616756055,0.35
120,qpu_opportunity,1,False,3,101,qpu_A,1.0,1,0.3039025840033074,1.6087669473445063,0.35
120,qpu_opportunity,1,False,3,102,qpu_A,0.022938913356155895,0,0.022938913356155895,0.1603236731373406,0.35
120,qpu_opportunity,1,False,3,103,qpu_A,1.0,1,0.09964265908238187,0.14161492239108253,0.35
120,qpu_opportunity,1,False,3,104,qpu_A,0.030647428771758925,0,0.030647428771758925,0.15239861213805547,0.35
120,qpu_opportunity,1,False,3,105,qpu_A,0.00770851541560303,0,0.00770851541560303,0.13983430457664825,0.35
120,qpu_opportunity,1,False,3,106,qpu_A,0.0,0,0.0,0.14127405162351928,0.35
120,qpu_opportunity,1,False,3,107,qpu_A,0.06846506302782733,0,0.06846506302782733,0.13974561528504137,0.35
120,qpu_opportunity,1,False,3,108,qpu_A,0.06846506302782733,0,0.06846506302782733,0.13861580745583857,0.35
120,qpu_opportunity,1,False,3,109,qpu_A,1.0,1,0.00770851541560303,1.0145807706860568,0.35
120,qpu_opportunity,1,False,3,110,qpu_A,0.1781676152188882,0,0.1781676152188882,0.14371131099137188,0.35
120,qpu_opportunity,1,False,3,111,qpu_A,0.022938913356155895,0,0.022938913356155895,0.14778024559685096,0.35
120,qpu_opportunity,1,False,3,112,qpu_A,0.1781676152188882,0,0.1781676152188882,0.134724011399603,0.35
120,qpu_opportunity,1,False,3,113,qpu_A,0.07667285363132327,0,0.07667285363132327,0.15167321490362948,0.35
120,qpu_opportunity,1,False,3,114,qpu_A,0.022938913356155895,0,0.022938913356155895,0.15332356900179941,0.35
120,qpu_opportunity,1,False,3,115,qpu_A,0.0,0,0.0,0.1293329017348576,0.35
120,qpu_opportunity,1,False,3,116,qpu_A,0.07667285363132327,0,0.07667285363132327,0.13876245965993958,0.35
120,qpu_opportunity,1,False,3,117,qpu_A,0.00770851541560303,0,0.00770851541560303,0.14821261501676838,0.35
120,qpu_opportunity,1,False,3,118,qpu_A,1.0,1,0.0,0.8359090303078084,0.35
120,qpu_opportunity,1,False,3,119,qpu_A,0.00770851541560303,0,0.00770851541560303,0.15507030468871433,0.35
120,qpu_opportunity,1,False,4,0,qpu_B,0.00770851541560303,0,0.00770851541560303,0.20758078983236805,0.35
120,qpu_opportunity,1,False,4,1,qpu_B,0.00770851541560303,0,0.00770851541560303,0.20543987412870077,0.35
120,qpu_opportunity,1,False,4,2,qpu_B,0.0,0,0.0,0.20511226815382577,0.35
120,qpu_opportunity,1,False,4,3,qpu_B,0.030647428771758925,0,0.030647428771758925,0.20575139761135003,0.35
120,qpu_opportunity,1,False,4,4,qpu_B,0.00770851541560303,0,0.00770851541560303,0.20855956460986477,0.35
120,qpu_opportunity,1,False,4,5,qpu_B,0.0,0,0.0,0.20878642537666975,0.35
120,qpu_opportunity,1,False,4,6,qpu_B,0.0,0,0.0,0.20224777355321882,0.35
120,qpu_opportunity,1,False,4,7,qpu_B,0.00770851541560303,0,0.00770851541560303,0.21677697600412918,0.35
120,qpu_opportunity,1,False,4,8,qpu_B,0.0,0,0.0,0.20689193610207743,0.35
120,qpu_opportunity,1,False,4,9,qpu_B,0.0,0,0.0,0.2134703764739368,0.35
120,qpu_opportunity,1,False,4,10,qpu_B,0.00770851541560303,0,0.00770851541560303,0.21080853022344873,0.35
120,qpu_opportunity,1,False,4,11,qpu_B,0.06846506302782733,0,0.06846506302782733,0.2150628387272016,0.35
120,qpu_opportunity,1,False,4,12,qpu_B,0.0,0,0.0,0.20520694285788144,0.35
120,qpu_opportunity,1,False,4,13,qpu_B,0.030647428771758925,0,0.030647428771758925,0.21756625485085215,0.35
120,qpu_opportunity,1,False,4,14,qpu_B,0.00770851541560303,0,0.00770851541560303,0.20485320620312703,0.35
120,qpu_opportunity,1,False,4,15,qpu_B,0.06846506302782733,0,0.06846506302782733,0.2019207756151786,0.35
120,qpu_opportunity,1,False,4,16,qpu_B,0.00770851541560303,0,0.00770851541560303,0.2052254500341904,0.35
120,qpu_opportunity,1,False,4,17,qpu_B,0.0,0,0.0,0.22127282874384066,0.35
120,qpu_opportunity,1,False,4,18,qpu_B,0.00770851541560303,0,0.00770851541560303,0.20452280485119556,0.35
120,qpu_opportunity,1,False,4,19,qpu_B,0.022938913356155895,0,0.022938913356155895,0.20259959569014796,0.35
120,qpu_opportunity,1,False,4,20,qpu_B,0.07667285363132327,0,0.07667285363132327,0.20442829026450612,0.35
120,qpu_opportunity,1,False,4,21,qpu_B,0.0,0,0.0,0.2063528770867951,0.35
120,qpu_opportunity,1,False,4,22,qpu_B,0.0,0,0.0,0.20531754429996044,0.35
120,qpu_opportunity,1,False,4,23,qpu_B,0.022938913356155895,0,0.022938913356155895,0.21213081316051194,0.35
120,qpu_opportunity,1,False,4,24,qpu_B,0.00770851541560303,0,0.00770851541560303,0.2068885230482087,0.35
120,qpu_opportunity,1,False,4,25,qpu_B,0.022938913356155895,0,0.022938913356155895,0.21046896944569807,0.35
120,qpu_opportunity,1,False,4,26,qpu_B,0.00770851541560303,0,0.00770851541560303,0.20495245807117174,0.35
120,qpu_opportunity,1,False,4,27,qpu_B,0.0,0,0.0,0.21331080443711276,0.35
120,qpu_opportunity,1,False,4,28,qpu_B,0.0,0,0.0,0.20502656493837076,0.35
120,qpu_opportunity,1,False,4,29,qpu_B,0.022938913356155895,0,0.022938913356155895,0.2063994356960158,0.35
120,qpu_opportunity,1,False,4,30,qpu_B,0.022938913356155895,0,0.022938913356155895,0.20748369140191023,0.35
120,qpu_opportunity,1,False,4,31,qpu_B,0.0,0,0.0,0.20069772669711264,0.35
120,qpu_opportunity,1,False,4,32,qpu_B,0.0,0,0.0,0.21305769498294524,0.35
120,qpu_opportunity,1,False,4,33,qpu_B,0.00770851541560303,0,0.00770851541560303,0.2048670526144613,0.35
120,qpu_opportunity,1,False,4,34,qpu_B,0.0,0,0.0,0.20753114386761434,0.35
120,qpu_opportunity,1,False,4,35,qpu_B,0.00770851541560303,0,0.00770851541560303,0.21373208085520204,0.35
120,qpu_opportunity,1,False,4,36,qpu_B,0.0,0,0.0,0.20509787887638217,0.35
120,qpu_opportunity,1,False,4,37,qpu_B,0.0,0,0.0,0.20537586916375164,0.35
120,qpu_opportunity,1,False,4,38,qpu_B,0.0,0,0.0,0.20561883805823503,0.35
120,qpu_opportunity,1,False,4,39,qpu_B,0.0,0,0.0,0.2175994847134012,0.35
120,qpu_opportunity,1,False,4,40,qpu_B,0.0,0,0.0,0.21295732587242613,0.35
120,qpu_opportunity,1,False,4,41,qpu_B,0.00770851541560303,0,0.00770851541560303,0.20343439649650133,0.35
120,qpu_opportunity,1,False,4,42,qpu_B,0.0,0,0.0,0.20870640533420212,0.35
120,qpu_opportunity,1,False,4,43,qpu_B,0.00770851541560303,0,0.00770851541560303,0.20469223223675165,0.35
120,qpu_opportunity,1,False,4,44,qpu_B,0.0,0,0.0,0.21059668634544082,0.35
120,qpu_opportunity,1,False,4,45,qpu_B,0.0,0,0.0,0.20143126654474205,0.35
120,qpu_opportunity,1,False,4,46,qpu_B,0.00770851541560303,0,0.00770851541560303,0.20488227273770998,0.35
120,qpu_opportunity,1,False,4,47,qpu_B,0.00770851541560303,0,0.00770851541560303,0.20746845691340202,0.35
120,qpu_opportunity,1,False,4,48,qpu_B,0.00770851541560303,0,0.00770851541560303,0.20233247761768994,0.35
120,qpu_opportunity,1,False,4,49,qpu_B,0.0,0,0.0,0.2132167840920257,0.35
120,qpu_opportunity,1,False,4,50,qpu_B,1.0,1,0.0,1.0520221175775064,0.35
120,qpu_opportunity,1,False,4,51,qpu_B,0.00770851541560303,0,0.00770851541560303,0.20180927848293884,0.35
120,qpu_opportunity,1,False,4,52,qpu_B,0.0,0,0.0,0.2135159630890293,0.35
120,qpu_opportunity,1,False,4,53,qpu_B,1.0,1,0.00770851541560303,0.9993232811664536,0.35
120,qpu_opportunity,1,False,4,54,qpu_B,0.022938913356155895,0,0.022938913356155895,0.19849697390014903,0.35
120,qpu_opportunity,1,False,4,55,qpu_B,0.0,0,0.0,0.20594274612005284,0.35
120,qpu_opportunity,1,False,4,56,qpu_B,0.06846506302782733,0,0.06846506302782733,0.2151156376406862,0.35
120,qpu_opportunity,1,False,4,57,qpu_B,0.00770851541560303,0,0.00770851541560303,0.2075770834374862,0.35
120,qpu_opportunity,1,False,4,58,qpu_B,0.0,0,0.0,0.2013759058944326,0.35
120,qpu_opportunity,1,False,4,59,qpu_B,0.030647428771758925,0,0.030647428771758925,0.20967904136108242,0.35
120,qpu_opportunity,1,False,4,60,qpu_B,0.0,0,0.0,0.20006113157422709,0.35
120,qpu_opportunity,1,False,4,61,qpu_B,0.00770851541560303,0,0.00770851541560303,0.20620656504066423,0.35
120,qpu_opportunity,1,False,4,62,qpu_B,0.00770851541560303,0,0.00770851541560303,0.2164309891258739,0.35
120,qpu_opportunity,1,False,4,63,qpu_B,0.00770851541560303,0,0.00770851541560303,0.20732730398185042,0.35
120,qpu_opportunity,1,False,4,64,qpu_B,0.0,0,0.0,0.22516548440312012,0.35
120,qpu_opportunity,1,False,4,65,qpu_B,0.0,0,0.0,0.20909890027957,0.35
120,qpu_opportunity,1,False,4,66,qpu_B,0.00770851541560303,0,0.00770851541560303,0.2036571108033576,0.35
120,qpu_opportunity,1,False,4,67,qpu_B,0.0,0,0.0,0.201638360506071,0.35
120,qpu_opportunity,1,False,4,68,qpu_B,0.00770851541560303,0,0.00770851541560303,0.20077321346612043,0.35
120,qpu_opportunity,1,False,4,69,qpu_B,0.0,0,0.0,0.2085939419570699,0.35
120,qpu_opportunity,1,False,4,70,qpu_B,0.00770851541560303,0,0.00770851541560303,0.20921071076554865,0.35
120,qpu_opportunity,1,False,4,71,qpu_B,0.00770851541560303,0,0.00770851541560303,0.2089224267941314,0.35
120,qpu_opportunity,1,False,4,72,qpu_B,0.022938913356155895,0,0.022938913356155895,0.20465996609913467,0.35
120,qpu_opportunity,1,False,4,73,qpu_B,0.0,0,0.0,0.20829664014396826,0.35
120,qpu_opportunity,1,False,4,74,qpu_B,0.00770851541560303,0,0.00770851541560303,0.20248734841493848,0.35
120,qpu_opportunity,1,False,4,75,qpu_B,0.0,0,0.0,0.1984319750966641,0.35
120,qpu_opportunity,1,False,4,76,qpu_B,0.030647428771758925,0,0.030647428771758925,0.20595984946468637,0.35
120,qpu_opportunity,1,False,4,77,qpu_B,0.0,0,0.0,0.20191125810834654,0.35
120,qpu_opportunity,1,False,4,78,qpu_B,0.00770851541560303,0,0.00770851541560303,0.21219776607343344,0.35
120,qpu_opportunity,1,False,4,79,qpu_B,0.0,0,0.0,0.2086544452307291,0.35
120,qpu_opportunity,1,False,4,80,qpu_B,0.00770851541560303,0,0.00770851541560303,0.20518843151594487,0.35
120,qpu_opportunity,1,False,4,81,qpu_B,0.0,0,0.0,0.20772255087936256,0.35
120,qpu_opportunity,1,False,4,82,qpu_B,0.00770851541560303,0,0.00770851541560303,0.21262689911839713,0.35
120,qpu_opportunity,1,False,4,83,qpu_B,0.0,0,0.0,0.21110323040733772,0.35
120,qpu_opportunity,1,False,4,84,qpu_B,0.3661384783533855,0,0.3661384783533855,0.20121305937549763,0.35
120,qpu_opportunity,1,False,4,85,qpu_B,0.0,0,0.0,0.2007092373917921,0.35
120,qpu_opportunity,1,False,4,86,qpu_B,0.0,0,0.0,0.212839371627939,0.35
120,qpu_opportunity,1,False,4,87,qpu_B,0.0,0,0.0,0.20177186450166804,0.35
120,qpu_opportunity,1,False,4,88,qpu_B,0.00770851541560303,0,0.00770851541560303,0.2122722448610007,0.35
120,qpu_opportunity,1,False,4,89,qpu_B,0.00770851541560303,0,0.00770851541560303,0.20160515503711607,0.35
120,qpu_opportunity,1,False,4,90,qpu_B,0.030647428771758925,0,0.030647428771758925,0.2036933586590666,0.35
120,qpu_opportunity,1,False,4,91,qpu_B,0.0,0,0.0,0.213953176384308,0.35
120,qpu_opportunity,1,False,4,92,qpu_B,0.022938913356155895,0,0.022938913356155895,0.21212912184709268,0.35
120,qpu_opportunity,1,False,4,93,qpu_B,0.00770851541560303,0,0.00770851541560303,0.20271382302380042,0.35
120,qpu_opportunity,1,False,4,94,qpu_B,0.00770851541560303,0,0.00770851541560303,0.21400940577528146,0.35
120,qpu_opportunity,1,False,4,95,qpu_B,1.0,1,0.022938913356155895,0.9728749784297788,0.35
120,qpu_opportunity,1,False,4,96,qpu_B,0.0,0,0.0,0.20324453375820162,0.35
120,qpu_opportunity,1,False,4,97,qpu_B,0.022938913356155895,0,0.022938913356155895,0.202490003200779,0.35
120,qpu_opportunity,1,False,4,98,qpu_B,0.0,0,0.0,0.21038125407527788,0.35
120,qpu_opportunity,1,False,4,99,qpu_B,0.0,0,0.0,0.20867253932666596,0.35
120,qpu_opportunity,1,False,4,100,qpu_B,0.0,0,0.0,0.20710652483823414,0.35
120,qpu_opportunity,1,False,4,101,qpu_B,0.0,0,0.0,0.2084954595694095,0.35
120,qpu_opportunity,1,False,4,102,qpu_B,0.0,0,0.0,0.19915789611001353,0.35
120,qpu_opportunity,1,False,4,103,qpu_B,0.00770851541560303,0,0.00770851541560303,0.21333846046659605,0.35
120,qpu_opportunity,1,False,4,104,qpu_B,0.0,0,0.0,0.21170438331502653,0.35
120,qpu_opportunity,1,False,4,105,qpu_B,0.0,0,0.0,0.20121919321771434,0.35
120,qpu_opportunity,1,False,4,106,qpu_B,0.0,0,0.0,0.22063117106713462,0.35
120,qpu_opportunity,1,False,4,107,qpu_B,0.00770851541560303,0,0.00770851541560303,0.21260504227801635,0.35
120,qpu_opportunity,1,False,4,108,qpu_B,0.0,0,0.0,0.210782949973935,0.35
120,qpu_opportunity,1,False,4,109,qpu_B,0.0,0,0.0,0.20484217187725706,0.35
120,qpu_opportunity,1,False,4,110,qpu_B,0.0,0,0.0,0.2108093021537146,0.35
120,qpu_opportunity,1,False,4,111,qpu_B,0.022938913356155895,0,0.022938913356155895,0.19804981989388445,0.35
120,qpu_opportunity,1,False,4,112,qpu_B,0.00770851541560303,0,0.00770851541560303,0.201172107537166,0.35
120,qpu_opportunity,1,False,4,113,qpu_B,0.022938913356155895,0,0.022938913356155895,0.21249738685438196,0.35
120,qpu_opportunity,1,False,4,114,qpu_B,0.0,0,0.0,0.20365504805610643,0.35
120,qpu_opportunity,1,False,4,115,qpu_B,0.0,0,0.0,0.20254929679758452,0.35
120,qpu_opportunity,1,False,4,116,qpu_B,1.0,1,0.00770851541560303,1.324898574444761,0.35
120,qpu_opportunity,1,False,4,117,qpu_B,0.0,0,0.0,0.2069131966468482,0.35
120,qpu_opportunity,1,False,4,118,qpu_B,0.0,0,0.0,0.20817306501769214,0.35
120,qpu_opportunity,1,False,4,119,qpu_B,0.0,0,0.0,0.20077815766029425,0.35
120,qpu_opportunity,1,False,5,0,qpu_B,1.0,1,0.09964265908238187,0.2928979040150811,0.35
120,qpu_opportunity,1,False,5,1,qpu_B,1.0,1,0.09964265908238187,0.29686410832128823,0.35
120,qpu_opportunity,1,False,5,2,qpu_B,1.0,1,0.09964265908238187,0.31038584474086894,0.35
120,qpu_opportunity,1,False,5,3,qpu_B,0.0,0,0.0,0.29376035455104954,0.35
120,qpu_opportunity,1,False,5,4,qpu_B,0.2011065285750439,0,0.2011065285750439,0.2916911686606321,0.35
120,qpu_opportunity,1,False,5,5,qpu_B,0.06846506302782733,0,0.06846506302782733,0.2947596177195725,0.35
120,qpu_opportunity,1,False,5,6,qpu_B,1.0,1,0.014436959281245158,0.312911216216871,0.35
120,qpu_opportunity,1,False,5,7,qpu_B,1.0,1,1.1087782000249835,0.2891405922855726,0.35
120,qpu_opportunity,1,False,5,8,qpu_B,1.0,1,0.09964265908238187,0.2926766385398477,0.35
120,qpu_opportunity,1,False,5,9,qpu_B,0.00770851541560303,0,0.00770851541560303,0.289150728305253,0.35
120,qpu_opportunity,1,False,5,10,qpu_B,0.06846506302782733,0,0.06846506302782733,0.29841791634075515,0.35
120,qpu_opportunity,1,False,5,11,qpu_B,0.0,0,0.0,0.28997822145695473,0.35
120,qpu_opportunity,1,False,5,12,qpu_B,0.0,0,0.0,0.29599411820406707,0.35
120,qpu_opportunity,1,False,5,13,qpu_B,0.1781676152188882,0,0.1781676152188882,0.29795575130848173,0.35
120,qpu_opportunity,1,False,5,14,qpu_B,0.08776832527186926,0,0.08776832527186926,0.2983949515982258,0.35
120,qpu_opportunity,1,False,5,15,qpu_B,1.0,1,0.2969135894745723,0.29747215912172287,0.35
120,qpu_opportunity,1,False,5,16,qpu_B,0.00770851541560303,0,0.00770851541560303,0.29512440730544653,0.35
120,qpu_opportunity,1,False,5,17,qpu_B,0.3661384783533855,0,0.3661384783533855,0.28922544711278697,0.35
120,qpu_opportunity,1,False,5,18,qpu_B,1.0,1,0.09964265908238187,0.2885520309664896,0.35
120,qpu_opportunity,1,False,5,19,qpu_B,0.030647428771758925,0,0.030647428771758925,0.2920280079033416,0.35
120,qpu_opportunity,1,False,5,20,qpu_B,0.0,0,0.0,0.2910712034229167,0.35
120,qpu_opportunity,1,False,5,21,qpu_B,0.3661384783533855,0,0.3661384783533855,0.30015466475874586,0.35
120,qpu_opportunity,1,False,5,22,qpu_B,0.08776832527186926,0,0.08776832527186926,0.2911910875905539,0.35
120,qpu_opportunity,1,False,5,23,qpu_B,0.022938913356155895,0,0.022938913356155895,0.2923060345533023,0.35
120,qpu_opportunity,1,False,5,24,qpu_B,0.00770851541560303,0,0.00770851541560303,0.2911223159749997,0.35
120,qpu_opportunity,1,False,5,25,qpu_B,1.0,1,0.12258157243853758,0.29726440548801925,0.35
120,qpu_opportunity,1,False,5,26,qpu_B,0.07667285363132327,0,0.07667285363132327,0.299982964213337,0.35
120,qpu_opportunity,1,False,5,27,qpu_B,0.00770851541560303,0,0.00770851541560303,0.28795117402339465,0.35
120,qpu_opportunity,1,False,5,28,qpu_B,0.1781676152188882,0,0.1781676152188882,0.2932327161036716,0.35
120,qpu_opportunity,1,False,5,29,qpu_B,1.0,1,0.09964265908238187,0.29182740654748374,0.35
120,qpu_opportunity,1,False,5,30,qpu_B,0.0,0,0.0,0.29188925640809904,0.35
120,qpu_opportunity,1,False,5,31,qpu_B,0.1781676152188882,0,0.1781676152188882,0.29418853356135344,0.35
120,qpu_opportunity,1,False,5,32,qpu_B,1.0,1,0.2969135894745723,0.3040397438755133,0.35
120,qpu_opportunity,1,False,5,33,qpu_B,1.0,1,1.8064978301903847,0.3010441148203816,0.35
120,qpu_opportunity,1,False,5,34,qpu_B,0.00770851541560303,0,0.00770851541560303,0.2959348309202744,0.35
120,qpu_opportunity,1,False,5,35,qpu_B,1.0,1,0.0062291686777490324,0.2901123035459201,0.35
120,qpu_opportunity,1,False,5,36,qpu_B,1.0,1,0.981515131631342,0.2995814513016684,0.35
120,qpu_opportunity,1,False,5,37,qpu_B,1.0,1,0.5749621087999711,0.29667101508647287,0.35
120,qpu_opportunity,1,False,5,38,qpu_B,1.0,1,0.6915349106315613,0.30197448706845575,0.35
120,qpu_opportunity,1,False,5,39,qpu_B,0.07667285363132327,0,0.07667285363132327,0.29863714291942084,0.35
120,qpu_opportunity,1,False,5,40,qpu_B,0.2011065285750439,0,0.2011065285750439,0.3004410002012394,0.35
120,qpu_opportunity,1,False,5,41,qpu_B,1.0,1,0.0062291686777490324,0.29268335252514394,0.35
120,qpu_opportunity,1,False,5,42,qpu_B,0.06846506302782733,0,0.06846506302782733,0.2912759328136618,0.35
120,qpu_opportunity,1,False,5,43,qpu_B,0.1781676152188882,0,0.1781676152188882,0.2998117451921044,0.35
120,qpu_opportunity,1,False,5,44,qpu_B,0.3661384783533855,0,0.3661384783533855,0.2990343746452053,0.35
120,qpu_opportunity,1,False,5,45,qpu_B,1.0,1,0.0062291686777490324,0.3019215019637017,0.35
120,qpu_opportunity,1,False,5,46,qpu_B,0.00770851541560303,0,0.00770851541560303,0.28958552072037447,0.35
120,qpu_opportunity,1,False,5,47,qpu_B,0.1781676152188882,0,0.1781676152188882,0.2921225592185282,0.35
120,qpu_opportunity,1,False,5,48,qpu_B,1.0,1,0.09964265908238187,0.29033895557973544,0.35
120,qpu_opportunity,1,False,5,49,qpu_B,1.0,1,0.09964265908238187,0.2983712211420436,0.35
120,qpu_opportunity,1,False,5,50,qpu_B,1.0,1,0.1781676152188882,1.2929653753173393,0.35
120,qpu_opportunity,1,False,5,51,qpu_B,0.0,0,0.0,0.29768454750352735,0.35
120,qpu_opportunity,1,False,5,52,qpu_B,1.0,1,0.09964265908238187,0.29369689821077893,0.35
120,qpu_opportunity,1,False,5,53,qpu_B,1.0,1,0.2011065285750439,1.0838664496711445,0.35
120,qpu_opportunity,1,False,5,54,qpu_B,0.06846506302782733,0,0.06846506302782733,0.2903779980393235,0.35
120,qpu_opportunity,1,False,5,55,qpu_B,0.0,0,0.0,0.2956718237117838,0.35
120,qpu_opportunity,1,False,5,56,qpu_B,1.0,1,0.12258157243853758,0.2955775379873472,0.35
120,qpu_opportunity,1,False,5,57,qpu_B,1.0,1,1.742727082120546,0.2885295917992406,0.35
120,qpu_opportunity,1,False,5,58,qpu_B,1.0,1,0.12258157243853758,0.2951389657500084,0.35
120,qpu_opportunity,1,False,5,59,qpu_B,1.0,1,0.981515131631342,0.2914366146959929,0.35
120,qpu_opportunity,1,False,5,60,qpu_B,1.0,1,0.41025179277774715,0.2926182737836708,0.35
120,qpu_opportunity,1,False,5,61,qpu_B,0.2011065285750439,0,0.2011065285750439,0.29787082491034145,0.35
120,qpu_opportunity,1,False,5,62,qpu_B,1.0,1,0.3873128794215912,0.2895510056807795,0.35
120,qpu_opportunity,1,False,5,63,qpu_B,1.0,1,0.2969135894745723,0.3105632087164547,0.35
120,qpu_opportunity,1,False,5,64,qpu_B,1.0,1,0.09964265908238187,0.2950478324851363,0.35
120,qpu_opportunity,1,False,5,65,qpu_B,0.2011065285750439,0,0.2011065285750439,0.29278752300283356,0.35
120,qpu_opportunity,1,False,5,66,qpu_B,0.2011065285750439,0,0.2011065285750439,0.287988997775781,0.35
120,qpu_opportunity,1,False,5,67,qpu_B,1.0,1,0.12258157243853758,0.3001437434457854,0.35
120,qpu_opportunity,1,False,5,68,qpu_B,1.0,1,0.09964265908238187,0.2927107239880533,0.35
120,qpu_opportunity,1,False,5,69,qpu_B,1.0,1,0.09964265908238187,0.2946701341796126,0.35
120,qpu_opportunity,1,False,5,70,qpu_B,0.0,0,0.0,0.3000969015344186,0.35
120,qpu_opportunity,1,False,5,71,qpu_B,0.2011065285750439,0,0.2011065285750439,0.28803363842237256,0.35
120,qpu_opportunity,1,False,5,72,qpu_B,1.0,1,0.09964265908238187,0.29716755306379017,0.35
120,qpu_opportunity,1,False,5,73,qpu_B,1.0,1,0.6130099544950551,0.2968789902018013,0.35
120,qpu_opportunity,1,False,5,74,qpu_B,0.00770851541560303,0,0.00770851541560303,0.29652764722454816,0.35
120,qpu_opportunity,1,False,5,75,qpu_B,0.1781676152188882,0,0.1781676152188882,0.2941386840126371,0.35
120,qpu_opportunity,1,False,5,76,qpu_B,0.0,0,0.0,0.29116244574881534,0.35
120,qpu_opportunity,1,False,5,77,qpu_B,0.2011065285750439,0,0.2011065285750439,0.2902123377736524,0.35
120,qpu_opportunity,1,False,5,78,qpu_B,0.2011065285750439,0,0.2011065285750439,0.30151991241787746,0.35
120,qpu_opportunity,1,False,5,79,qpu_B,1.0,1,0.6705062888472065,0.29023036040934014,0.35
120,qpu_opportunity,1,False,5,80,qpu_B,0.0,0,0.0,0.2876871760939932,0.35
120,qpu_opportunity,1,False,5,81,qpu_B,1.0,1,0.2969135894745723,0.30080011407908314,0.35
120,qpu_opportunity,1,False,5,82,qpu_B,1.0,1,0.3827068269566472,0.29142207857492575,0.35
120,qpu_opportunity,1,False,5,83,qpu_B,0.2011065285750439,0,0.2011065285750439,0.291181881143435,0.35
120,qpu_opportunity,1,False,5,84,qpu_B,1.0,1,1.8064978301903847,0.298601520425695,0.35
120,qpu_opportunity,1,False,5,85,qpu_B,0.0,0,0.0,0.29446777918711875,0.35
120,qpu_opportunity,1,False,5,86,qpu_B,0.08776832527186926,0,0.08776832527186926,0.28995016878798413,0.35
120,qpu_opportunity,1,False,5,87,qpu_B,1.0,1,0.2969135894745723,0.2873406383173021,0.35
120,qpu_opportunity,1,False,5,88,qpu_B,0.2011065285750439,0,0.2011065285750439,0.2908354902329283,0.35
120,qpu_opportunity,1,False,5,89,qpu_B,0.2011065285750439,0,0.2011065285750439,0.29398952154306507,0.35
120,qpu_opportunity,1,False,5,90,qpu_B,1.0,1,0.0062291686777490324,0.29351943088342025,0.35
120,qpu_opportunity,1,False,5,91,qpu_B,1.0,1,0.09964265908238187,0.2940725711222876,0.35
120,qpu_opportunity,1,False,5,92,qpu_B,1.0,1,1.0642575858465737,0.3013085405488004,0.35
120,qpu_opportunity,1,False,5,93,qpu_B,1.0,1,0.0062291686777490324,0.2949632038295204,0.35
120,qpu_opportunity,1,False,5,94,qpu_B,0.0,0,0.0,0.2950255250506033,0.35
120,qpu_opportunity,1,False,5,95,qpu_B,1.0,1,0.022938913356155895,1.4445663102493982,0.35
120,qpu_opportunity,1,False,5,96,qpu_B,0.0,0,0.0,0.2917101119631923,0.35
120,qpu_opportunity,1,False,5,97,qpu_B,0.06846506302782733,0,0.06846506302782733,0.29582566804475396,0.35
120,qpu_opportunity,1,False,5,98,qpu_B,0.1781676152188882,0,0.1781676152188882,0.29552526180717553,0.35
120,qpu_opportunity,1,False,5,99,qpu_B,1.0,1,0.09964265908238187,0.2905173890359212,0.35
120,qpu_opportunity,1,False,5,100,qpu_B,0.0,0,0.0,0.29552282253814155,0.35
120,qpu_opportunity,1,False,5,101,qpu_B,1.0,1,0.5508902904339003,0.29482626351054275,0.35
120,qpu_opportunity,1,False,5,102,qpu_B,0.06846506302782733,0,0.06846506302782733,0.2926971272999962,0.35
120,qpu_opportunity,1,False,5,103,qpu_B,1.0,1,0.5989692822076026,0.2992838969339626,0.35
120,qpu_opportunity,1,False,5,104,qpu_B,1.0,1,0.12258157243853758,0.30234745523893225,0.35
120,qpu_opportunity,1,False,5,105,qpu_B,0.07667285363132327,0,0.07667285363132327,0.29294900616315234,0.35
120,qpu_opportunity,1,False,5,106,qpu_B,0.1781676152188882,0,0.1781676152188882,0.2963454457178764,0.35
120,qpu_opportunity,1,False,5,107,qpu_B,0.00770851541560303,0,0.00770851541560303,0.29098564712443087,0.35
120,qpu_opportunity,1,False,5,108,qpu_B,1.0,1,0.09964265908238187,0.29843098620869835,0.35
120,qpu_opportunity,1,False,5,109,qpu_B,1.0,1,0.09964265908238187,0.29603081459255165,0.35
120,qpu_opportunity,1,False,5,110,qpu_B,0.08005980985626623,0,0.08005980985626623,0.2933146290049223,0.35
120,qpu_opportunity,1,False,5,111,qpu_B,0.0,0,0.0,0.29377397172300573,0.35
120,qpu_opportunity,1,False,5,112,qpu_B,1.0,1,0.49490229894370485,0.29476892872143867,0.35
120,qpu_opportunity,1,False,5,113,qpu_B,0.0,0,0.0,0.2900357507447594,0.35
120,qpu_opportunity,1,False,5,114,qpu_B,0.06846506302782733,0,0.06846506302782733,0.30554797487086327,0.35
120,qpu_opportunity,1,False,5,115,qpu_B,1.0,1,0.3873128794215912,0.29066579917056257,0.35
120,qpu_opportunity,1,False,5,116,qpu_B,1.0,1,0.0,1.0672411285422394,0.35
120,qpu_opportunity,1,False,5,117,qpu_B,0.2011065285750439,0,0.2011065285750439,0.3056066549070371,0.35
120,qpu_opportunity,1,False,5,118,qpu_B,1.0,1,0.41025179277774715,0.2921451971444774,0.35
120,qpu_opportunity,1,False,5,119,qpu_B,0.2011065285750439,0,0.2011065285750439,0.2975358491379402,0.35
120,queue_stress,1,False,0,0,classical,1.0,1,1.2003607738909847,0.011372919543646276,0.35
120,queue_stress,1,False,0,1,classical,1.0,1,0.30339978702985887,0.011756459716707468,0.35
120,queue_stress,1,False,0,2,classical,1.0,1,0.49490229894370485,0.012823960278183222,0.35
120,queue_stress,1,False,0,3,classical,1.0,1,0.2969135894745723,0.013452705461531878,0.35
120,queue_stress,1,False,0,4,classical,1.0,1,0.749725404773364,0.014827914419583976,0.35
120,queue_stress,1,False,0,5,classical,1.0,1,0.3039025840033074,0.01365375006571412,0.35
120,queue_stress,1,False,0,6,classical,0.07667285363132327,0,0.07667285363132327,0.013055210001766682,0.35
120,queue_stress,1,False,0,7,classical,1.0,1,0.5189094723513364,0.013260000268928707,0.35
120,queue_stress,1,False,0,8,classical,0.1781676152188882,0,0.1781676152188882,0.012454164680093527,0.35
120,queue_stress,1,False,0,9,classical,0.022938913356155895,0,0.022938913356155895,0.011299790348857641,0.35
120,queue_stress,1,False,0,10,classical,1.0,1,0.5672535933843681,0.01159749983344227,0.35
120,queue_stress,1,False,0,11,classical,0.022938913356155895,0,0.022938913356155895,0.012575419968925416,0.35
120,queue_stress,1,False,0,12,classical,0.022938913356155895,0,0.022938913356155895,0.01157416496425867,0.35
120,queue_stress,1,False,0,13,classical,0.0,0,0.0,0.011257290025241673,0.35
120,queue_stress,1,False,0,14,classical,0.022938913356155895,0,0.022938913356155895,0.01211208465974778,0.35
120,queue_stress,1,False,0,15,classical,1.0,1,0.48719378352810183,0.011694164713844657,0.35
120,queue_stress,1,False,0,16,classical,1.0,1,0.2969135894745723,0.011433750041760504,0.35
120,queue_stress,1,False,0,17,classical,0.00770851541560303,0,0.00770851541560303,0.010728335473686457,0.35
120,queue_stress,1,False,0,18,classical,0.030647428771758925,0,0.030647428771758925,0.01190542010590434,0.35
120,queue_stress,1,False,0,19,classical,0.07667285363132327,0,0.07667285363132327,0.010961875086650252,0.35
120,queue_stress,1,False,0,20,classical,0.3661384783533855,0,0.3661384783533855,0.013391039683483541,0.35
120,queue_stress,1,False,0,21,classical,1.0,1,0.014436959281245158,0.012847500038333237,0.35
120,queue_stress,1,False,0,22,classical,1.0,1,0.3198525028307282,0.014061874826438725,0.35
120,queue_stress,1,False,0,23,classical,0.022938913356155895,0,0.022938913356155895,0.011101040290668607,0.35
120,queue_stress,1,False,0,24,classical,1.0,1,0.014436959281245158,0.013772914535365999,0.35
120,queue_stress,1,False,0,25,classical,0.08776832527186926,0,0.08776832527186926,0.01100854016840458,0.35
120,queue_stress,1,False,0,26,classical,1.0,1,0.0062291686777490324,0.011431875173002481,0.35
120,queue_stress,1,False,0,27,classical,0.0,0,0.0,0.012636875035241246,0.35
120,queue_stress,1,False,0,28,classical,0.3661384783533855,0,0.3661384783533855,0.011532084899954498,0.35
120,queue_stress,1,False,0,29,classical,0.030647428771758925,0,0.030647428771758925,0.01139291503932327,0.35
120,queue_stress,1,False,0,30,classical,1.0,1,0.0062291686777490324,0.013882085331715643,0.35
120,queue_stress,1,False,0,31,classical,0.1781676152188882,0,0.1781676152188882,0.0117575004696846,0.35
120,queue_stress,1,False,0,32,classical,0.030647428771758925,0,0.030647428771758925,0.01103937451262027,0.35
120,queue_stress,1,False,0,33,classical,0.06846506302782733,0,0.06846506302782733,0.01095645478926599,0.35
120,queue_stress,1,False,0,34,classical,0.022938913356155895,0,0.022938913356155895,0.0136058300267905,0.35
120,queue_stress,1,False,0,35,classical,0.08005980985626623,0,0.08005980985626623,0.011172710219398141,0.35
120,queue_stress,1,False,0,36,classical,1.0,1,0.6343468302124198,0.011239795130677521,0.35
120,queue_stress,1,False,0,37,classical,0.00770851541560303,0,0.00770851541560303,0.013320830184966326,0.35
120,queue_stress,1,False,0,38,classical,1.0,1,0.41025179277774715,0.011449999874457717,0.35
120,queue_stress,1,False,0,39,classical,0.0,0,0.0,0.011098124668933451,0.35
120,queue_stress,1,False,0,40,classical,0.3661384783533855,0,0.3661384783533855,0.012645000242628157,0.35
120,queue_stress,1,False,0,41,classical,0.0,0,0.0,0.010917705367319286,0.35
120,queue_stress,1,False,0,42,classical,1.0,1,0.30339978702985887,0.011382499942556024,0.35
120,queue_stress,1,False,0,43,classical,1.0,1,0.3198525028307282,0.011301454505883157,0.35
120,queue_stress,1,False,0,44,classical,0.07667285363132327,0,0.07667285363132327,0.012336249928921461,0.35
120,queue_stress,1,False,0,45,classical,0.08776832527186926,0,0.08776832527186926,0.010954579920507967,0.35
120,queue_stress,1,False,0,46,classical,1.0,1,0.2892050740589693,0.011547704925760627,0.35
120,queue_stress,1,False,0,47,classical,0.0,0,0.0,0.01285083475522697,0.35
120,queue_stress,1,False,0,48,classical,0.07667285363132327,0,0.07667285363132327,0.011432705214247108,0.35
120,queue_stress,1,False,0,49,classical,1.0,1,0.09964265908238187,0.011470000026747584,0.35
120,queue_stress,1,False,0,50,classical,1.0,1,0.5738292037900561,0.013007499510422349,0.35
120,queue_stress,1,False,0,51,classical,0.2011065285750439,0,0.2011065285750439,0.011206460185348988,0.35
120,queue_stress,1,False,0,52,classical,0.00770851541560303,0,0.00770851541560303,0.011037295334972441,0.35
120,queue_stress,1,False,0,53,classical,0.0,0,0.0,0.010997084900736809,0.35
120,queue_stress,1,False,0,54,classical,0.08005980985626623,0,0.08005980985626623,0.011529999901540577,0.35
120,queue_stress,1,False,0,55,classical,0.07667285363132327,0,0.07667285363132327,0.011155210086144507,0.35
120,queue_stress,1,False,0,56,classical,0.0,0,0.0,0.01143208472058177,0.35
120,queue_stress,1,False,0,57,classical,1.0,1,0.48719378352810183,0.013168329605832696,0.35
120,queue_stress,1,False,0,58,classical,0.1781676152188882,0,0.1781676152188882,0.010882915230467916,0.35
120,queue_stress,1,False,0,59,classical,1.0,1,0.9337730754650431,0.011199585278518498,0.35
120,queue_stress,1,False,0,60,classical,0.0,0,0.0,0.012610834673978388,0.35
120,queue_stress,1,False,0,61,classical,1.0,1,0.635948867851211,0.011436045169830322,0.35
120,queue_stress,1,False,0,62,classical,0.00770851541560303,0,0.00770851541560303,0.011287080124020576,0.35
120,queue_stress,1,False,0,63,classical,0.3661384783533855,0,0.3661384783533855,0.011307290405966341,0.35
120,queue_stress,1,False,0,64,classical,0.08005980985626623,0,0.08005980985626623,0.01086083531845361,0.35
120,queue_stress,1,False,0,65,classical,1.0,1,0.5508902904339003,0.01125479000620544,0.35
120,queue_stress,1,False,0,66,classical,1.0,1,0.2969135894745723,0.011304584913887084,0.35
120,queue_stress,1,False,0,67,classical,0.06846506302782733,0,0.06846506302782733,0.01409500022418797,0.35
120,queue_stress,1,False,0,68,classical,0.022938913356155895,0,0.022938913356155895,0.011126454919576645,0.35
120,queue_stress,1,False,0,69,classical,0.3661384783533855,0,0.3661384783533855,0.011325414525344968,0.35
120,queue_stress,1,False,0,70,classical,1.0,1,0.31214398741512517,0.013246044982224703,0.35
120,queue_stress,1,False,0,71,classical,1.0,1,0.2805253825192938,0.011651874519884586,0.35
120,queue_stress,1,False,0,72,classical,1.0,1,0.0062291686777490324,0.011624579783529043,0.35
120,queue_stress,1,False,0,73,classical,0.1781676152188882,0,0.1781676152188882,0.012247915146872401,0.35
120,queue_stress,1,False,0,74,classical,0.08005980985626623,0,0.08005980985626623,0.011126045137643814,0.35
120,queue_stress,1,False,0,75,classical,0.0,0,0.0,0.011140000424347818,0.35
120,queue_stress,1,False,0,76,classical,0.2011065285750439,0,0.2011065285750439,0.011140835122205317,0.35
120,queue_stress,1,False,0,77,classical,0.3661384783533855,0,0.3661384783533855,0.012542085023596883,0.35
120,queue_stress,1,False,0,78,classical,1.0,1,0.12258157243853758,0.011253334814682603,0.35
120,queue_stress,1,False,0,79,classical,0.0,0,0.0,0.011008125147782266,0.35
120,queue_stress,1,False,0,80,classical,0.00770851541560303,0,0.00770851541560303,0.01249645953066647,0.35
120,queue_stress,1,False,0,81,classical,1.0,1,0.09964265908238187,0.011326670064590871,0.35
120,queue_stress,1,False,0,82,classical,1.0,1,0.2892050740589693,0.011555625242181122,0.35
120,queue_stress,1,False,0,83,classical,1.0,1,0.5672535933843681,0.012542085023596883,0.35
120,queue_stress,1,False,0,84,classical,1.0,1,0.5738292037900561,0.01147083006799221,0.35
120,queue_stress,1,False,0,85,classical,0.3661384783533855,0,0.3661384783533855,0.011536249658092856,0.35
120,queue_stress,1,False,0,86,classical,0.07667285363132327,0,0.07667285363132327,0.011125000310130417,0.35
120,queue_stress,1,False,0,87,classical,0.022938913356155895,0,0.022938913356155895,0.012804580037482083,0.35
120,queue_stress,1,False,0,88,classical,0.1781676152188882,0,0.1781676152188882,0.011019165394827724,0.35
120,queue_stress,1,False,0,89,classical,1.0,1,0.6705062888472065,0.012161250342614949,0.35
120,queue_stress,1,False,0,90,classical,1.0,1,0.0062291686777490324,0.013007915113121271,0.35
120,queue_stress,1,False,0,91,classical,0.08776832527186926,0,0.08776832527186926,0.011177294654771686,0.35
120,queue_stress,1,False,0,92,classical,1.0,1,0.9898353081192782,0.011618539574556053,0.35
120,queue_stress,1,False,0,93,classical,1.0,1,1.0095172533607806,0.013462289934977889,0.35
120,queue_stress,1,False,0,94,classical,0.00770851541560303,0,0.00770851541560303,0.011370829888619483,0.35
120,queue_stress,1,False,0,95,classical,1.0,1,0.5672535933843681,0.011515829828567803,0.35
120,queue_stress,1,False,0,96,classical,0.030647428771758925,0,0.030647428771758925,0.010872709681279957,0.35
120,queue_stress,1,False,0,97,classical,1.0,1,0.2805253825192938,0.012415415258146822,0.35
120,queue_stress,1,False,0,98,classical,0.022938913356155895,0,0.022938913356155895,0.011205204646103084,0.35
120,queue_stress,1,False,0,99,classical,0.08005980985626623,0,0.08005980985626623,0.011298544704914093,0.35
120,queue_stress,1,False,0,100,classical,1.0,1,0.014436959281245158,0.013223330024629831,0.35
120,queue_stress,1,False,0,101,classical,0.0,0,0.0,0.011072914930991828,0.35
120,queue_stress,1,False,0,102,classical,1.0,1,0.2892050740589693,0.011172294616699219,0.35
120,queue_stress,1,False,0,103,classical,0.2011065285750439,0,0.2011065285750439,0.012787085142917931,0.35
120,queue_stress,1,False,0,104,classical,1.0,1,0.09964265908238187,0.011508960160426795,0.35
120,queue_stress,1,False,0,105,classical,1.0,1,0.3827068269566472,0.011661460157483816,0.35
120,queue_stress,1,False,0,106,classical,0.0,0,0.0,0.011926664737984538,0.35
120,queue_stress,1,False,0,107,classical,1.0,1,0.31214398741512517,0.011407500132918358,0.35
120,queue_stress,1,False,0,108,classical,1.0,1,0.5749621087999711,0.011340624769218266,0.35
120,queue_stress,1,False,0,109,classical,0.06846506302782733,0,0.06846506302782733,0.012083750334568322,0.35
120,queue_stress,1,False,0,110,classical,1.0,1,0.31214398741512517,0.014507915475405753,0.35
120,queue_stress,1,False,0,111,classical,0.1781676152188882,0,0.1781676152188882,0.012213750160299242,0.35
120,queue_stress,1,False,0,112,classical,1.0,1,0.5738292037900561,0.012596665183082223,0.35
120,queue_stress,1,False,0,113,classical,0.0,0,0.0,0.013050835113972425,0.35
120,queue_stress,1,False,0,114,classical,1.0,1,0.0062291686777490324,0.01173791999462992,0.35
120,queue_stress,1,False,0,115,classical,0.08005980985626623,0,0.08005980985626623,0.011194375110790133,0.35
120,queue_stress,1,False,0,116,classical,0.07667285363132327,0,0.07667285363132327,0.012609789846464992,0.35
120,queue_stress,1,False,0,117,classical,1.0,1,1.0254569702220118,0.011638749856501818,0.35
120,queue_stress,1,False,0,118,classical,1.0,1,1.0439242896109315,0.011597085394896567,0.35
120,queue_stress,1,False,0,119,classical,0.022938913356155895,0,0.022938913356155895,0.012554374989122152,0.35
120,queue_stress,1,False,1,0,classical,1.0,1,0.31214398741512517,0.011776875471696258,0.35
120,queue_stress,1,False,1,1,classical,1.0,1,0.12258157243853758,0.011611040099523962,0.35
120,queue_stress,1,False,1,2,classical,1.0,1,0.09964265908238187,0.013012084527872503,0.35
120,queue_stress,1,False,1,3,classical,0.00770851541560303,0,0.00770851541560303,0.011367294937372208,0.35
120,queue_stress,1,False,1,4,classical,0.06846506302782733,0,0.06846506302782733,0.011297289747744799,0.35
120,queue_stress,1,False,1,5,classical,0.08005980985626623,0,0.08005980985626623,0.011438539950177073,0.35
120,queue_stress,1,False,1,6,classical,1.0,1,0.31214398741512517,0.014994165394455194,0.35
120,queue_stress,1,False,1,7,classical,0.0,0,0.0,0.011375835165381432,0.35
120,queue_stress,1,False,1,8,classical,0.08005980985626623,0,0.08005980985626623,0.011148335179314017,0.35
120,queue_stress,1,False,1,9,classical,1.0,1,0.49490229894370485,0.013623125269077718,0.35
120,queue_stress,1,False,1,10,classical,0.06846506302782733,0,0.06846506302782733,0.011748125543817878,0.35
120,queue_stress,1,False,1,11,classical,0.0,0,0.0,0.011186040355823934,0.35
120,queue_stress,1,False,1,12,classical,1.0,1,1.1710140943750618,0.013403124758042395,0.35
120,queue_stress,1,False,1,13,classical,1.0,1,0.2892050740589693,0.01160167041234672,0.35
120,queue_stress,1,False,1,14,classical,0.08005980985626623,0,0.08005980985626623,0.011101249838247895,0.35
120,queue_stress,1,False,1,15,classical,1.0,1,0.3873128794215912,0.012892290251329541,0.35
120,queue_stress,1,False,1,16,classical,1.0,1,0.0062291686777490324,0.011386459809727967,0.35
120,queue_stress,1,False,1,17,classical,1.0,1,0.3827068269566472,0.01140812470111996,0.35
120,queue_stress,1,False,1,18,classical,1.0,1,0.28873317312278957,0.011427919962443411,0.35
120,queue_stress,1,False,1,19,classical,0.06846506302782733,0,0.06846506302782733,0.011283124913461506,0.35
120,queue_stress,1,False,1,20,classical,0.2011065285750439,0,0.2011065285750439,0.011418749927543104,0.35
120,queue_stress,1,False,1,21,classical,1.0,1,1.150282180353257,0.011459584929980338,0.35
120,queue_stress,1,False,1,22,classical,0.030647428771758925,0,0.030647428771758925,0.012136665172874928,0.35
120,queue_stress,1,False,1,23,classical,0.06846506302782733,0,0.06846506302782733,0.010892294812947512,0.35
120,queue_stress,1,False,1,24,classical,0.0,0,0.0,0.010686874738894403,0.35
120,queue_stress,1,False,1,25,classical,0.1781676152188882,0,0.1781676152188882,0.01165771041996777,0.35
120,queue_stress,1,False,1,26,classical,0.06846506302782733,0,0.06846506302782733,0.011749584809876978,0.35
120,queue_stress,1,False,1,27,classical,0.2011065285750439,0,0.2011065285750439,0.010780415032058954,0.35
120,queue_stress,1,False,1,28,classical,1.0,1,0.6915349106315613,0.011002080282196403,0.35
120,queue_stress,1,False,1,29,classical,0.3661384783533855,0,0.3661384783533855,0.011640829616226256,0.35
120,queue_stress,1,False,1,30,classical,0.00770851541560303,0,0.00770851541560303,0.010647084563970566,0.35
120,queue_stress,1,False,1,31,classical,1.0,1,0.0062291686777490324,0.011442709947004914,0.35
120,queue_stress,1,False,1,32,classical,0.00770851541560303,0,0.00770851541560303,0.012024170137010515,0.35
120,queue_stress,1,False,1,33,classical,1.0,1,0.014436959281245158,0.01125541515648365,0.35
120,queue_stress,1,False,1,34,classical,0.0,0,0.0,0.010743539896793664,0.35
120,queue_stress,1,False,1,35,classical,1.0,1,0.12258157243853758,0.011454374762251973,0.35
120,queue_stress,1,False,1,36,classical,0.00770851541560303,0,0.00770851541560303,0.011739584733732045,0.35
120,queue_stress,1,False,1,37,classical,0.00770851541560303,0,0.00770851541560303,0.011288539972156286,0.35
120,queue_stress,1,False,1,38,classical,1.0,1,0.0062291686777490324,0.011291875271126628,0.35
120,queue_stress,1,False,1,39,classical,0.0,0,0.0,0.01145396032370627,0.35
120,queue_stress,1,False,1,40,classical,0.3661384783533855,0,0.3661384783533855,0.010773750254884362,0.35
120,queue_stress,1,False,1,41,classical,0.1781676152188882,0,0.1781676152188882,0.011046454892493784,0.35
120,queue_stress,1,False,1,42,classical,0.022938913356155895,0,0.022938913356155895,0.011460210080258548,0.35
120,queue_stress,1,False,1,43,classical,0.00770851541560303,0,0.00770851541560303,0.011989789782091975,0.35
120,queue_stress,1,False,1,44,classical,1.0,1,0.3039025840033074,0.011664165067486465,0.35
120,queue_stress,1,False,1,45,classical,1.0,1,0.6915349106315613,0.011324374936521053,0.35
120,queue_stress,1,False,1,46,classical,0.3661384783533855,0,0.3661384783533855,0.011948335450142622,0.35
120,queue_stress,1,False,1,47,classical,0.0,0,0.0,0.01130145974457264,0.35
120,queue_stress,1,False,1,48,classical,0.1781676152188882,0,0.1781676152188882,0.01128833508118987,0.35
120,queue_stress,1,False,1,49,classical,0.08776832527186926,0,0.08776832527186926,0.01223646046128124,0.35
120,queue_stress,1,False,1,50,classical,0.00770851541560303,0,0.00770851541560303,0.011251874966546893,0.35
120,queue_stress,1,False,1,51,classical,0.06846506302782733,0,0.06846506302782733,0.010984165128320456,0.35
120,queue_stress,1,False,1,52,classical,0.06846506302782733,0,0.06846506302782733,0.011058329837396741,0.35
120,queue_stress,1,False,1,53,classical,1.0,1,0.7378036321622315,0.011712915147654712,0.35
120,queue_stress,1,False,1,54,classical,0.1781676152188882,0,0.1781676152188882,0.01088541466742754,0.35
120,queue_stress,1,False,1,55,classical,1.0,1,0.3198525028307282,0.0113272899761796,0.35
120,queue_stress,1,False,1,56,classical,0.06846506302782733,0,0.06846506302782733,0.011867079883813858,0.35
120,queue_stress,1,False,1,57,classical,0.1781676152188882,0,0.1781676152188882,0.011394795146770775,0.35
120,queue_stress,1,False,1,58,classical,0.08005980985626623,0,0.08005980985626623,0.011496875085867941,0.35
120,queue_stress,1,False,1,59,classical,0.06846506302782733,0,0.06846506302782733,0.011301875347271562,0.35
120,queue_stress,1,False,1,60,classical,1.0,1,0.9898353081192782,0.011574375093914568,0.35
120,queue_stress,1,False,1,61,classical,1.0,1,0.5508902904339003,0.011599374702200294,0.35
120,queue_stress,1,False,1,62,classical,0.0,0,0.0,0.010846669902093709,0.35
120,queue_stress,1,False,1,63,classical,1.0,1,0.6343468302124198,0.011956875096075237,0.35
120,queue_stress,1,False,1,64,classical,0.1781676152188882,0,0.1781676152188882,0.011322290520183742,0.35
120,queue_stress,1,False,1,65,classical,1.0,1,0.6343468302124198,0.011233335244469345,0.35
120,queue_stress,1,False,1,66,classical,0.2011065285750439,0,0.2011065285750439,0.011921250261366367,0.35
120,queue_stress,1,False,1,67,classical,1.0,1,0.2969135894745723,0.011252500116825104,0.35
120,queue_stress,1,False,1,68,classical,0.030647428771758925,0,0.030647428771758925,0.011065835133194923,0.35
120,queue_stress,1,False,1,69,classical,1.0,1,0.6130099544950551,0.013260829728096724,0.35
120,queue_stress,1,False,1,70,classical,1.0,1,1.150282180353257,0.011407915153540671,0.35
120,queue_stress,1,False,1,71,classical,0.2011065285750439,0,0.2011065285750439,0.011066460283473134,0.35
120,queue_stress,1,False,1,72,classical,1.0,1,0.0062291686777490324,0.011239374871365726,0.35
120,queue_stress,1,False,1,73,classical,1.0,1,0.9582945304218095,0.011991250212304294,0.35
120,queue_stress,1,False,1,74,classical,0.022938913356155895,0,0.022938913356155895,0.010933955200016499,0.35
120,queue_stress,1,False,1,75,classical,0.07667285363132327,0,0.07667285363132327,0.01127124996855855,0.35
120,queue_stress,1,False,1,76,classical,1.0,1,0.014436959281245158,0.012277704663574696,0.35
120,queue_stress,1,False,1,77,classical,1.0,1,0.014436959281245158,0.011591250076889992,0.35
120,queue_stress,1,False,1,78,classical,1.0,1,0.5672535933843681,0.01176312507595867,0.35
120,queue_stress,1,False,1,79,classical,1.0,1,0.28873317312278957,0.01196562487166375,0.35
120,queue_stress,1,False,1,80,classical,0.00770851541560303,0,0.00770851541560303,0.011024579871445894,0.35
120,queue_stress,1,False,1,81,classical,0.06846506302782733,0,0.06846506302782733,0.01144021051004529,0.35
120,queue_stress,1,False,1,82,classical,0.00770851541560303,0,0.00770851541560303,0.010814375127665699,0.35
120,queue_stress,1,False,1,83,classical,1.0,1,0.5189094723513364,0.013540210202336311,0.35
120,queue_stress,1,False,1,84,classical,0.08776832527186926,0,0.08776832527186926,0.010889795375987887,0.35
120,queue_stress,1,False,1,85,classical,1.0,1,0.014436959281245158,0.011309374822303653,0.35
120,queue_stress,1,False,1,86,classical,0.030647428771758925,0,0.030647428771758925,0.01203041523694992,0.35
120,queue_stress,1,False,1,87,classical,1.0,1,0.9265788415985748,0.011676460271701217,0.35
120,queue_stress,1,False,1,88,classical,1.0,1,1.1710140943750618,0.011547710164450109,0.35
120,queue_stress,1,False,1,89,classical,0.2011065285750439,0,0.2011065285750439,0.011740209884010255,0.35
120,queue_stress,1,False,1,90,classical,1.0,1,0.2805253825192938,0.01136291481088847,0.35
120,queue_stress,1,False,1,91,classical,1.0,1,0.6916441175965431,0.011463540140539408,0.35
120,queue_stress,1,False,1,92,classical,1.0,1,0.6574413289260497,0.011283329804427922,0.35
120,queue_stress,1,False,1,93,classical,1.0,1,0.6343468302124198,0.012721039820462465,0.35
120,queue_stress,1,False,1,94,classical,1.0,1,0.28873317312278957,0.011777085019275546,0.35
120,queue_stress,1,False,1,95,classical,0.00770851541560303,0,0.00770851541560303,0.011015625204890966,0.35
120,queue_stress,1,False,1,96,classical,0.08005980985626623,0,0.08005980985626623,0.012629165430553257,0.35
120,queue_stress,1,False,1,97,classical,1.0,1,0.5672535933843681,0.011497294763103127,0.35
120,queue_stress,1,False,1,98,classical,0.0,0,0.0,0.011017915094271302,0.35
120,queue_stress,1,False,1,99,classical,1.0,1,0.5189094723513364,0.012015624670311809,0.35
120,queue_stress,1,False,1,100,classical,1.0,1,0.92606456004944,0.01165708468761295,0.35
120,queue_stress,1,False,1,101,classical,0.022938913356155895,0,0.022938913356155895,0.011145414900965989,0.35
120,queue_stress,1,False,1,102,classical,1.0,1,0.41025179277774715,0.011222499888390303,0.35
120,queue_stress,1,False,1,103,classical,0.030647428771758925,0,0.030647428771758925,0.011205625487491488,0.35
120,queue_stress,1,False,1,104,classical,1.0,1,0.12258157243853758,0.011738750035874546,0.35
120,queue_stress,1,False,1,105,classical,0.07667285363132327,0,0.07667285363132327,0.011175624676980078,0.35
120,queue_stress,1,False,1,106,classical,0.06846506302782733,0,0.06846506302782733,0.011558750411495566,0.35
120,queue_stress,1,False,1,107,classical,0.2011065285750439,0,0.2011065285750439,0.012426460161805153,0.35
120,queue_stress,1,False,1,108,classical,1.0,1,0.6916441175965431,0.011618335265666246,0.35
120,queue_stress,1,False,1,109,classical,1.0,1,0.6130099544950551,0.012749375309795141,0.35
120,queue_stress,1,False,1,110,classical,1.0,1,0.6915349106315613,0.01167354523204267,0.35
120,queue_stress,1,False,1,111,classical,1.0,1,0.2969135894745723,0.011359165073372424,0.35
120,queue_stress,1,False,1,112,classical,1.0,1,0.3039025840033074,0.011301670456305146,0.35
120,queue_stress,1,False,1,113,classical,0.06846506302782733,0,0.06846506302782733,0.01278833020478487,0.35
120,queue_stress,1,False,1,114,classical,0.06846506302782733,0,0.06846506302782733,0.01095791521947831,0.35
120,queue_stress,1,False,1,115,classical,0.06846506302782733,0,0.06846506302782733,0.01133979472797364,0.35
120,queue_stress,1,False,1,116,classical,0.0,0,0.0,0.011104169534519315,0.35
120,queue_stress,1,False,1,117,classical,1.0,1,0.48719378352810183,0.012938125291839242,0.35
120,queue_stress,1,False,1,118,classical,0.0,0,0.0,0.01068645971827209,0.35
120,queue_stress,1,False,1,119,classical,1.0,1,0.7378036321622315,0.011854375479742885,0.35
120,queue_stress,1,False,2,0,qpu_A,1.0,1,0.0,1.5394409360271122,0.35
120,queue_stress,1,False,2,1,qpu_A,0.00770851541560303,0,0.00770851541560303,0.21465433419722715,0.35
120,queue_stress,1,False,2,2,qpu_A,0.0,0,0.0,0.2159087531509073,0.35
120,queue_stress,1,False,2,3,qpu_A,1.0,1,0.022938913356155895,2.2023130113066056,0.35
120,queue_stress,1,False,2,4,qpu_A,1.0,1,0.06846506302782733,1.3108996326263005,0.35
120,queue_stress,1,False,2,5,qpu_A,1.0,1,0.0,1.3225837360701063,0.35
120,queue_stress,1,False,2,6,qpu_A,0.0,0,0.0,0.2103643997143171,0.35
120,queue_stress,1,False,2,7,qpu_A,1.0,1,0.0,1.5821160684700484,0.35
120,queue_stress,1,False,2,8,qpu_A,0.00770851541560303,0,0.00770851541560303,0.2012081023970019,0.35
120,queue_stress,1,False,2,9,qpu_A,0.030647428771758925,0,0.030647428771758925,0.21450799194188577,0.35
120,queue_stress,1,False,2,10,qpu_A,1.0,1,0.2805253825192938,2.1278277922348403,0.35
120,queue_stress,1,False,2,11,qpu_A,0.0,0,0.0,0.20659193401789575,0.35
120,queue_stress,1,False,2,12,qpu_A,0.00770851541560303,0,0.00770851541560303,0.19865176744639648,0.35
120,queue_stress,1,False,2,13,qpu_A,0.0,0,0.0,0.2128783981251453,0.35
120,queue_stress,1,False,2,14,qpu_A,0.0,0,0.0,0.21275147435939015,0.35
120,queue_stress,1,False,2,15,qpu_A,0.0,0,0.0,0.20620145570530063,0.35
120,queue_stress,1,False,2,16,qpu_A,0.0,0,0.0,0.21779962573757033,0.35
120,queue_stress,1,False,2,17,qpu_A,0.0,0,0.0,0.19913576910351669,0.35
120,queue_stress,1,False,2,18,qpu_A,1.0,1,0.00770851541560303,1.4812358999708477,0.35
120,queue_stress,1,False,2,19,qpu_A,1.0,1,0.08005980985626623,1.1897342685509986,0.35
120,queue_stress,1,False,2,20,qpu_A,1.0,1,0.022938913356155895,1.0757311263297653,0.35
120,queue_stress,1,False,2,21,qpu_A,1.0,1,0.0,1.7562689263402353,0.35
120,queue_stress,1,False,2,22,qpu_A,0.06846506302782733,0,0.06846506302782733,0.21797336270228293,0.35
120,queue_stress,1,False,2,23,qpu_A,0.00770851541560303,0,0.00770851541560303,0.21690180013641067,0.35
120,queue_stress,1,False,2,24,qpu_A,1.0,1,0.0,1.9200404720371882,0.35
120,queue_stress,1,False,2,25,qpu_A,0.06846506302782733,0,0.06846506302782733,0.2069688910909911,0.35
120,queue_stress,1,False,2,26,qpu_A,0.0,0,0.0,0.20444023527492552,0.35
120,queue_stress,1,False,2,27,qpu_A,0.0,0,0.0,0.2104494100644423,0.35
120,queue_stress,1,False,2,28,qpu_A,1.0,1,0.030647428771758925,1.9059351292265776,0.35
120,queue_stress,1,False,2,29,qpu_A,1.0,1,0.0,1.0436120583976525,0.35
120,queue_stress,1,False,2,30,qpu_A,0.0,0,0.0,0.2038590876932398,0.35
120,queue_stress,1,False,2,31,qpu_A,0.00770851541560303,0,0.00770851541560303,0.21093737304713253,0.35
120,queue_stress,1,False,2,32,qpu_A,1.0,1,0.0,1.7419901088717689,0.35
120,queue_stress,1,False,2,33,qpu_A,1.0,1,0.0,1.7898519175683858,0.35
120,queue_stress,1,False,2,34,qpu_A,1.0,1,0.022938913356155895,2.360029639596221,0.35
120,queue_stress,1,False,2,35,qpu_A,0.00770851541560303,0,0.00770851541560303,0.19939653536868626,0.35
120,queue_stress,1,False,2,36,qpu_A,1.0,1,0.00770851541560303,1.058550949467831,0.35
120,queue_stress,1,False,2,37,qpu_A,1.0,1,0.06846506302782733,1.4010444803889317,0.35
120,queue_stress,1,False,2,38,qpu_A,0.0,0,0.0,0.20791000190874637,0.35
120,queue_stress,1,False,2,39,qpu_A,0.030647428771758925,0,0.030647428771758925,0.2098719908840315,0.35
120,queue_stress,1,False,2,40,qpu_A,0.06846506302782733,0,0.06846506302782733,0.21344621188203228,0.35
120,queue_stress,1,False,2,41,qpu_A,0.06846506302782733,0,0.06846506302782733,0.2191976921588267,0.35
120,queue_stress,1,False,2,42,qpu_A,1.0,1,0.0,0.9950630947591859,0.35
120,queue_stress,1,False,2,43,qpu_A,0.0,0,0.0,0.20696495095920567,0.35
120,queue_stress,1,False,2,44,qpu_A,0.1781676152188882,0,0.1781676152188882,0.20106786623730435,0.35
120,queue_stress,1,False,2,45,qpu_A,0.00770851541560303,0,0.00770851541560303,0.20651680504037917,0.35
120,queue_stress,1,False,2,46,qpu_A,0.0,0,0.0,0.22265834252478922,0.35
120,queue_stress,1,False,2,47,qpu_A,0.0,0,0.0,0.20029840086974338,0.35
120,queue_stress,1,False,2,48,qpu_A,1.0,1,0.00770851541560303,1.742299712332113,0.35
120,queue_stress,1,False,2,49,qpu_A,0.030647428771758925,0,0.030647428771758925,0.21211031395461344,0.35
120,queue_stress,1,False,2,50,qpu_A,0.0,0,0.0,0.19372627903553333,0.35
120,queue_stress,1,False,2,51,qpu_A,0.0,0,0.0,0.19939254600089992,0.35
120,queue_stress,1,False,2,52,qpu_A,1.0,1,0.0,1.3325469739295557,0.35
120,queue_stress,1,False,2,53,qpu_A,0.0,0,0.0,0.23506070191812575,0.35
120,queue_stress,1,False,2,54,qpu_A,0.0,0,0.0,0.19828889237965672,0.35
120,queue_stress,1,False,2,55,qpu_A,0.00770851541560303,0,0.00770851541560303,0.20774066733829058,0.35
120,queue_stress,1,False,2,56,qpu_A,0.0,0,0.0,0.20428431232040595,0.35
120,queue_stress,1,False,2,57,qpu_A,1.0,1,0.00770851541560303,1.4053586277914225,0.35
120,queue_stress,1,False,2,58,qpu_A,0.030647428771758925,0,0.030647428771758925,0.20117712432023377,0.35
120,queue_stress,1,False,2,59,qpu_A,0.00770851541560303,0,0.00770851541560303,0.2094790104148523,0.35
120,queue_stress,1,False,2,60,qpu_A,1.0,1,0.08005980985626623,1.0306225329810128,0.35
120,queue_stress,1,False,2,61,qpu_A,0.08005980985626623,0,0.08005980985626623,0.20490790698148098,0.35
120,queue_stress,1,False,2,62,qpu_A,1.0,1,0.0,1.956124278363674,0.35
120,queue_stress,1,False,2,63,qpu_A,1.0,1,0.00770851541560303,1.9675406000914046,0.35
120,queue_stress,1,False,2,64,qpu_A,1.0,1,0.00770851541560303,0.9558280884128358,0.35
120,queue_stress,1,False,2,65,qpu_A,1.0,1,0.08005980985626623,0.7638645440850382,0.35
120,queue_stress,1,False,2,66,qpu_A,1.0,1,0.0,1.403339437275424,0.35
120,queue_stress,1,False,2,67,qpu_A,0.0,0,0.0,0.20128324720791554,0.35
120,queue_stress,1,False,2,68,qpu_A,1.0,1,0.0,2.086009769958119,0.35
120,queue_stress,1,False,2,69,qpu_A,0.0,0,0.0,0.2050026934065398,0.35
120,queue_stress,1,False,2,70,qpu_A,1.0,1,0.00770851541560303,1.6087030531497304,0.35
120,queue_stress,1,False,2,71,qpu_A,0.0,0,0.0,0.20868858441987376,0.35
120,queue_stress,1,False,2,72,qpu_A,0.0,0,0.0,0.20754075397539315,0.35
120,queue_stress,1,False,2,73,qpu_A,1.0,1,0.0,1.0804388840138712,0.35
120,queue_stress,1,False,2,74,qpu_A,1.0,1,0.0,1.6548876608054022,0.35
120,queue_stress,1,False,2,75,qpu_A,0.022938913356155895,0,0.022938913356155895,0.1979562128781913,0.35
120,queue_stress,1,False,2,76,qpu_A,0.0,0,0.0,0.20689388785055393,0.35
120,queue_stress,1,False,2,77,qpu_A,0.00770851541560303,0,0.00770851541560303,0.2131028122848537,0.35
120,queue_stress,1,False,2,78,qpu_A,0.022938913356155895,0,0.022938913356155895,0.20530460614789378,0.35
120,queue_stress,1,False,2,79,qpu_A,1.0,1,0.0,1.5108545669958162,0.35
120,queue_stress,1,False,2,80,qpu_A,1.0,1,0.0,1.576331660177119,0.35
120,queue_stress,1,False,2,81,qpu_A,1.0,1,0.022938913356155895,2.5174467664300226,0.35
120,queue_stress,1,False,2,82,qpu_A,0.00770851541560303,0,0.00770851541560303,0.19557744999539073,0.35
120,queue_stress,1,False,2,83,qpu_A,1.0,1,0.00770851541560303,1.674115146047149,0.35
120,queue_stress,1,False,2,84,qpu_A,1.0,1,0.0,1.0843048955435284,0.35
120,queue_stress,1,False,2,85,qpu_A,1.0,1,0.00770851541560303,1.7190870975795192,0.35
120,queue_stress,1,False,2,86,qpu_A,1.0,1,0.00770851541560303,0.9055203320698484,0.35
120,queue_stress,1,False,2,87,qpu_A,0.0,0,0.0,0.19432779884323212,0.35
120,queue_stress,1,False,2,88,qpu_A,1.0,1,0.0,1.2341156021931423,0.35
120,queue_stress,1,False,2,89,qpu_A,0.0,0,0.0,0.22209313897947064,0.35
120,queue_stress,1,False,2,90,qpu_A,0.00770851541560303,0,0.00770851541560303,0.20361301431265852,0.35
120,queue_stress,1,False,2,91,qpu_A,0.0,0,0.0,0.20139978323665805,0.35
120,queue_stress,1,False,2,92,qpu_A,0.030647428771758925,0,0.030647428771758925,0.20324194892411404,0.35
120,queue_stress,1,False,2,93,qpu_A,0.00770851541560303,0,0.00770851541560303,0.21263560088347006,0.35
120,queue_stress,1,False,2,94,qpu_A,1.0,1,0.09964265908238187,2.3410360611826007,0.35
120,queue_stress,1,False,2,95,qpu_A,1.0,1,0.0,0.9521518489919591,0.35
120,queue_stress,1,False,2,96,qpu_A,0.0,0,0.0,0.20925165118883013,0.35
120,queue_stress,1,False,2,97,qpu_A,0.06846506302782733,0,0.06846506302782733,0.20791419471306533,0.35
120,queue_stress,1,False,2,98,qpu_A,1.0,1,0.00770851541560303,1.4113893796593857,0.35
120,queue_stress,1,False,2,99,qpu_A,0.022938913356155895,0,0.022938913356155895,0.20463181572557596,0.35
120,queue_stress,1,False,2,100,qpu_A,0.0,0,0.0,0.2152537037043586,0.35
120,queue_stress,1,False,2,101,qpu_A,1.0,1,0.0,1.2079523363264077,0.35
120,queue_stress,1,False,2,102,qpu_A,1.0,1,0.00770851541560303,0.9355393329776824,0.35
120,queue_stress,1,False,2,103,qpu_A,1.0,1,0.030647428771758925,1.1989678483916988,0.35
120,queue_stress,1,False,2,104,qpu_A,0.00770851541560303,0,0.00770851541560303,0.2025387258077947,0.35
120,queue_stress,1,False,2,105,qpu_A,0.0,0,0.0,0.2028844541992008,0.35
120,queue_stress,1,False,2,106,qpu_A,0.0,0,0.0,0.2075082939800014,0.35
120,queue_stress,1,False,2,107,qpu_A,0.0,0,0.0,0.22923567457727798,0.35
120,queue_stress,1,False,2,108,qpu_A,1.0,1,0.0,1.8033717413703485,0.35
120,queue_stress,1,False,2,109,qpu_A,1.0,1,0.0,1.137781696393456,0.35
120,queue_stress,1,False,2,110,qpu_A,0.0,0,0.0,0.2063566921526094,0.35
120,queue_stress,1,False,2,111,qpu_A,0.00770851541560303,0,0.00770851541560303,0.21216643639536475,0.35
120,queue_stress,1,False,2,112,qpu_A,0.0,0,0.0,0.2093408146005526,0.35
120,queue_stress,1,False,2,113,qpu_A,0.0,0,0.0,0.2300686980621212,0.35
120,queue_stress,1,False,2,114,qpu_A,1.0,1,0.0,1.437099462219836,0.35
120,queue_stress,1,False,2,115,qpu_A,1.0,1,0.022938913356155895,1.026874279274288,0.35
120,queue_stress,1,False,2,116,qpu_A,0.022938913356155895,0,0.022938913356155895,0.2025454036552456,0.35
120,queue_stress,1,False,2,117,qpu_A,1.0,1,0.0,0.8065277900800085,0.35
120,queue_stress,1,False,2,118,qpu_A,1.0,1,0.030647428771758925,1.843441857230609,0.35
120,queue_stress,1,False,2,119,qpu_A,0.030647428771758925,0,0.030647428771758925,0.21387786706165726,0.35
120,queue_stress,1,False,3,0,qpu_A,1.0,1,0.635948867851211,1.0904687935895683,0.35
120,queue_stress,1,False,3,1,qpu_A,0.0,0,0.0,0.15022485338940672,0.35
120,queue_stress,1,False,3,2,qpu_A,0.1781676152188882,0,0.1781676152188882,0.1344099184476507,0.35
120,queue_stress,1,False,3,3,qpu_A,1.0,1,0.1781676152188882,1.8287766608123424,0.35
120,queue_stress,1,False,3,4,qpu_A,1.0,1,0.0062291686777490324,1.2276376529682456,0.35
120,queue_stress,1,False,3,5,qpu_A,1.0,1,0.00770851541560303,1.7364680191981938,0.35
120,queue_stress,1,False,3,6,qpu_A,0.00770851541560303,0,0.00770851541560303,0.13366300367736558,0.35
120,queue_stress,1,False,3,7,qpu_A,1.0,1,0.07667285363132327,1.6794996377628926,0.35
120,queue_stress,1,False,3,8,qpu_A,0.1781676152188882,0,0.1781676152188882,0.1412114437506047,0.35
120,queue_stress,1,False,3,9,qpu_A,0.030647428771758925,0,0.030647428771758925,0.13864811800318166,0.35
120,queue_stress,1,False,3,10,qpu_A,1.0,1,0.0,1.1290448120767005,0.35
120,queue_stress,1,False,3,11,qpu_A,0.00770851541560303,0,0.00770851541560303,0.15525955012725512,0.35
120,queue_stress,1,False,3,12,qpu_A,0.06846506302782733,0,0.06846506302782733,0.1376006169394571,0.35
120,queue_stress,1,False,3,13,qpu_A,1.0,1,0.2892050740589693,0.1328807992268113,0.35
120,queue_stress,1,False,3,14,qpu_A,0.07667285363132327,0,0.07667285363132327,0.13526502760672274,0.35
120,queue_stress,1,False,3,15,qpu_A,1.0,1,0.12258157243853758,0.13168670270005878,0.35
120,queue_stress,1,False,3,16,qpu_A,0.022938913356155895,0,0.022938913356155895,0.14037147736051328,0.35
120,queue_stress,1,False,3,17,qpu_A,0.0,0,0.0,0.1406180202949131,0.35
120,queue_stress,1,False,3,18,qpu_A,1.0,1,0.00770851541560303,1.1954964730270694,0.35
120,queue_stress,1,False,3,19,qpu_A,1.0,1,0.08776832527186926,1.8855485332150266,0.35
120,queue_stress,1,False,3,20,qpu_A,1.0,1,0.09964265908238187,1.0595941733137932,0.35
120,queue_stress,1,False,3,21,qpu_A,1.0,1,0.014436959281245158,1.4114488764301678,0.35
120,queue_stress,1,False,3,22,qpu_A,1.0,1,0.31214398741512517,0.13875176503729444,0.35
120,queue_stress,1,False,3,23,qpu_A,1.0,1,0.0062291686777490324,0.1334575601315858,0.35
120,queue_stress,1,False,3,24,qpu_A,1.0,1,0.1781676152188882,1.3898777252942425,0.35
120,queue_stress,1,False,3,25,qpu_A,0.2011065285750439,0,0.2011065285750439,0.1401258487545719,0.35
120,queue_stress,1,False,3,26,qpu_A,0.2011065285750439,0,0.2011065285750439,0.13906514703520995,0.35
120,queue_stress,1,False,3,27,qpu_A,0.0,0,0.0,0.1315960643269511,0.35
120,queue_stress,1,False,3,28,qpu_A,1.0,1,0.06846506302782733,1.5586470960465315,0.35
120,queue_stress,1,False,3,29,qpu_A,1.0,1,0.00770851541560303,1.5826680143754677,0.35
120,queue_stress,1,False,3,30,qpu_A,1.0,1,0.09964265908238187,0.14885727462871215,0.35
120,queue_stress,1,False,3,31,qpu_A,0.3661384783533855,0,0.3661384783533855,0.14496632266064352,0.35
120,queue_stress,1,False,3,32,qpu_A,1.0,1,0.3873128794215912,1.3032132057774228,0.35
120,queue_stress,1,False,3,33,qpu_A,1.0,1,0.08776832527186926,1.4698936593901348,0.35
120,queue_stress,1,False,3,34,qpu_A,1.0,1,0.09964265908238187,3.299101555801803,0.35
120,queue_stress,1,False,3,35,qpu_A,0.00770851541560303,0,0.00770851541560303,0.14273062834291247,0.35
120,queue_stress,1,False,3,36,qpu_A,1.0,1,0.3198525028307282,1.0797326349339051,0.35
120,queue_stress,1,False,3,37,qpu_A,1.0,1,0.1781676152188882,0.882922153675066,0.35
120,queue_stress,1,False,3,38,qpu_A,0.00770851541560303,0,0.00770851541560303,0.1290700091539944,0.35
120,queue_stress,1,False,3,39,qpu_A,0.022938913356155895,0,0.022938913356155895,0.14285700301529594,0.35
120,queue_stress,1,False,3,40,qpu_A,0.022938913356155895,0,0.022938913356155895,0.14373974852469573,0.35
120,queue_stress,1,False,3,41,qpu_A,0.08005980985626623,0,0.08005980985626623,0.14631507266961816,0.35
120,queue_stress,1,False,3,42,qpu_A,1.0,1,0.014436959281245158,1.463277655990583,0.35
120,queue_stress,1,False,3,43,qpu_A,0.00770851541560303,0,0.00770851541560303,0.1475248513820262,0.35
120,queue_stress,1,False,3,44,qpu_A,0.1781676152188882,0,0.1781676152188882,0.14367481904820972,0.35
120,queue_stress,1,False,3,45,qpu_A,0.022938913356155895,0,0.022938913356155895,0.1540347691281123,0.35
120,queue_stress,1,False,3,46,qpu_A,0.08776832527186926,0,0.08776832527186926,0.14369081024230987,0.35
120,queue_stress,1,False,3,47,qpu_A,0.022938913356155895,0,0.022938913356155895,0.15654434402827808,0.35
120,queue_stress,1,False,3,48,qpu_A,1.0,1,0.014436959281245158,1.1512446839481432,0.35
120,queue_stress,1,False,3,49,qpu_A,0.06846506302782733,0,0.06846506302782733,0.16898114295212924,0.35
120,queue_stress,1,False,3,50,qpu_A,1.0,1,0.09964265908238187,0.13323627733419524,0.35
120,queue_stress,1,False,3,51,qpu_A,1.0,1,0.2969135894745723,0.1330817182108467,0.35
120,queue_stress,1,False,3,52,qpu_A,1.0,1,0.030647428771758925,1.1385998269886555,0.35
120,queue_stress,1,False,3,53,qpu_A,1.0,1,0.5266179877669395,0.15338779898530602,0.35
120,queue_stress,1,False,3,54,qpu_A,0.2011065285750439,0,0.2011065285750439,0.14726896673118528,0.35
120,queue_stress,1,False,3,55,qpu_A,0.00770851541560303,0,0.00770851541560303,0.14406622101943092,0.35
120,queue_stress,1,False,3,56,qpu_A,0.0,0,0.0,0.128778812113197,0.35
120,queue_stress,1,False,3,57,qpu_A,1.0,1,0.030647428771758925,1.1182728838228704,0.35
120,queue_stress,1,False,3,58,qpu_A,1.0,1,0.2969135894745723,0.1423559719398433,0.35
120,queue_stress,1,False,3,59,qpu_A,0.08776832527186926,0,0.08776832527186926,0.14923490407825116,0.35
120,queue_stress,1,False,3,60,qpu_A,1.0,1,0.014436959281245158,0.9376067100875897,0.35
120,queue_stress,1,False,3,61,qpu_A,0.00770851541560303,0,0.00770851541560303,0.14653097313786592,0.35
120,queue_stress,1,False,3,62,qpu_A,1.0,1,0.030647428771758925,0.7686040558054479,0.35
120,queue_stress,1,False,3,63,qpu_A,1.0,1,0.00770851541560303,1.9165055308702634,0.35
120,queue_stress,1,False,3,64,qpu_A,1.0,1,0.0,1.143519270790333,0.35
120,queue_stress,1,False,3,65,qpu_A,1.0,1,0.030647428771758925,0.9777406834392174,0.35
120,queue_stress,1,False,3,66,qpu_A,1.0,1,0.1781676152188882,0.8519946816026295,0.35
120,queue_stress,1,False,3,67,qpu_A,0.022938913356155895,0,0.022938913356155895,0.14873232165360628,0.35
120,queue_stress,1,False,3,68,qpu_A,1.0,1,0.022938913356155895,1.065205513450294,0.35
120,queue_stress,1,False,3,69,qpu_A,1.0,1,0.9183710509950788,0.16937962956211974,0.35
120,queue_stress,1,False,3,70,qpu_A,1.0,1,0.08776832527186926,2.023731102984947,0.35
120,queue_stress,1,False,3,71,qpu_A,0.0,0,0.0,0.13976797021698065,0.35
120,queue_stress,1,False,3,72,qpu_A,0.0,0,0.0,0.14183738843483948,0.35
120,queue_stress,1,False,3,73,qpu_A,1.0,1,0.00770851541560303,1.1912312750956062,0.35
120,queue_stress,1,False,3,74,qpu_A,1.0,1,0.08776832527186926,1.5595183996354574,0.35
120,queue_stress,1,False,3,75,qpu_A,0.030647428771758925,0,0.030647428771758925,0.15123001848741613,0.35
120,queue_stress,1,False,3,76,qpu_A,0.2011065285750439,0,0.2011065285750439,0.15084390596313713,0.35
120,queue_stress,1,False,3,77,qpu_A,0.07667285363132327,0,0.07667285363132327,0.13053705379856065,0.35
120,queue_stress,1,False,3,78,qpu_A,0.030647428771758925,0,0.030647428771758925,0.14355434947754012,0.35
120,queue_stress,1,False,3,79,qpu_A,1.0,1,0.2011065285750439,1.6322101665156667,0.35
120,queue_stress,1,False,3,80,qpu_A,1.0,1,0.2011065285750439,1.1983499417951489,0.35
120,queue_stress,1,False,3,81,qpu_A,1.0,1,0.08005980985626623,1.3128994137602694,0.35
120,queue_stress,1,False,3,82,qpu_A,0.030647428771758925,0,0.030647428771758925,0.13012620852541823,0.35
120,queue_stress,1,False,3,83,qpu_A,1.0,1,0.12258157243853758,1.3811437646094045,0.35
120,queue_stress,1,False,3,84,qpu_A,1.0,1,0.09964265908238187,1.270387830150276,0.35
120,queue_stress,1,False,3,85,qpu_A,1.0,1,0.06846506302782733,1.030826171527407,0.35
120,queue_stress,1,False,3,86,qpu_A,1.0,1,0.0,1.7603969431746218,0.35
120,queue_stress,1,False,3,87,qpu_A,0.2011065285750439,0,0.2011065285750439,0.14556689060972483,0.35
120,queue_stress,1,False,3,88,qpu_A,1.0,1,0.08776832527186926,0.8260741959157385,0.35
120,queue_stress,1,False,3,89,qpu_A,1.0,1,0.0062291686777490324,0.14739264823595807,0.35
120,queue_stress,1,False,3,90,qpu_A,0.08776832527186926,0,0.08776832527186926,0.15456864269001178,0.35
120,queue_stress,1,False,3,91,qpu_A,0.06846506302782733,0,0.06846506302782733,0.15145862908098437,0.35
120,queue_stress,1,False,3,92,qpu_A,1.0,1,0.014436959281245158,0.14300225017477014,0.35
120,queue_stress,1,False,3,93,qpu_A,1.0,1,0.12258157243853758,0.144963715246377,0.35
120,queue_stress,1,False,3,94,qpu_A,1.0,1,0.2969135894745723,1.5094662500928568,0.35
120,queue_stress,1,False,3,95,qpu_A,1.0,1,0.030647428771758925,0.8390612180510267,0.35
120,queue_stress,1,False,3,96,qpu_A,1.0,1,0.0062291686777490324,0.14444822970074556,0.35
120,queue_stress,1,False,3,97,qpu_A,0.0,0,0.0,0.14025858015120213,0.35
120,queue_stress,1,False,3,98,qpu_A,1.0,1,0.022938913356155895,0.8528620412061994,0.35
120,queue_stress,1,False,3,99,qpu_A,0.06846506302782733,0,0.06846506302782733,0.14759385632629102,0.35
120,queue_stress,1,False,3,100,qpu_A,0.08005980985626623,0,0.08005980985626623,0.13289381616756055,0.35
120,queue_stress,1,False,3,101,qpu_A,1.0,1,0.022938913356155895,1.6087669473445063,0.35
120,queue_stress,1,False,3,102,qpu_A,1.0,1,0.06846506302782733,2.205936310592349,0.35
120,queue_stress,1,False,3,103,qpu_A,1.0,1,0.0,1.307916274771962,0.35
120,queue_stress,1,False,3,104,qpu_A,0.00770851541560303,0,0.00770851541560303,0.15239861213805547,0.35
120,queue_stress,1,False,3,105,qpu_A,0.1781676152188882,0,0.1781676152188882,0.13983430457664825,0.35
120,queue_stress,1,False,3,106,qpu_A,1.0,1,0.49490229894370485,0.14127405162351928,0.35
120,queue_stress,1,False,3,107,qpu_A,0.08776832527186926,0,0.08776832527186926,0.13974561528504137,0.35
120,queue_stress,1,False,3,108,qpu_A,1.0,1,0.1781676152188882,1.1639587578802517,0.35
120,queue_stress,1,False,3,109,qpu_A,1.0,1,0.06846506302782733,1.0145807706860568,0.35
120,queue_stress,1,False,3,110,qpu_A,1.0,1,0.3827068269566472,0.14371131099137188,0.35
120,queue_stress,1,False,3,111,qpu_A,0.1781676152188882,0,0.1781676152188882,0.14778024559685096,0.35
120,queue_stress,1,False,3,112,qpu_A,0.06846506302782733,0,0.06846506302782733,0.134724011399603,0.35
120,queue_stress,1,False,3,113,qpu_A,0.00770851541560303,0,0.00770851541560303,0.15167321490362948,0.35
120,queue_stress,1,False,3,114,qpu_A,1.0,1,0.030647428771758925,1.8699313120863716,0.35
120,queue_stress,1,False,3,115,qpu_A,1.0,1,0.07667285363132327,0.718379283273165,0.35
120,queue_stress,1,False,3,116,qpu_A,1.0,1,0.09964265908238187,0.13876245965993958,0.35
120,queue_stress,1,False,3,117,qpu_A,1.0,1,0.022938913356155895,1.6246055208048824,0.35
120,queue_stress,1,False,3,118,qpu_A,1.0,1,0.030647428771758925,0.8359090303078084,0.35
120,queue_stress,1,False,3,119,qpu_A,0.06846506302782733,0,0.06846506302782733,0.15507030468871433,0.35
120,queue_stress,1,False,4,0,qpu_B,0.00770851541560303,0,0.00770851541560303,0.20758078983236805,0.35
120,queue_stress,1,False,4,1,qpu_B,0.0,0,0.0,0.20543987412870077,0.35
120,queue_stress,1,False,4,2,qpu_B,0.0,0,0.0,0.20511226815382577,0.35
120,queue_stress,1,False,4,3,qpu_B,0.022938913356155895,0,0.022938913356155895,0.20575139761135003,0.35
120,queue_stress,1,False,4,4,qpu_B,0.022938913356155895,0,0.022938913356155895,0.20855956460986477,0.35
120,queue_stress,1,False,4,5,qpu_B,0.00770851541560303,0,0.00770851541560303,0.20878642537666975,0.35
120,queue_stress,1,False,4,6,qpu_B,0.0,0,0.0,0.20224777355321882,0.35
120,queue_stress,1,False,4,7,qpu_B,0.1781676152188882,0,0.1781676152188882,0.21677697600412918,0.35
120,queue_stress,1,False,4,8,qpu_B,0.0,0,0.0,0.20689193610207743,0.35
120,queue_stress,1,False,4,9,qpu_B,1.0,1,0.00770851541560303,1.503822588436207,0.35
120,queue_stress,1,False,4,10,qpu_B,1.0,1,0.07667285363132327,1.344111813406922,0.35
120,queue_stress,1,False,4,11,qpu_B,0.0,0,0.0,0.2150628387272016,0.35
120,queue_stress,1,False,4,12,qpu_B,1.0,1,0.0,1.008016571472886,0.35
120,queue_stress,1,False,4,13,qpu_B,0.0,0,0.0,0.21756625485085215,0.35
120,queue_stress,1,False,4,14,qpu_B,0.0,0,0.0,0.20485320620312703,0.35
120,queue_stress,1,False,4,15,qpu_B,1.0,1,0.00770851541560303,0.8108465369107163,0.35
120,queue_stress,1,False,4,16,qpu_B,0.0,0,0.0,0.2052254500341904,0.35
120,queue_stress,1,False,4,17,qpu_B,0.00770851541560303,0,0.00770851541560303,0.22127282874384066,0.35
120,queue_stress,1,False,4,18,qpu_B,0.022938913356155895,0,0.022938913356155895,0.20452280485119556,0.35
120,queue_stress,1,False,4,19,qpu_B,0.0,0,0.0,0.20259959569014796,0.35
120,queue_stress,1,False,4,20,qpu_B,0.0,0,0.0,0.20442829026450612,0.35
120,queue_stress,1,False,4,21,qpu_B,0.0,0,0.0,0.2063528770867951,0.35
120,queue_stress,1,False,4,22,qpu_B,0.0,0,0.0,0.20531754429996044,0.35
120,queue_stress,1,False,4,23,qpu_B,0.00770851541560303,0,0.00770851541560303,0.21213081316051194,0.35
120,queue_stress,1,False,4,24,qpu_B,0.0,0,0.0,0.2068885230482087,0.35
120,queue_stress,1,False,4,25,qpu_B,0.00770851541560303,0,0.00770851541560303,0.21046896944569807,0.35
120,queue_stress,1,False,4,26,qpu_B,0.0,0,0.0,0.20495245807117174,0.35
120,queue_stress,1,False,4,27,qpu_B,0.022938913356155895,0,0.022938913356155895,0.21331080443711276,0.35
120,queue_stress,1,False,4,28,qpu_B,0.0,0,0.0,0.20502656493837076,0.35
120,queue_stress,1,False,4,29,qpu_B,1.0,1,0.1781676152188882,1.0795661417609466,0.35
120,queue_stress,1,False,4,30,qpu_B,0.00770851541560303,0,0.00770851541560303,0.20748369140191023,0.35
120,queue_stress,1,False,4,31,qpu_B,1.0,1,0.00770851541560303,0.7374636018267571,0.35
120,queue_stress,1,False,4,32,qpu_B,0.022938913356155895,0,0.022938913356155895,0.21305769498294524,0.35
120,queue_stress,1,False,4,33,qpu_B,0.00770851541560303,0,0.00770851541560303,0.2048670526144613,0.35
120,queue_stress,1,False,4,34,qpu_B,0.0,0,0.0,0.20753114386761434,0.35
120,queue_stress,1,False,4,35,qpu_B,0.00770851541560303,0,0.00770851541560303,0.21373208085520204,0.35
120,queue_stress,1,False,4,36,qpu_B,0.030647428771758925,0,0.030647428771758925,0.20509787887638217,0.35
120,queue_stress,1,False,4,37,qpu_B,0.0,0,0.0,0.20537586916375164,0.35
120,queue_stress,1,False,4,38,qpu_B,0.022938913356155895,0,0.022938913356155895,0.20561883805823503,0.35
120,queue_stress,1,False,4,39,qpu_B,0.0,0,0.0,0.2175994847134012,0.35
120,queue_stress,1,False,4,40,qpu_B,1.0,1,0.08776832527186926,1.4730395523455664,0.35
120,queue_stress,1,False,4,41,qpu_B,0.022938913356155895,0,0.022938913356155895,0.20343439649650133,0.35
120,queue_stress,1,False,4,42,qpu_B,1.0,1,0.0,1.2179843200521272,0.35
120,queue_stress,1,False,4,43,qpu_B,0.0,0,0.0,0.20469223223675165,0.35
120,queue_stress,1,False,4,44,qpu_B,0.0,0,0.0,0.21059668634544082,0.35
120,queue_stress,1,False,4,45,qpu_B,0.0,0,0.0,0.20143126654474205,0.35
120,queue_stress,1,False,4,46,qpu_B,1.0,1,0.0,0.9885363642625979,0.35
120,queue_stress,1,False,4,47,qpu_B,0.0,0,0.0,0.20746845691340202,0.35
120,queue_stress,1,False,4,48,qpu_B,1.0,1,0.0,0.8355486570613961,0.35
120,queue_stress,1,False,4,49,qpu_B,0.0,0,0.0,0.2132167840920257,0.35
120,queue_stress,1,False,4,50,qpu_B,1.0,1,0.0,1.0520221175775064,0.35
120,queue_stress,1,False,4,51,qpu_B,0.0,0,0.0,0.20180927848293884,0.35
120,queue_stress,1,False,4,52,qpu_B,0.06846506302782733,0,0.06846506302782733,0.2135159630890293,0.35
120,queue_stress,1,False,4,53,qpu_B,1.0,1,0.00770851541560303,0.9993232811664536,0.35
120,queue_stress,1,False,4,54,qpu_B,1.0,1,0.00770851541560303,0.6054184340089415,0.35
120,queue_stress,1,False,4,55,qpu_B,0.0,0,0.0,0.20594274612005284,0.35
120,queue_stress,1,False,4,56,qpu_B,0.030647428771758925,0,0.030647428771758925,0.2151156376406862,0.35
120,queue_stress,1,False,4,57,qpu_B,0.022938913356155895,0,0.022938913356155895,0.2075770834374862,0.35
120,queue_stress,1,False,4,58,qpu_B,0.022938913356155895,0,0.022938913356155895,0.2013759058944326,0.35
120,queue_stress,1,False,4,59,qpu_B,0.00770851541560303,0,0.00770851541560303,0.20967904136108242,0.35
120,queue_stress,1,False,4,60,qpu_B,0.0,0,0.0,0.20006113157422709,0.35
120,queue_stress,1,False,4,61,qpu_B,0.07667285363132327,0,0.07667285363132327,0.20620656504066423,0.35
120,queue_stress,1,False,4,62,qpu_B,0.00770851541560303,0,0.00770851541560303,0.2164309891258739,0.35
120,queue_stress,1,False,4,63,qpu_B,0.0,0,0.0,0.20732730398185042,0.35
120,queue_stress,1,False,4,64,qpu_B,0.00770851541560303,0,0.00770851541560303,0.22516548440312012,0.35
120,queue_stress,1,False,4,65,qpu_B,0.00770851541560303,0,0.00770851541560303,0.20909890027957,0.35
120,queue_stress,1,False,4,66,qpu_B,0.0,0,0.0,0.2036571108033576,0.35
120,queue_stress,1,False,4,67,qpu_B,0.0,0,0.0,0.201638360506071,0.35
120,queue_stress,1,False,4,68,qpu_B,1.0,1,0.0,0.7419928079672247,0.35
120,queue_stress,1,False,4,69,qpu_B,0.0,0,0.0,0.2085939419570699,0.35
120,queue_stress,1,False,4,70,qpu_B,0.00770851541560303,0,0.00770851541560303,0.20921071076554865,0.35
120,queue_stress,1,False,4,71,qpu_B,0.0,0,0.0,0.2089224267941314,0.35
120,queue_stress,1,False,4,72,qpu_B,0.0,0,0.0,0.20465996609913467,0.35
120,queue_stress,1,False,4,73,qpu_B,0.0,0,0.0,0.20829664014396826,0.35
120,queue_stress,1,False,4,74,qpu_B,1.0,1,0.00770851541560303,0.8448409048963086,0.35
120,queue_stress,1,False,4,75,qpu_B,0.06846506302782733,0,0.06846506302782733,0.1984319750966641,0.35
120,queue_stress,1,False,4,76,qpu_B,1.0,1,0.0,1.0531909678811822,0.35
120,queue_stress,1,False,4,77,qpu_B,1.0,1,0.0,0.8102754865007917,0.35
120,queue_stress,1,False,4,78,qpu_B,1.0,1,0.0,1.427465964406005,0.35
120,queue_stress,1,False,4,79,qpu_B,0.0,0,0.0,0.2086544452307291,0.35
120,queue_stress,1,False,4,80,qpu_B,0.07667285363132327,0,0.07667285363132327,0.20518843151594487,0.35
120,queue_stress,1,False,4,81,qpu_B,1.0,1,0.030647428771758925,1.1589530527617538,0.35
120,queue_stress,1,False,4,82,qpu_B,0.00770851541560303,0,0.00770851541560303,0.21262689911839713,0.35
120,queue_stress,1,False,4,83,qpu_B,0.0,0,0.0,0.21110323040733772,0.35
120,queue_stress,1,False,4,84,qpu_B,0.0,0,0.0,0.20121305937549763,0.35
120,queue_stress,1,False,4,85,qpu_B,0.0,0,0.0,0.2007092373917921,0.35
120,queue_stress,1,False,4,86,qpu_B,0.0,0,0.0,0.212839371627939,0.35
120,queue_stress,1,False,4,87,qpu_B,0.0,0,0.0,0.20177186450166804,0.35
120,queue_stress,1,False,4,88,qpu_B,0.0,0,0.0,0.2122722448610007,0.35
120,queue_stress,1,False,4,89,qpu_B,0.0,0,0.0,0.20160515503711607,0.35
120,queue_stress,1,False,4,90,qpu_B,1.0,1,0.022938913356155895,0.9172015195439949,0.35
120,queue_stress,1,False,4,91,qpu_B,0.0,0,0.0,0.213953176384308,0.35
120,queue_stress,1,False,4,92,qpu_B,0.00770851541560303,0,0.00770851541560303,0.21212912184709268,0.35
120,queue_stress,1,False,4,93,qpu_B,1.0,1,0.0,0.8584293814280248,0.35
120,queue_stress,1,False,4,94,qpu_B,0.0,0,0.0,0.21400940577528146,0.35
120,queue_stress,1,False,4,95,qpu_B,1.0,1,0.00770851541560303,0.9728749784297788,0.35
120,queue_stress,1,False,4,96,qpu_B,1.0,1,0.1781676152188882,0.8902720254920957,0.35
120,queue_stress,1,False,4,97,qpu_B,0.00770851541560303,0,0.00770851541560303,0.202490003200779,0.35
120,queue_stress,1,False,4,98,qpu_B,0.0,0,0.0,0.21038125407527788,0.35
120,queue_stress,1,False,4,99,qpu_B,0.022938913356155895,0,0.022938913356155895,0.20867253932666596,0.35
120,queue_stress,1,False,4,100,qpu_B,1.0,1,0.0,1.1219914902940473,0.35
120,queue_stress,1,False,4,101,qpu_B,0.00770851541560303,0,0.00770851541560303,0.2084954595694095,0.35
120,queue_stress,1,False,4,102,qpu_B,0.00770851541560303,0,0.00770851541560303,0.19915789611001353,0.35
120,queue_stress,1,False,4,103,qpu_B,0.00770851541560303,0,0.00770851541560303,0.21333846046659605,0.35
120,queue_stress,1,False,4,104,qpu_B,1.0,1,0.0,1.3978629989015912,0.35
120,queue_stress,1,False,4,105,qpu_B,0.0,0,0.0,0.20121919321771434,0.35
120,queue_stress,1,False,4,106,qpu_B,0.0,0,0.0,0.22063117106713462,0.35
120,queue_stress,1,False,4,107,qpu_B,1.0,1,0.0,1.4519025366809812,0.35
120,queue_stress,1,False,4,108,qpu_B,0.0,0,0.0,0.210782949973935,0.35
120,queue_stress,1,False,4,109,qpu_B,0.030647428771758925,0,0.030647428771758925,0.20484217187725706,0.35
120,queue_stress,1,False,4,110,qpu_B,0.0,0,0.0,0.2108093021537146,0.35
120,queue_stress,1,False,4,111,qpu_B,0.0,0,0.0,0.19804981989388445,0.35
120,queue_stress,1,False,4,112,qpu_B,0.00770851541560303,0,0.00770851541560303,0.201172107537166,0.35
120,queue_stress,1,False,4,113,qpu_B,0.030647428771758925,0,0.030647428771758925,0.21249738685438196,0.35
120,queue_stress,1,False,4,114,qpu_B,0.0,0,0.0,0.20365504805610643,0.35
120,queue_stress,1,False,4,115,qpu_B,0.030647428771758925,0,0.030647428771758925,0.20254929679758452,0.35
120,queue_stress,1,False,4,116,qpu_B,1.0,1,0.0,1.324898574444761,0.35
120,queue_stress,1,False,4,117,qpu_B,0.0,0,0.0,0.2069131966468482,0.35
120,queue_stress,1,False,4,118,qpu_B,0.030647428771758925,0,0.030647428771758925,0.20817306501769214,0.35
120,queue_stress,1,False,4,119,qpu_B,1.0,1,0.06846506302782733,0.7422894596176552,0.35
120,queue_stress,1,False,5,0,qpu_B,1.0,1,0.12258157243853758,0.2928979040150811,0.35
120,queue_stress,1,False,5,1,qpu_B,1.0,1,0.09964265908238187,0.29686410832128823,0.35
120,queue_stress,1,False,5,2,qpu_B,1.0,1,0.783977093036554,0.31038584474086894,0.35
120,queue_stress,1,False,5,3,qpu_B,1.0,1,0.12258157243853758,0.29376035455104954,0.35
120,queue_stress,1,False,5,4,qpu_B,1.0,1,0.09964265908238187,0.2916911686606321,0.35
120,queue_stress,1,False,5,5,qpu_B,1.0,1,1.742727082120546,0.2947596177195725,0.35
120,queue_stress,1,False,5,6,qpu_B,0.08005980985626623,0,0.08005980985626623,0.312911216216871,0.35
120,queue_stress,1,False,5,7,qpu_B,1.0,1,0.09964265908238187,0.2891405922855726,0.35
120,queue_stress,1,False,5,8,qpu_B,1.0,1,0.014436959281245158,0.2926766385398477,0.35
120,queue_stress,1,False,5,9,qpu_B,1.0,1,1.0095172533607806,0.8762436983151808,0.35
120,queue_stress,1,False,5,10,qpu_B,1.0,1,0.12258157243853758,1.4322749804453068,0.35
120,queue_stress,1,False,5,11,qpu_B,0.1781676152188882,0,0.1781676152188882,0.28997822145695473,0.35
120,queue_stress,1,False,5,12,qpu_B,1.0,1,0.1781676152188882,1.2868470922440216,0.35
120,queue_stress,1,False,5,13,qpu_B,0.0,0,0.0,0.29795575130848173,0.35
120,queue_stress,1,False,5,14,qpu_B,0.06846506302782733,0,0.06846506302782733,0.2983949515982258,0.35
120,queue_stress,1,False,5,15,qpu_B,1.0,1,0.1781676152188882,1.3755295473033702,0.35
120,queue_stress,1,False,5,16,qpu_B,0.1781676152188882,0,0.1781676152188882,0.29512440730544653,0.35
120,queue_stress,1,False,5,17,qpu_B,0.2011065285750439,0,0.2011065285750439,0.28922544711278697,0.35
120,queue_stress,1,False,5,18,qpu_B,0.022938913356155895,0,0.022938913356155895,0.2885520309664896,0.35
120,queue_stress,1,False,5,19,qpu_B,1.0,1,0.3873128794215912,0.2920280079033416,0.35
120,queue_stress,1,False,5,20,qpu_B,0.1781676152188882,0,0.1781676152188882,0.2910712034229167,0.35
120,queue_stress,1,False,5,21,qpu_B,1.0,1,0.12258157243853758,0.30015466475874586,0.35
120,queue_stress,1,False,5,22,qpu_B,0.1781676152188882,0,0.1781676152188882,0.2911910875905539,0.35
120,queue_stress,1,False,5,23,qpu_B,0.1781676152188882,0,0.1781676152188882,0.2923060345533023,0.35
120,queue_stress,1,False,5,24,qpu_B,0.3661384783533855,0,0.3661384783533855,0.2911223159749997,0.35
120,queue_stress,1,False,5,25,qpu_B,1.0,1,0.6130099544950551,0.29726440548801925,0.35
120,queue_stress,1,False,5,26,qpu_B,0.00770851541560303,0,0.00770851541560303,0.299982964213337,0.35
120,queue_stress,1,False,5,27,qpu_B,0.1781676152188882,0,0.1781676152188882,0.28795117402339465,0.35
120,queue_stress,1,False,5,28,qpu_B,1.0,1,0.12258157243853758,0.2932327161036716,0.35
120,queue_stress,1,False,5,29,qpu_B,1.0,1,0.022938913356155895,1.0368443928490227,0.35
120,queue_stress,1,False,5,30,qpu_B,1.0,1,0.014436959281245158,0.29188925640809904,0.35
120,queue_stress,1,False,5,31,qpu_B,1.0,1,0.12258157243853758,1.1785120136812068,0.35
120,queue_stress,1,False,5,32,qpu_B,1.0,1,1.8361405725251787,0.3040397438755133,0.35
120,queue_stress,1,False,5,33,qpu_B,1.0,1,1.742727082120546,0.3010441148203816,0.35
120,queue_stress,1,False,5,34,qpu_B,0.0,0,0.0,0.2959348309202744,0.35
120,queue_stress,1,False,5,35,qpu_B,1.0,1,0.09964265908238187,0.2901123035459201,0.35
120,queue_stress,1,False,5,36,qpu_B,1.0,1,0.0062291686777490324,0.2995814513016684,0.35
120,queue_stress,1,False,5,37,qpu_B,0.1781676152188882,0,0.1781676152188882,0.29667101508647287,0.35
120,queue_stress,1,False,5,38,qpu_B,1.0,1,0.3873128794215912,0.30197448706845575,0.35
120,queue_stress,1,False,5,39,qpu_B,0.0,0,0.0,0.29863714291942084,0.35
120,queue_stress,1,False,5,40,qpu_B,1.0,1,0.6705062888472065,1.5536600120743622,0.35
120,queue_stress,1,False,5,41,qpu_B,1.0,1,0.09964265908238187,0.29268335252514394,0.35
120,queue_stress,1,False,5,42,qpu_B,1.0,1,0.2969135894745723,1.0037559688197064,0.35
120,queue_stress,1,False,5,43,qpu_B,0.00770851541560303,0,0.00770851541560303,0.2998117451921044,0.35
120,queue_stress,1,False,5,44,qpu_B,0.3661384783533855,0,0.3661384783533855,0.2990343746452053,0.35
120,queue_stress,1,False,5,45,qpu_B,0.0,0,0.0,0.3019215019637017,0.35
120,queue_stress,1,False,5,46,qpu_B,1.0,1,0.12258157243853758,0.902331243222464,0.35
120,queue_stress,1,False,5,47,qpu_B,1.0,1,1.8361405725251787,0.2921225592185282,0.35
120,queue_stress,1,False,5,48,qpu_B,1.0,1,0.1781676152188882,0.9475373347841242,0.35
120,queue_stress,1,False,5,49,qpu_B,0.06846506302782733,0,0.06846506302782733,0.2983712211420436,0.35
120,queue_stress,1,False,5,50,qpu_B,1.0,1,0.3873128794215912,1.2929653753173393,0.35
120,queue_stress,1,False,5,51,qpu_B,0.0,0,0.0,0.29768454750352735,0.35
120,queue_stress,1,False,5,52,qpu_B,0.08005980985626623,0,0.08005980985626623,0.29369689821077893,0.35
120,queue_stress,1,False,5,53,qpu_B,1.0,1,0.6834363269930471,1.0838664496711445,0.35
120,queue_stress,1,False,5,54,qpu_B,1.0,1,0.022938913356155895,0.9498798823594116,0.35
120,queue_stress,1,False,5,55,qpu_B,1.0,1,0.5189094723513364,0.2956718237117838,0.35
120,queue_stress,1,False,5,56,qpu_B,0.1781676152188882,0,0.1781676152188882,0.2955775379873472,0.35
120,queue_stress,1,False,5,57,qpu_B,0.1781676152188882,0,0.1781676152188882,0.2885295917992406,0.35
120,queue_stress,1,False,5,58,qpu_B,1.0,1,0.12258157243853758,0.2951389657500084,0.35
120,queue_stress,1,False,5,59,qpu_B,0.022938913356155895,0,0.022938913356155895,0.2914366146959929,0.35
120,queue_stress,1,False,5,60,qpu_B,0.0,0,0.0,0.2926182737836708,0.35
120,queue_stress,1,False,5,61,qpu_B,1.0,1,0.09964265908238187,0.29787082491034145,0.35
120,queue_stress,1,False,5,62,qpu_B,1.0,1,0.014436959281245158,0.2895510056807795,0.35
120,queue_stress,1,False,5,63,qpu_B,0.00770851541560303,0,0.00770851541560303,0.3105632087164547,0.35
120,queue_stress,1,False,5,64,qpu_B,1.0,1,0.09964265908238187,0.2950478324851363,0.35
120,queue_stress,1,False,5,65,qpu_B,0.1781676152188882,0,0.1781676152188882,0.29278752300283356,0.35
120,queue_stress,1,False,5,66,qpu_B,0.1781676152188882,0,0.1781676152188882,0.287988997775781,0.35
120,queue_stress,1,False,5,67,qpu_B,0.00770851541560303,0,0.00770851541560303,0.3001437434457854,0.35
120,queue_stress,1,False,5,68,qpu_B,1.0,1,0.09964265908238187,1.0898434392831984,0.35
120,queue_stress,1,False,5,69,qpu_B,1.0,1,0.0062291686777490324,0.2946701341796126,0.35
120,queue_stress,1,False,5,70,qpu_B,0.0,0,0.0,0.3000969015344186,0.35
120,queue_stress,1,False,5,71,qpu_B,0.0,0,0.0,0.28803363842237256,0.35
120,queue_stress,1,False,5,72,qpu_B,0.022938913356155895,0,0.022938913356155895,0.29716755306379017,0.35
120,queue_stress,1,False,5,73,qpu_B,0.0,0,0.0,0.2968789902018013,0.35
120,queue_stress,1,False,5,74,qpu_B,1.0,1,0.12258157243853758,1.3188588334728868,0.35
120,queue_stress,1,False,5,75,qpu_B,1.0,1,0.09964265908238187,0.2941386840126371,0.35
120,queue_stress,1,False,5,76,qpu_B,1.0,1,0.08005980985626623,0.9969467449289199,0.35
120,queue_stress,1,False,5,77,qpu_B,1.0,1,0.09964265908238187,0.9399402664191437,0.35
120,queue_stress,1,False,5,78,qpu_B,1.0,1,0.022938913356155895,1.6183947450726464,0.35
120,queue_stress,1,False,5,79,qpu_B,1.0,1,0.2969135894745723,0.29023036040934014,0.35
120,queue_stress,1,False,5,80,qpu_B,1.0,1,0.981515131631342,0.2876871760939932,0.35
120,queue_stress,1,False,5,81,qpu_B,1.0,1,0.0062291686777490324,1.575206844744985,0.35
120,queue_stress,1,False,5,82,qpu_B,1.0,1,1.8064978301903847,0.29142207857492575,0.35
120,queue_stress,1,False,5,83,qpu_B,1.0,1,0.635948867851211,0.291181881143435,0.35
120,queue_stress,1,False,5,84,qpu_B,1.0,1,0.6834363269930471,0.298601520425695,0.35
120,queue_stress,1,False,5,85,qpu_B,1.0,1,0.12258157243853758,0.29446777918711875,0.35
120,queue_stress,1,False,5,86,qpu_B,1.0,1,0.0062291686777490324,0.28995016878798413,0.35
120,queue_stress,1,False,5,87,qpu_B,0.08005980985626623,0,0.08005980985626623,0.2873406383173021,0.35
120,queue_stress,1,False,5,88,qpu_B,0.0,0,0.0,0.2908354902329283,0.35
120,queue_stress,1,False,5,89,qpu_B,0.1781676152188882,0,0.1781676152188882,0.29398952154306507,0.35
120,queue_stress,1,False,5,90,qpu_B,1.0,1,0.12258157243853758,1.1383658530052128,0.35
120,queue_stress,1,False,5,91,qpu_B,1.0,1,0.09964265908238187,0.2940725711222876,0.35
120,queue_stress,1,False,5,92,qpu_B,0.07667285363132327,0,0.07667285363132327,0.3013085405488004,0.35
120,queue_stress,1,False,5,93,qpu_B,1.0,1,0.3661384783533855,1.2249922297712221,0.35
120,queue_stress,1,False,5,94,qpu_B,0.06846506302782733,0,0.06846506302782733,0.2950255250506033,0.35
120,queue_stress,1,False,5,95,qpu_B,1.0,1,0.09964265908238187,1.4445663102493982,0.35
120,queue_stress,1,False,5,96,qpu_B,1.0,1,0.09964265908238187,1.029806717791537,0.35
120,queue_stress,1,False,5,97,qpu_B,0.1781676152188882,0,0.1781676152188882,0.29582566804475396,0.35
120,queue_stress,1,False,5,98,qpu_B,1.0,1,0.09964265908238187,0.29552526180717553,0.35
120,queue_stress,1,False,5,99,qpu_B,1.0,1,0.2805253825192938,0.2905173890359212,0.35
120,queue_stress,1,False,5,100,qpu_B,1.0,1,0.3039025840033074,1.258569352288489,0.35
120,queue_stress,1,False,5,101,qpu_B,0.00770851541560303,0,0.00770851541560303,0.29482626351054275,0.35
120,queue_stress,1,False,5,102,qpu_B,1.0,1,0.09964265908238187,0.2926971272999962,0.35
120,queue_stress,1,False,5,103,qpu_B,1.0,1,0.09964265908238187,0.2992838969339626,0.35
120,queue_stress,1,False,5,104,qpu_B,1.0,1,0.06846506302782733,1.6680473143359356,0.35
120,queue_stress,1,False,5,105,qpu_B,1.0,1,0.3873128794215912,0.29294900616315234,0.35
120,queue_stress,1,False,5,106,qpu_B,1.0,1,0.09964265908238187,0.2963454457178764,0.35
120,queue_stress,1,False,5,107,qpu_B,1.0,1,0.0,0.986338827465849,0.35
120,queue_stress,1,False,5,108,qpu_B,0.00770851541560303,0,0.00770851541560303,0.29843098620869835,0.35
120,queue_stress,1,False,5,109,qpu_B,0.1781676152188882,0,0.1781676152188882,0.29603081459255165,0.35
120,queue_stress,1,False,5,110,qpu_B,1.0,1,0.09964265908238187,0.2933146290049223,0.35
120,queue_stress,1,False,5,111,qpu_B,0.08776832527186926,0,0.08776832527186926,0.29377397172300573,0.35
120,queue_stress,1,False,5,112,qpu_B,1.0,1,0.0062291686777490324,0.29476892872143867,0.35
120,queue_stress,1,False,5,113,qpu_B,1.0,1,0.09964265908238187,0.2900357507447594,0.35
120,queue_stress,1,False,5,114,qpu_B,1.0,1,0.09964265908238187,0.30554797487086327,0.35
120,queue_stress,1,False,5,115,qpu_B,0.00770851541560303,0,0.00770851541560303,0.29066579917056257,0.35
120,queue_stress,1,False,5,116,qpu_B,1.0,1,0.3873128794215912,1.0672411285422394,0.35
120,queue_stress,1,False,5,117,qpu_B,0.1781676152188882,0,0.1781676152188882,0.3056066549070371,0.35
120,queue_stress,1,False,5,118,qpu_B,0.022938913356155895,0,0.022938913356155895,0.2921451971444774,0.35
120,queue_stress,1,False,5,119,qpu_B,1.0,1,0.00770851541560303,1.3793509482764097,0.35
